ISO-10303-21;
HEADER;
/* Generated by software containing ST-Developer
 * from STEP Tools, Inc. (www.steptools.com) 
 */

FILE_DESCRIPTION(
/* description */ (''),
/* implementation_level */ '2;1');

FILE_NAME(
/* name */ '',
/* time_stamp */ '2026-08-21T21:01:59+08:00',
/* author */ (''),
/* organization */ (''),
/* preprocessor_version */ 'ST-DEVELOPER v20.1',
/* originating_system */ 'Autodesk Translation Framework v15.8.0.0',
/* authorisation */ '');

FILE_SCHEMA (('AUTOMOTIVE_DESIGN { 1 0 10303 214 3 1 1 }'));
ENDSEC;

DATA;
#10=MECHANICAL_DESIGN_GEOMETRIC_PRESENTATION_REPRESENTATION('',(#26,#27),
#6519);
#11=ITEM_DEFINED_TRANSFORMATION($,$,#1842,#1962);
#12=ITEM_DEFINED_TRANSFORMATION($,$,#1935,#1963);
#13=(
REPRESENTATION_RELATIONSHIP($,$,#6533,#6532)
REPRESENTATION_RELATIONSHIP_WITH_TRANSFORMATION(#11)
SHAPE_REPRESENTATION_RELATIONSHIP()
);
#14=(
REPRESENTATION_RELATIONSHIP($,$,#6534,#6532)
REPRESENTATION_RELATIONSHIP_WITH_TRANSFORMATION(#12)
SHAPE_REPRESENTATION_RELATIONSHIP()
);
#15=CONTEXT_DEPENDENT_SHAPE_REPRESENTATION(#13,#6530);
#16=CONTEXT_DEPENDENT_SHAPE_REPRESENTATION(#14,#6531);
#17=NEXT_ASSEMBLY_USAGE_OCCURRENCE('\X2\624753F6\X0\:1','\X2\624753F6\X0\:
1','\X2\624753F6\X0\:1',#6536,#6537,'\X2\624753F6\X0\:1');
#18=NEXT_ASSEMBLY_USAGE_OCCURRENCE('\X2\6DA18F6E98CE6247591658F3\X0\:1',
'\X2\6DA18F6E98CE6247591658F3\X0\:1','\X2\6DA18F6E98CE6247591658F3\X0\:
1',#6536,#6538,'\X2\6DA18F6E98CE6247591658F3\X0\:1');
#19=FACE_BOUND('',#470,.T.);
#20=FACE_BOUND('',#479,.T.);
#21=FACE_BOUND('',#484,.T.);
#22=SHAPE_REPRESENTATION_RELATIONSHIP('SRR','None',#6533,#24);
#23=SHAPE_REPRESENTATION_RELATIONSHIP('SRR','None',#6534,#25);
#24=ADVANCED_BREP_SHAPE_REPRESENTATION('',(#28),#6517);
#25=ADVANCED_BREP_SHAPE_REPRESENTATION('',(#29),#6518);
#26=STYLED_ITEM('',(#6552),#28);
#27=STYLED_ITEM('',(#6553),#29);
#28=MANIFOLD_SOLID_BREP('\X2\624753F6\X0\',#1816);
#29=MANIFOLD_SOLID_BREP('\X2\6DA18F6E98CE6247591658F3\X0\',#1817);
#30=B_SPLINE_SURFACE_WITH_KNOTS('',3,1,((#3768,#3769),(#3770,#3771),(#3772,
#3773),(#3774,#3775),(#3776,#3777),(#3778,#3779),(#3780,#3781),(#3782,#3783),
(#3784,#3785),(#3786,#3787),(#3788,#3789),(#3790,#3791),(#3792,#3793),(#3794,
#3795),(#3796,#3797),(#3798,#3799),(#3800,#3801),(#3802,#3803),(#3804,#3805),
(#3806,#3807),(#3808,#3809),(#3810,#3811)),.UNSPECIFIED.,.F.,.F.,.F.,(4,
3,3,3,3,3,3,4),(2,2),(0.,0.217238887061549,0.354172236079159,0.477944039590846,
0.618154406369699,0.749715043717915,0.906784363490498,0.913107405702425),
(-0.0289687983041493,0.55),.UNSPECIFIED.);
#31=B_SPLINE_SURFACE_WITH_KNOTS('',3,1,((#3975,#3976),(#3977,#3978),(#3979,
#3980),(#3981,#3982),(#3983,#3984),(#3985,#3986),(#3987,#3988),(#3989,#3990),
(#3991,#3992),(#3993,#3994),(#3995,#3996),(#3997,#3998),(#3999,#4000),(#4001,
#4002),(#4003,#4004),(#4005,#4006),(#4007,#4008),(#4009,#4010),(#4011,#4012),
(#4013,#4014),(#4015,#4016),(#4017,#4018)),.UNSPECIFIED.,.F.,.F.,.F.,(4,
3,3,3,3,3,3,4),(2,2),(0.,0.217238887061545,0.354172236079153,0.477944039590837,
0.618154406369688,0.749715043717901,0.906784363490481,0.913107405702425),
(-0.0289687983041493,0.55),.UNSPECIFIED.);
#32=B_SPLINE_SURFACE_WITH_KNOTS('',3,1,((#4182,#4183),(#4184,#4185),(#4186,
#4187),(#4188,#4189),(#4190,#4191),(#4192,#4193),(#4194,#4195),(#4196,#4197),
(#4198,#4199),(#4200,#4201),(#4202,#4203),(#4204,#4205),(#4206,#4207),(#4208,
#4209),(#4210,#4211),(#4212,#4213),(#4214,#4215),(#4216,#4217),(#4218,#4219),
(#4220,#4221),(#4222,#4223),(#4224,#4225)),.UNSPECIFIED.,.F.,.F.,.F.,(4,
3,3,3,3,3,3,4),(2,2),(0.,0.217238887061544,0.354172236079152,0.477944039590837,
0.618154406369687,0.7497150437179,0.90678436349048,0.913107405702425),(-0.0289687983041493,
0.55),.UNSPECIFIED.);
#33=B_SPLINE_SURFACE_WITH_KNOTS('',3,1,((#4367,#4368),(#4369,#4370),(#4371,
#4372),(#4373,#4374),(#4375,#4376),(#4377,#4378),(#4379,#4380),(#4381,#4382),
(#4383,#4384),(#4385,#4386),(#4387,#4388),(#4389,#4390),(#4391,#4392),(#4393,
#4394),(#4395,#4396),(#4397,#4398),(#4399,#4400),(#4401,#4402),(#4403,#4404),
(#4405,#4406),(#4407,#4408),(#4409,#4410)),.UNSPECIFIED.,.F.,.F.,.F.,(4,
3,3,3,3,3,3,4),(2,2),(0.,0.217238887061544,0.354172236079151,0.477944039590835,
0.618154406369685,0.749715043717897,0.906784363490477,0.913107405702425),
(-0.0289687983041493,0.55),.UNSPECIFIED.);
#34=B_SPLINE_SURFACE_WITH_KNOTS('',3,1,((#4552,#4553),(#4554,#4555),(#4556,
#4557),(#4558,#4559),(#4560,#4561),(#4562,#4563),(#4564,#4565),(#4566,#4567),
(#4568,#4569),(#4570,#4571),(#4572,#4573),(#4574,#4575),(#4576,#4577),(#4578,
#4579),(#4580,#4581),(#4582,#4583),(#4584,#4585),(#4586,#4587),(#4588,#4589),
(#4590,#4591),(#4592,#4593),(#4594,#4595)),.UNSPECIFIED.,.F.,.F.,.F.,(4,
3,3,3,3,3,3,4),(2,2),(0.,0.217238887061545,0.354172236079154,0.477944039590839,
0.61815440636969,0.749715043717904,0.906784363490484,0.913107405702425),
(-0.0289687983041493,0.55),.UNSPECIFIED.);
#35=B_SPLINE_SURFACE_WITH_KNOTS('',3,1,((#4737,#4738),(#4739,#4740),(#4741,
#4742),(#4743,#4744),(#4745,#4746),(#4747,#4748),(#4749,#4750),(#4751,#4752),
(#4753,#4754),(#4755,#4756),(#4757,#4758),(#4759,#4760),(#4761,#4762),(#4763,
#4764),(#4765,#4766),(#4767,#4768),(#4769,#4770),(#4771,#4772),(#4773,#4774),
(#4775,#4776),(#4777,#4778),(#4779,#4780)),.UNSPECIFIED.,.F.,.F.,.F.,(4,
3,3,3,3,3,3,4),(2,2),(0.,0.217238887061547,0.354172236079156,0.477944039590842,
0.618154406369693,0.749715043717908,0.906784363490489,0.913107405702425),
(-0.0289687983041493,0.55),.UNSPECIFIED.);
#36=B_SPLINE_SURFACE_WITH_KNOTS('',3,1,((#4922,#4923),(#4924,#4925),(#4926,
#4927),(#4928,#4929),(#4930,#4931),(#4932,#4933),(#4934,#4935),(#4936,#4937),
(#4938,#4939),(#4940,#4941),(#4942,#4943),(#4944,#4945),(#4946,#4947),(#4948,
#4949),(#4950,#4951),(#4952,#4953),(#4954,#4955),(#4956,#4957),(#4958,#4959),
(#4960,#4961),(#4962,#4963),(#4964,#4965)),.UNSPECIFIED.,.F.,.F.,.F.,(4,
3,3,3,3,3,3,4),(2,2),(0.,0.217238887061546,0.354172236079155,0.47794403959084,
0.618154406369691,0.749715043717905,0.906784363490486,0.913107405702425),
(-0.0289687983041493,0.55),.UNSPECIFIED.);
#37=B_SPLINE_SURFACE_WITH_KNOTS('',3,1,((#5129,#5130),(#5131,#5132),(#5133,
#5134),(#5135,#5136),(#5137,#5138),(#5139,#5140),(#5141,#5142),(#5143,#5144),
(#5145,#5146),(#5147,#5148),(#5149,#5150),(#5151,#5152),(#5153,#5154),(#5155,
#5156),(#5157,#5158),(#5159,#5160),(#5161,#5162),(#5163,#5164),(#5165,#5166),
(#5167,#5168),(#5169,#5170),(#5171,#5172)),.UNSPECIFIED.,.F.,.F.,.F.,(4,
3,3,3,3,3,3,4),(2,2),(0.,0.217238887061544,0.354172236079151,0.477944039590835,
0.618154406369685,0.749715043717898,0.906784363490477,0.913107405702425),
(-0.0289687983041493,0.55),.UNSPECIFIED.);
#38=B_SPLINE_SURFACE_WITH_KNOTS('',3,1,((#5292,#5293),(#5294,#5295),(#5296,
#5297),(#5298,#5299),(#5300,#5301),(#5302,#5303),(#5304,#5305),(#5306,#5307),
(#5308,#5309),(#5310,#5311),(#5312,#5313),(#5314,#5315),(#5316,#5317),(#5318,
#5319),(#5320,#5321),(#5322,#5323),(#5324,#5325),(#5326,#5327),(#5328,#5329),
(#5330,#5331),(#5332,#5333),(#5334,#5335)),.UNSPECIFIED.,.F.,.F.,.F.,(4,
3,3,3,3,3,3,4),(2,2),(0.,0.217238887061545,0.354172236079154,0.477944039590839,
0.61815440636969,0.749715043717903,0.906784363490484,0.913107405702425),
(-0.0289687983041493,0.55),.UNSPECIFIED.);
#39=B_SPLINE_SURFACE_WITH_KNOTS('',3,1,((#5477,#5478),(#5479,#5480),(#5481,
#5482),(#5483,#5484),(#5485,#5486),(#5487,#5488),(#5489,#5490),(#5491,#5492),
(#5493,#5494),(#5495,#5496),(#5497,#5498),(#5499,#5500),(#5501,#5502),(#5503,
#5504),(#5505,#5506),(#5507,#5508),(#5509,#5510),(#5511,#5512),(#5513,#5514),
(#5515,#5516),(#5517,#5518),(#5519,#5520)),.UNSPECIFIED.,.F.,.F.,.F.,(4,
3,3,3,3,3,3,4),(2,2),(0.,0.217238887061545,0.354172236079154,0.477944039590839,
0.61815440636969,0.749715043717904,0.906784363490484,0.913107405702425),
(-0.0289687983041493,0.55),.UNSPECIFIED.);
#40=B_SPLINE_SURFACE_WITH_KNOTS('',3,1,((#5684,#5685),(#5686,#5687),(#5688,
#5689),(#5690,#5691),(#5692,#5693),(#5694,#5695),(#5696,#5697),(#5698,#5699),
(#5700,#5701),(#5702,#5703),(#5704,#5705),(#5706,#5707),(#5708,#5709),(#5710,
#5711),(#5712,#5713),(#5714,#5715),(#5716,#5717),(#5718,#5719),(#5720,#5721),
(#5722,#5723),(#5724,#5725),(#5726,#5727)),.UNSPECIFIED.,.F.,.F.,.F.,(4,
3,3,3,3,3,3,4),(2,2),(0.,0.217238887061546,0.354172236079156,0.477944039590842,
0.618154406369693,0.749715043717908,0.906784363490489,0.913107405702425),
(-0.0289687983041493,0.55),.UNSPECIFIED.);
#41=B_SPLINE_SURFACE_WITH_KNOTS('',3,1,((#5869,#5870),(#5871,#5872),(#5873,
#5874),(#5875,#5876),(#5877,#5878),(#5879,#5880),(#5881,#5882),(#5883,#5884),
(#5885,#5886),(#5887,#5888),(#5889,#5890),(#5891,#5892),(#5893,#5894),(#5895,
#5896),(#5897,#5898),(#5899,#5900),(#5901,#5902),(#5903,#5904),(#5905,#5906),
(#5907,#5908),(#5909,#5910),(#5911,#5912)),.UNSPECIFIED.,.F.,.F.,.F.,(4,
3,3,3,3,3,3,4),(2,2),(0.,0.217238887061545,0.354172236079153,0.477944039590838,
0.618154406369688,0.749715043717901,0.906784363490481,0.913107405702425),
(-0.0289687983041493,0.55),.UNSPECIFIED.);
#42=B_SPLINE_SURFACE_WITH_KNOTS('',3,1,((#6032,#6033),(#6034,#6035),(#6036,
#6037),(#6038,#6039),(#6040,#6041),(#6042,#6043),(#6044,#6045),(#6046,#6047),
(#6048,#6049),(#6050,#6051),(#6052,#6053),(#6054,#6055),(#6056,#6057),(#6058,
#6059),(#6060,#6061),(#6062,#6063),(#6064,#6065),(#6066,#6067),(#6068,#6069),
(#6070,#6071),(#6072,#6073),(#6074,#6075)),.UNSPECIFIED.,.F.,.F.,.F.,(4,
3,3,3,3,3,3,4),(2,2),(0.,0.217238887061546,0.354172236079156,0.477944039590841,
0.618154406369693,0.749715043717907,0.906784363490488,0.913107405702425),
(-0.0289687983041493,0.55),.UNSPECIFIED.);
#43=B_SPLINE_SURFACE_WITH_KNOTS('',3,1,((#6195,#6196),(#6197,#6198),(#6199,
#6200),(#6201,#6202),(#6203,#6204),(#6205,#6206),(#6207,#6208),(#6209,#6210),
(#6211,#6212),(#6213,#6214),(#6215,#6216),(#6217,#6218),(#6219,#6220),(#6221,
#6222),(#6223,#6224),(#6225,#6226),(#6227,#6228),(#6229,#6230),(#6231,#6232),
(#6233,#6234),(#6235,#6236),(#6237,#6238)),.UNSPECIFIED.,.F.,.F.,.F.,(4,
3,3,3,3,3,3,4),(2,2),(0.,0.217238887061545,0.354172236079154,0.477944039590839,
0.61815440636969,0.749715043717903,0.906784363490484,0.913107405702425),
(-0.0289687983041493,0.55),.UNSPECIFIED.);
#44=B_SPLINE_SURFACE_WITH_KNOTS('',3,1,((#6380,#6381),(#6382,#6383),(#6384,
#6385),(#6386,#6387),(#6388,#6389),(#6390,#6391),(#6392,#6393),(#6394,#6395),
(#6396,#6397),(#6398,#6399),(#6400,#6401),(#6402,#6403),(#6404,#6405),(#6406,
#6407),(#6408,#6409),(#6410,#6411),(#6412,#6413),(#6414,#6415),(#6416,#6417),
(#6418,#6419),(#6420,#6421),(#6422,#6423)),.UNSPECIFIED.,.F.,.F.,.F.,(4,
3,3,3,3,3,3,4),(2,2),(0.,0.217238887061548,0.354172236079158,0.477944039590845,
0.618154406369697,0.749715043717912,0.906784363490495,0.913107405702425),
(-0.0289687983041493,0.55),.UNSPECIFIED.);
#45=PLANE('',#1888);
#46=PLANE('',#1934);
#47=PLANE('',#1939);
#48=PLANE('',#1940);
#49=PLANE('',#1941);
#50=PLANE('',#1942);
#51=PLANE('',#1943);
#52=PLANE('',#1947);
#53=PLANE('',#1948);
#54=PLANE('',#1954);
#55=PLANE('',#1955);
#56=PLANE('',#1959);
#57=PLANE('',#1961);
#58=LINE('',#3007,#162);
#59=LINE('',#3017,#163);
#60=LINE('',#3049,#164);
#61=LINE('',#3059,#165);
#62=LINE('',#3091,#166);
#63=LINE('',#3101,#167);
#64=LINE('',#3133,#168);
#65=LINE('',#3143,#169);
#66=LINE('',#3175,#170);
#67=LINE('',#3185,#171);
#68=LINE('',#3217,#172);
#69=LINE('',#3227,#173);
#70=LINE('',#3259,#174);
#71=LINE('',#3269,#175);
#72=LINE('',#3301,#176);
#73=LINE('',#3311,#177);
#74=LINE('',#3343,#178);
#75=LINE('',#3353,#179);
#76=LINE('',#3385,#180);
#77=LINE('',#3395,#181);
#78=LINE('',#3427,#182);
#79=LINE('',#3437,#183);
#80=LINE('',#3469,#184);
#81=LINE('',#3479,#185);
#82=LINE('',#3511,#186);
#83=LINE('',#3521,#187);
#84=LINE('',#3553,#188);
#85=LINE('',#3563,#189);
#86=LINE('',#3595,#190);
#87=LINE('',#3605,#191);
#88=LINE('',#3608,#192);
#89=LINE('',#3611,#193);
#90=LINE('',#3614,#194);
#91=LINE('',#3617,#195);
#92=LINE('',#3620,#196);
#93=LINE('',#3623,#197);
#94=LINE('',#3626,#198);
#95=LINE('',#3629,#199);
#96=LINE('',#3632,#200);
#97=LINE('',#3635,#201);
#98=LINE('',#3638,#202);
#99=LINE('',#3641,#203);
#100=LINE('',#3644,#204);
#101=LINE('',#3647,#205);
#102=LINE('',#3650,#206);
#103=LINE('',#3753,#207);
#104=LINE('',#3834,#208);
#105=LINE('',#3960,#209);
#106=LINE('',#4041,#210);
#107=LINE('',#4167,#211);
#108=LINE('',#4248,#212);
#109=LINE('',#4352,#213);
#110=LINE('',#4411,#214);
#111=LINE('',#4537,#215);
#112=LINE('',#4596,#216);
#113=LINE('',#4722,#217);
#114=LINE('',#4781,#218);
#115=LINE('',#4907,#219);
#116=LINE('',#4988,#220);
#117=LINE('',#5114,#221);
#118=LINE('',#5173,#222);
#119=LINE('',#5277,#223);
#120=LINE('',#5336,#224);
#121=LINE('',#5462,#225);
#122=LINE('',#5543,#226);
#123=LINE('',#5669,#227);
#124=LINE('',#5728,#228);
#125=LINE('',#5854,#229);
#126=LINE('',#5913,#230);
#127=LINE('',#6017,#231);
#128=LINE('',#6076,#232);
#129=LINE('',#6180,#233);
#130=LINE('',#6261,#234);
#131=LINE('',#6365,#235);
#132=LINE('',#6424,#236);
#133=LINE('',#6433,#237);
#134=LINE('',#6438,#238);
#135=LINE('',#6440,#239);
#136=LINE('',#6442,#240);
#137=LINE('',#6443,#241);
#138=LINE('',#6446,#242);
#139=LINE('',#6448,#243);
#140=LINE('',#6449,#244);
#141=LINE('',#6452,#245);
#142=LINE('',#6454,#246);
#143=LINE('',#6455,#247);
#144=LINE('',#6457,#248);
#145=LINE('',#6458,#249);
#146=LINE('',#6465,#250);
#147=LINE('',#6468,#251);
#148=LINE('',#6471,#252);
#149=LINE('',#6473,#253);
#150=LINE('',#6474,#254);
#151=LINE('',#6477,#255);
#152=LINE('',#6481,#256);
#153=LINE('',#6485,#257);
#154=LINE('',#6489,#258);
#155=LINE('',#6492,#259);
#156=LINE('',#6495,#260);
#157=LINE('',#6496,#261);
#158=LINE('',#6501,#262);
#159=LINE('',#6503,#263);
#160=LINE('',#6505,#264);
#161=LINE('',#6507,#265);
#162=VECTOR('',#2058,10.);
#163=VECTOR('',#2059,10.);
#164=VECTOR('',#2060,10.);
#165=VECTOR('',#2061,10.);
#166=VECTOR('',#2062,10.);
#167=VECTOR('',#2063,10.);
#168=VECTOR('',#2064,10.);
#169=VECTOR('',#2065,10.);
#170=VECTOR('',#2066,10.);
#171=VECTOR('',#2067,10.);
#172=VECTOR('',#2068,10.);
#173=VECTOR('',#2069,10.);
#174=VECTOR('',#2070,10.);
#175=VECTOR('',#2071,10.);
#176=VECTOR('',#2072,10.);
#177=VECTOR('',#2073,10.);
#178=VECTOR('',#2074,10.);
#179=VECTOR('',#2075,10.);
#180=VECTOR('',#2076,10.);
#181=VECTOR('',#2077,10.);
#182=VECTOR('',#2078,10.);
#183=VECTOR('',#2079,10.);
#184=VECTOR('',#2080,10.);
#185=VECTOR('',#2081,10.);
#186=VECTOR('',#2082,10.);
#187=VECTOR('',#2083,10.);
#188=VECTOR('',#2084,10.);
#189=VECTOR('',#2085,10.);
#190=VECTOR('',#2086,10.);
#191=VECTOR('',#2087,10.);
#192=VECTOR('',#2090,10.);
#193=VECTOR('',#2093,10.);
#194=VECTOR('',#2096,10.);
#195=VECTOR('',#2099,10.);
#196=VECTOR('',#2102,10.);
#197=VECTOR('',#2105,10.);
#198=VECTOR('',#2108,10.);
#199=VECTOR('',#2111,10.);
#200=VECTOR('',#2114,10.);
#201=VECTOR('',#2117,10.);
#202=VECTOR('',#2120,10.);
#203=VECTOR('',#2123,10.);
#204=VECTOR('',#2126,10.);
#205=VECTOR('',#2129,10.);
#206=VECTOR('',#2132,10.);
#207=VECTOR('',#2135,10.);
#208=VECTOR('',#2136,10.);
#209=VECTOR('',#2141,10.);
#210=VECTOR('',#2142,10.);
#211=VECTOR('',#2147,10.);
#212=VECTOR('',#2148,10.);
#213=VECTOR('',#2153,10.);
#214=VECTOR('',#2154,10.);
#215=VECTOR('',#2159,10.);
#216=VECTOR('',#2160,10.);
#217=VECTOR('',#2165,10.);
#218=VECTOR('',#2166,10.);
#219=VECTOR('',#2171,10.);
#220=VECTOR('',#2172,10.);
#221=VECTOR('',#2177,10.);
#222=VECTOR('',#2178,10.);
#223=VECTOR('',#2183,10.);
#224=VECTOR('',#2184,10.);
#225=VECTOR('',#2189,10.);
#226=VECTOR('',#2190,10.);
#227=VECTOR('',#2195,10.);
#228=VECTOR('',#2196,10.);
#229=VECTOR('',#2201,10.);
#230=VECTOR('',#2202,10.);
#231=VECTOR('',#2207,10.);
#232=VECTOR('',#2208,10.);
#233=VECTOR('',#2213,10.);
#234=VECTOR('',#2214,10.);
#235=VECTOR('',#2219,10.);
#236=VECTOR('',#2220,10.);
#237=VECTOR('',#2233,10.);
#238=VECTOR('',#2238,10.);
#239=VECTOR('',#2239,10.);
#240=VECTOR('',#2240,10.);
#241=VECTOR('',#2241,10.);
#242=VECTOR('',#2244,10.);
#243=VECTOR('',#2245,10.);
#244=VECTOR('',#2246,10.);
#245=VECTOR('',#2249,10.);
#246=VECTOR('',#2250,10.);
#247=VECTOR('',#2251,10.);
#248=VECTOR('',#2254,10.);
#249=VECTOR('',#2255,10.);
#250=VECTOR('',#2262,10.);
#251=VECTOR('',#2265,10.);
#252=VECTOR('',#2268,10.);
#253=VECTOR('',#2269,10.);
#254=VECTOR('',#2270,10.);
#255=VECTOR('',#2273,10.);
#256=VECTOR('',#2276,10.);
#257=VECTOR('',#2279,10.);
#258=VECTOR('',#2284,10.);
#259=VECTOR('',#2287,10.);
#260=VECTOR('',#2290,10.);
#261=VECTOR('',#2291,10.);
#262=VECTOR('',#2296,10.);
#263=VECTOR('',#2299,10.);
#264=VECTOR('',#2302,10.);
#265=VECTOR('',#2305,10.);
#266=(
BOUNDED_SURFACE()
B_SPLINE_SURFACE(5,1,((#2976,#2977),(#2978,#2979),(#2980,#2981),(#2982,
#2983),(#2984,#2985),(#2986,#2987),(#2988,#2989),(#2990,#2991),(#2992,#2993),
(#2994,#2995),(#2996,#2997),(#2998,#2999),(#3000,#3001),(#3002,#3003),(#3004,
#3005)),.UNSPECIFIED.,.F.,.F.,.F.)
B_SPLINE_SURFACE_WITH_KNOTS((6,1,1,1,1,1,1,1,1,1,6),(2,2),(-1.,-0.9,-0.8,
-0.7,-0.6,-0.5,-0.4,-0.3,-0.2,-0.1,0.),(-0.00839201186689342,0.55),
 .UNSPECIFIED.)
GEOMETRIC_REPRESENTATION_ITEM()
RATIONAL_B_SPLINE_SURFACE(((1.,1.),(1.,1.),(1.,1.),(1.,1.),(1.,1.),(1.,
1.),(1.,1.),(1.,1.),(1.,1.),(1.,1.),(1.,1.),(1.,1.),(1.,1.),(1.,1.),(1.,
1.)))
REPRESENTATION_ITEM('')
SURFACE()
);
#267=(
BOUNDED_SURFACE()
B_SPLINE_SURFACE(5,1,((#3018,#3019),(#3020,#3021),(#3022,#3023),(#3024,
#3025),(#3026,#3027),(#3028,#3029),(#3030,#3031),(#3032,#3033),(#3034,#3035),
(#3036,#3037),(#3038,#3039),(#3040,#3041),(#3042,#3043),(#3044,#3045),(#3046,
#3047)),.UNSPECIFIED.,.F.,.F.,.F.)
B_SPLINE_SURFACE_WITH_KNOTS((6,1,1,1,1,1,1,1,1,1,6),(2,2),(-1.,-0.9,-0.8,
-0.7,-0.6,-0.5,-0.4,-0.3,-0.2,-0.1,0.),(-0.00839201186689342,0.55),
 .UNSPECIFIED.)
GEOMETRIC_REPRESENTATION_ITEM()
RATIONAL_B_SPLINE_SURFACE(((1.,1.),(1.,1.),(1.,1.),(1.,1.),(1.,1.),(1.,
1.),(1.,1.),(1.,1.),(1.,1.),(1.,1.),(1.,1.),(1.,1.),(1.,1.),(1.,1.),(1.,
1.)))
REPRESENTATION_ITEM('')
SURFACE()
);
#268=(
BOUNDED_SURFACE()
B_SPLINE_SURFACE(5,1,((#3060,#3061),(#3062,#3063),(#3064,#3065),(#3066,
#3067),(#3068,#3069),(#3070,#3071),(#3072,#3073),(#3074,#3075),(#3076,#3077),
(#3078,#3079),(#3080,#3081),(#3082,#3083),(#3084,#3085),(#3086,#3087),(#3088,
#3089)),.UNSPECIFIED.,.F.,.F.,.F.)
B_SPLINE_SURFACE_WITH_KNOTS((6,1,1,1,1,1,1,1,1,1,6),(2,2),(-1.,-0.9,-0.8,
-0.7,-0.6,-0.5,-0.4,-0.3,-0.2,-0.1,0.),(-0.00839201186689342,0.55),
 .UNSPECIFIED.)
GEOMETRIC_REPRESENTATION_ITEM()
RATIONAL_B_SPLINE_SURFACE(((1.,1.),(1.,1.),(1.,1.),(1.,1.),(1.,1.),(1.,
1.),(1.,1.),(1.,1.),(1.,1.),(1.,1.),(1.,1.),(1.,1.),(1.,1.),(1.,1.),(1.,
1.)))
REPRESENTATION_ITEM('')
SURFACE()
);
#269=(
BOUNDED_SURFACE()
B_SPLINE_SURFACE(5,1,((#3102,#3103),(#3104,#3105),(#3106,#3107),(#3108,
#3109),(#3110,#3111),(#3112,#3113),(#3114,#3115),(#3116,#3117),(#3118,#3119),
(#3120,#3121),(#3122,#3123),(#3124,#3125),(#3126,#3127),(#3128,#3129),(#3130,
#3131)),.UNSPECIFIED.,.F.,.F.,.F.)
B_SPLINE_SURFACE_WITH_KNOTS((6,1,1,1,1,1,1,1,1,1,6),(2,2),(-1.,-0.9,-0.8,
-0.7,-0.6,-0.5,-0.4,-0.3,-0.2,-0.1,0.),(-0.00839201186689342,0.55),
 .UNSPECIFIED.)
GEOMETRIC_REPRESENTATION_ITEM()
RATIONAL_B_SPLINE_SURFACE(((1.,1.),(1.,1.),(1.,1.),(1.,1.),(1.,1.),(1.,
1.),(1.,1.),(1.,1.),(1.,1.),(1.,1.),(1.,1.),(1.,1.),(1.,1.),(1.,1.),(1.,
1.)))
REPRESENTATION_ITEM('')
SURFACE()
);
#270=(
BOUNDED_SURFACE()
B_SPLINE_SURFACE(5,1,((#3144,#3145),(#3146,#3147),(#3148,#3149),(#3150,
#3151),(#3152,#3153),(#3154,#3155),(#3156,#3157),(#3158,#3159),(#3160,#3161),
(#3162,#3163),(#3164,#3165),(#3166,#3167),(#3168,#3169),(#3170,#3171),(#3172,
#3173)),.UNSPECIFIED.,.F.,.F.,.F.)
B_SPLINE_SURFACE_WITH_KNOTS((6,1,1,1,1,1,1,1,1,1,6),(2,2),(-1.,-0.9,-0.8,
-0.7,-0.6,-0.5,-0.4,-0.3,-0.2,-0.1,0.),(-0.00839201186689342,0.55),
 .UNSPECIFIED.)
GEOMETRIC_REPRESENTATION_ITEM()
RATIONAL_B_SPLINE_SURFACE(((1.,1.),(1.,1.),(1.,1.),(1.,1.),(1.,1.),(1.,
1.),(1.,1.),(1.,1.),(1.,1.),(1.,1.),(1.,1.),(1.,1.),(1.,1.),(1.,1.),(1.,
1.)))
REPRESENTATION_ITEM('')
SURFACE()
);
#271=(
BOUNDED_SURFACE()
B_SPLINE_SURFACE(5,1,((#3186,#3187),(#3188,#3189),(#3190,#3191),(#3192,
#3193),(#3194,#3195),(#3196,#3197),(#3198,#3199),(#3200,#3201),(#3202,#3203),
(#3204,#3205),(#3206,#3207),(#3208,#3209),(#3210,#3211),(#3212,#3213),(#3214,
#3215)),.UNSPECIFIED.,.F.,.F.,.F.)
B_SPLINE_SURFACE_WITH_KNOTS((6,1,1,1,1,1,1,1,1,1,6),(2,2),(-1.,-0.9,-0.8,
-0.7,-0.6,-0.5,-0.4,-0.3,-0.2,-0.1,0.),(-0.00839201186689342,0.55),
 .UNSPECIFIED.)
GEOMETRIC_REPRESENTATION_ITEM()
RATIONAL_B_SPLINE_SURFACE(((1.,1.),(1.,1.),(1.,1.),(1.,1.),(1.,1.),(1.,
1.),(1.,1.),(1.,1.),(1.,1.),(1.,1.),(1.,1.),(1.,1.),(1.,1.),(1.,1.),(1.,
1.)))
REPRESENTATION_ITEM('')
SURFACE()
);
#272=(
BOUNDED_SURFACE()
B_SPLINE_SURFACE(5,1,((#3228,#3229),(#3230,#3231),(#3232,#3233),(#3234,
#3235),(#3236,#3237),(#3238,#3239),(#3240,#3241),(#3242,#3243),(#3244,#3245),
(#3246,#3247),(#3248,#3249),(#3250,#3251),(#3252,#3253),(#3254,#3255),(#3256,
#3257)),.UNSPECIFIED.,.F.,.F.,.F.)
B_SPLINE_SURFACE_WITH_KNOTS((6,1,1,1,1,1,1,1,1,1,6),(2,2),(-1.,-0.9,-0.8,
-0.7,-0.6,-0.5,-0.4,-0.3,-0.2,-0.1,0.),(-0.00839201186689342,0.55),
 .UNSPECIFIED.)
GEOMETRIC_REPRESENTATION_ITEM()
RATIONAL_B_SPLINE_SURFACE(((1.,1.),(1.,1.),(1.,1.),(1.,1.),(1.,1.),(1.,
1.),(1.,1.),(1.,1.),(1.,1.),(1.,1.),(1.,1.),(1.,1.),(1.,1.),(1.,1.),(1.,
1.)))
REPRESENTATION_ITEM('')
SURFACE()
);
#273=(
BOUNDED_SURFACE()
B_SPLINE_SURFACE(5,1,((#3270,#3271),(#3272,#3273),(#3274,#3275),(#3276,
#3277),(#3278,#3279),(#3280,#3281),(#3282,#3283),(#3284,#3285),(#3286,#3287),
(#3288,#3289),(#3290,#3291),(#3292,#3293),(#3294,#3295),(#3296,#3297),(#3298,
#3299)),.UNSPECIFIED.,.F.,.F.,.F.)
B_SPLINE_SURFACE_WITH_KNOTS((6,1,1,1,1,1,1,1,1,1,6),(2,2),(-1.,-0.9,-0.8,
-0.7,-0.6,-0.5,-0.4,-0.3,-0.2,-0.1,0.),(-0.00839201186689342,0.55),
 .UNSPECIFIED.)
GEOMETRIC_REPRESENTATION_ITEM()
RATIONAL_B_SPLINE_SURFACE(((1.,1.),(1.,1.),(1.,1.),(1.,1.),(1.,1.),(1.,
1.),(1.,1.),(1.,1.),(1.,1.),(1.,1.),(1.,1.),(1.,1.),(1.,1.),(1.,1.),(1.,
1.)))
REPRESENTATION_ITEM('')
SURFACE()
);
#274=(
BOUNDED_SURFACE()
B_SPLINE_SURFACE(5,1,((#3312,#3313),(#3314,#3315),(#3316,#3317),(#3318,
#3319),(#3320,#3321),(#3322,#3323),(#3324,#3325),(#3326,#3327),(#3328,#3329),
(#3330,#3331),(#3332,#3333),(#3334,#3335),(#3336,#3337),(#3338,#3339),(#3340,
#3341)),.UNSPECIFIED.,.F.,.F.,.F.)
B_SPLINE_SURFACE_WITH_KNOTS((6,1,1,1,1,1,1,1,1,1,6),(2,2),(-1.,-0.9,-0.8,
-0.7,-0.6,-0.5,-0.4,-0.3,-0.2,-0.1,0.),(-0.00839201186689342,0.55),
 .UNSPECIFIED.)
GEOMETRIC_REPRESENTATION_ITEM()
RATIONAL_B_SPLINE_SURFACE(((1.,1.),(1.,1.),(1.,1.),(1.,1.),(1.,1.),(1.,
1.),(1.,1.),(1.,1.),(1.,1.),(1.,1.),(1.,1.),(1.,1.),(1.,1.),(1.,1.),(1.,
1.)))
REPRESENTATION_ITEM('')
SURFACE()
);
#275=(
BOUNDED_SURFACE()
B_SPLINE_SURFACE(5,1,((#3354,#3355),(#3356,#3357),(#3358,#3359),(#3360,
#3361),(#3362,#3363),(#3364,#3365),(#3366,#3367),(#3368,#3369),(#3370,#3371),
(#3372,#3373),(#3374,#3375),(#3376,#3377),(#3378,#3379),(#3380,#3381),(#3382,
#3383)),.UNSPECIFIED.,.F.,.F.,.F.)
B_SPLINE_SURFACE_WITH_KNOTS((6,1,1,1,1,1,1,1,1,1,6),(2,2),(-1.,-0.9,-0.8,
-0.7,-0.6,-0.5,-0.4,-0.3,-0.2,-0.1,0.),(-0.00839201186689342,0.55),
 .UNSPECIFIED.)
GEOMETRIC_REPRESENTATION_ITEM()
RATIONAL_B_SPLINE_SURFACE(((1.,1.),(1.,1.),(1.,1.),(1.,1.),(1.,1.),(1.,
1.),(1.,1.),(1.,1.),(1.,1.),(1.,1.),(1.,1.),(1.,1.),(1.,1.),(1.,1.),(1.,
1.)))
REPRESENTATION_ITEM('')
SURFACE()
);
#276=(
BOUNDED_SURFACE()
B_SPLINE_SURFACE(5,1,((#3396,#3397),(#3398,#3399),(#3400,#3401),(#3402,
#3403),(#3404,#3405),(#3406,#3407),(#3408,#3409),(#3410,#3411),(#3412,#3413),
(#3414,#3415),(#3416,#3417),(#3418,#3419),(#3420,#3421),(#3422,#3423),(#3424,
#3425)),.UNSPECIFIED.,.F.,.F.,.F.)
B_SPLINE_SURFACE_WITH_KNOTS((6,1,1,1,1,1,1,1,1,1,6),(2,2),(-1.,-0.9,-0.8,
-0.7,-0.6,-0.5,-0.4,-0.3,-0.2,-0.1,0.),(-0.00839201186689342,0.55),
 .UNSPECIFIED.)
GEOMETRIC_REPRESENTATION_ITEM()
RATIONAL_B_SPLINE_SURFACE(((1.,1.),(1.,1.),(1.,1.),(1.,1.),(1.,1.),(1.,
1.),(1.,1.),(1.,1.),(1.,1.),(1.,1.),(1.,1.),(1.,1.),(1.,1.),(1.,1.),(1.,
1.)))
REPRESENTATION_ITEM('')
SURFACE()
);
#277=(
BOUNDED_SURFACE()
B_SPLINE_SURFACE(5,1,((#3438,#3439),(#3440,#3441),(#3442,#3443),(#3444,
#3445),(#3446,#3447),(#3448,#3449),(#3450,#3451),(#3452,#3453),(#3454,#3455),
(#3456,#3457),(#3458,#3459),(#3460,#3461),(#3462,#3463),(#3464,#3465),(#3466,
#3467)),.UNSPECIFIED.,.F.,.F.,.F.)
B_SPLINE_SURFACE_WITH_KNOTS((6,1,1,1,1,1,1,1,1,1,6),(2,2),(-1.,-0.9,-0.8,
-0.7,-0.6,-0.5,-0.4,-0.3,-0.2,-0.1,0.),(-0.00839201186689342,0.55),
 .UNSPECIFIED.)
GEOMETRIC_REPRESENTATION_ITEM()
RATIONAL_B_SPLINE_SURFACE(((1.,1.),(1.,1.),(1.,1.),(1.,1.),(1.,1.),(1.,
1.),(1.,1.),(1.,1.),(1.,1.),(1.,1.),(1.,1.),(1.,1.),(1.,1.),(1.,1.),(1.,
1.)))
REPRESENTATION_ITEM('')
SURFACE()
);
#278=(
BOUNDED_SURFACE()
B_SPLINE_SURFACE(5,1,((#3480,#3481),(#3482,#3483),(#3484,#3485),(#3486,
#3487),(#3488,#3489),(#3490,#3491),(#3492,#3493),(#3494,#3495),(#3496,#3497),
(#3498,#3499),(#3500,#3501),(#3502,#3503),(#3504,#3505),(#3506,#3507),(#3508,
#3509)),.UNSPECIFIED.,.F.,.F.,.F.)
B_SPLINE_SURFACE_WITH_KNOTS((6,1,1,1,1,1,1,1,1,1,6),(2,2),(-1.,-0.9,-0.8,
-0.7,-0.6,-0.5,-0.4,-0.3,-0.2,-0.1,0.),(-0.00839201186689342,0.55),
 .UNSPECIFIED.)
GEOMETRIC_REPRESENTATION_ITEM()
RATIONAL_B_SPLINE_SURFACE(((1.,1.),(1.,1.),(1.,1.),(1.,1.),(1.,1.),(1.,
1.),(1.,1.),(1.,1.),(1.,1.),(1.,1.),(1.,1.),(1.,1.),(1.,1.),(1.,1.),(1.,
1.)))
REPRESENTATION_ITEM('')
SURFACE()
);
#279=(
BOUNDED_SURFACE()
B_SPLINE_SURFACE(5,1,((#3522,#3523),(#3524,#3525),(#3526,#3527),(#3528,
#3529),(#3530,#3531),(#3532,#3533),(#3534,#3535),(#3536,#3537),(#3538,#3539),
(#3540,#3541),(#3542,#3543),(#3544,#3545),(#3546,#3547),(#3548,#3549),(#3550,
#3551)),.UNSPECIFIED.,.F.,.F.,.F.)
B_SPLINE_SURFACE_WITH_KNOTS((6,1,1,1,1,1,1,1,1,1,6),(2,2),(-1.,-0.9,-0.8,
-0.7,-0.6,-0.5,-0.4,-0.3,-0.2,-0.1,0.),(-0.00839201186689342,0.55),
 .UNSPECIFIED.)
GEOMETRIC_REPRESENTATION_ITEM()
RATIONAL_B_SPLINE_SURFACE(((1.,1.),(1.,1.),(1.,1.),(1.,1.),(1.,1.),(1.,
1.),(1.,1.),(1.,1.),(1.,1.),(1.,1.),(1.,1.),(1.,1.),(1.,1.),(1.,1.),(1.,
1.)))
REPRESENTATION_ITEM('')
SURFACE()
);
#280=(
BOUNDED_SURFACE()
B_SPLINE_SURFACE(5,1,((#3564,#3565),(#3566,#3567),(#3568,#3569),(#3570,
#3571),(#3572,#3573),(#3574,#3575),(#3576,#3577),(#3578,#3579),(#3580,#3581),
(#3582,#3583),(#3584,#3585),(#3586,#3587),(#3588,#3589),(#3590,#3591),(#3592,
#3593)),.UNSPECIFIED.,.F.,.F.,.F.)
B_SPLINE_SURFACE_WITH_KNOTS((6,1,1,1,1,1,1,1,1,1,6),(2,2),(-1.,-0.9,-0.8,
-0.7,-0.6,-0.5,-0.4,-0.3,-0.2,-0.1,0.),(-0.00839201186689342,0.55),
 .UNSPECIFIED.)
GEOMETRIC_REPRESENTATION_ITEM()
RATIONAL_B_SPLINE_SURFACE(((1.,1.),(1.,1.),(1.,1.),(1.,1.),(1.,1.),(1.,
1.),(1.,1.),(1.,1.),(1.,1.),(1.,1.),(1.,1.),(1.,1.),(1.,1.),(1.,1.),(1.,
1.)))
REPRESENTATION_ITEM('')
SURFACE()
);
#281=(
BOUNDED_SURFACE()
B_SPLINE_SURFACE(5,1,((#3652,#3653),(#3654,#3655),(#3656,#3657),(#3658,
#3659),(#3660,#3661),(#3662,#3663),(#3664,#3665),(#3666,#3667),(#3668,#3669),
(#3670,#3671),(#3672,#3673),(#3674,#3675),(#3676,#3677),(#3678,#3679),(#3680,
#3681),(#3682,#3683),(#3684,#3685),(#3686,#3687),(#3688,#3689),(#3690,#3691),
(#3692,#3693),(#3694,#3695),(#3696,#3697),(#3698,#3699),(#3700,#3701),(#3702,
#3703),(#3704,#3705),(#3706,#3707),(#3708,#3709),(#3710,#3711),(#3712,#3713),
(#3714,#3715),(#3716,#3717),(#3718,#3719),(#3720,#3721),(#3722,#3723),(#3724,
#3725),(#3726,#3727),(#3728,#3729),(#3730,#3731),(#3732,#3733),(#3734,#3735),
(#3736,#3737),(#3738,#3739),(#3740,#3741),(#3742,#3743),(#3744,#3745),(#3746,
#3747),(#3748,#3749),(#3750,#3751)),.UNSPECIFIED.,.F.,.F.,.F.)
B_SPLINE_SURFACE_WITH_KNOTS((6,1,1,1,1,1,1,1,1,1,1,1,1,1,1,1,1,1,1,1,1,
1,1,1,1,1,1,1,1,1,1,1,1,1,1,1,1,1,1,1,1,1,1,1,1,6),(2,2),(-1.,-0.977777777777778,
-0.955555555555556,-0.933333333333334,-0.911111111111111,-0.888888888888889,
-0.866666666666667,-0.844444444444445,-0.822222222222222,-0.8,-0.777777777777778,
-0.755555555555556,-0.733333333333333,-0.711111111111111,-0.688888888888889,
-0.666666666666667,-0.644444444444444,-0.622222222222222,-0.6,-0.577777777777778,
-0.555555555555555,-0.533333333333333,-0.511111111111111,-0.488888888888889,
-0.466666666666666,-0.444444444444444,-0.422222222222222,-0.4,-0.377777777777778,
-0.355555555555555,-0.333333333333333,-0.311111111111111,-0.288888888888889,
-0.266666666666667,-0.244444444444444,-0.222222222222222,-0.2,-0.177777777777778,
-0.155555555555556,-0.133333333333333,-0.111111111111111,-0.0888888888888889,
-0.0666666666666667,-0.0444444444444444,-0.0222222222222222,0.),(-0.0545644173192512,
0.55),.UNSPECIFIED.)
GEOMETRIC_REPRESENTATION_ITEM()
RATIONAL_B_SPLINE_SURFACE(((1.,1.),(1.,1.),(1.,1.),(1.,1.),(1.,1.),(1.,
1.),(1.,1.),(1.,1.),(1.,1.),(1.,1.),(1.,1.),(1.,1.),(1.,1.),(1.,1.),(1.,
1.),(1.,1.),(1.,1.),(1.,1.),(1.,1.),(1.,1.),(1.,1.),(1.,1.),(1.,1.),(1.,
1.),(1.,1.),(1.,1.),(1.,1.),(1.,1.),(1.,1.),(1.,1.),(1.,1.),(1.,1.),(1.,
1.),(1.,1.),(1.,1.),(1.,1.),(1.,1.),(1.,1.),(1.,1.),(1.,1.),(1.,1.),(1.,
1.),(1.,1.),(1.,1.),(1.,1.),(1.,1.),(1.,1.),(1.,1.),(1.,1.),(1.,1.)))
REPRESENTATION_ITEM('')
SURFACE()
);
#282=(
BOUNDED_SURFACE()
B_SPLINE_SURFACE(5,1,((#3859,#3860),(#3861,#3862),(#3863,#3864),(#3865,
#3866),(#3867,#3868),(#3869,#3870),(#3871,#3872),(#3873,#3874),(#3875,#3876),
(#3877,#3878),(#3879,#3880),(#3881,#3882),(#3883,#3884),(#3885,#3886),(#3887,
#3888),(#3889,#3890),(#3891,#3892),(#3893,#3894),(#3895,#3896),(#3897,#3898),
(#3899,#3900),(#3901,#3902),(#3903,#3904),(#3905,#3906),(#3907,#3908),(#3909,
#3910),(#3911,#3912),(#3913,#3914),(#3915,#3916),(#3917,#3918),(#3919,#3920),
(#3921,#3922),(#3923,#3924),(#3925,#3926),(#3927,#3928),(#3929,#3930),(#3931,
#3932),(#3933,#3934),(#3935,#3936),(#3937,#3938),(#3939,#3940),(#3941,#3942),
(#3943,#3944),(#3945,#3946),(#3947,#3948),(#3949,#3950),(#3951,#3952),(#3953,
#3954),(#3955,#3956),(#3957,#3958)),.UNSPECIFIED.,.F.,.F.,.F.)
B_SPLINE_SURFACE_WITH_KNOTS((6,1,1,1,1,1,1,1,1,1,1,1,1,1,1,1,1,1,1,1,1,
1,1,1,1,1,1,1,1,1,1,1,1,1,1,1,1,1,1,1,1,1,1,1,1,6),(2,2),(-1.,-0.977777777777778,
-0.955555555555556,-0.933333333333334,-0.911111111111111,-0.888888888888889,
-0.866666666666667,-0.844444444444445,-0.822222222222222,-0.8,-0.777777777777778,
-0.755555555555556,-0.733333333333333,-0.711111111111111,-0.688888888888889,
-0.666666666666667,-0.644444444444444,-0.622222222222222,-0.6,-0.577777777777778,
-0.555555555555555,-0.533333333333333,-0.511111111111111,-0.488888888888889,
-0.466666666666666,-0.444444444444444,-0.422222222222222,-0.4,-0.377777777777778,
-0.355555555555555,-0.333333333333333,-0.311111111111111,-0.288888888888889,
-0.266666666666667,-0.244444444444444,-0.222222222222222,-0.2,-0.177777777777778,
-0.155555555555556,-0.133333333333333,-0.111111111111111,-0.0888888888888889,
-0.0666666666666667,-0.0444444444444444,-0.0222222222222222,0.),(-0.0545644173192512,
0.55),.UNSPECIFIED.)
GEOMETRIC_REPRESENTATION_ITEM()
RATIONAL_B_SPLINE_SURFACE(((1.,1.),(1.,1.),(1.,1.),(1.,1.),(1.,1.),(1.,
1.),(1.,1.),(1.,1.),(1.,1.),(1.,1.),(1.,1.),(1.,1.),(1.,1.),(1.,1.),(1.,
1.),(1.,1.),(1.,1.),(1.,1.),(1.,1.),(1.,1.),(1.,1.),(1.,1.),(1.,1.),(1.,
1.),(1.,1.),(1.,1.),(1.,1.),(1.,1.),(1.,1.),(1.,1.),(1.,1.),(1.,1.),(1.,
1.),(1.,1.),(1.,1.),(1.,1.),(1.,1.),(1.,1.),(1.,1.),(1.,1.),(1.,1.),(1.,
1.),(1.,1.),(1.,1.),(1.,1.),(1.,1.),(1.,1.),(1.,1.),(1.,1.),(1.,1.)))
REPRESENTATION_ITEM('')
SURFACE()
);
#283=(
BOUNDED_SURFACE()
B_SPLINE_SURFACE(5,1,((#4066,#4067),(#4068,#4069),(#4070,#4071),(#4072,
#4073),(#4074,#4075),(#4076,#4077),(#4078,#4079),(#4080,#4081),(#4082,#4083),
(#4084,#4085),(#4086,#4087),(#4088,#4089),(#4090,#4091),(#4092,#4093),(#4094,
#4095),(#4096,#4097),(#4098,#4099),(#4100,#4101),(#4102,#4103),(#4104,#4105),
(#4106,#4107),(#4108,#4109),(#4110,#4111),(#4112,#4113),(#4114,#4115),(#4116,
#4117),(#4118,#4119),(#4120,#4121),(#4122,#4123),(#4124,#4125),(#4126,#4127),
(#4128,#4129),(#4130,#4131),(#4132,#4133),(#4134,#4135),(#4136,#4137),(#4138,
#4139),(#4140,#4141),(#4142,#4143),(#4144,#4145),(#4146,#4147),(#4148,#4149),
(#4150,#4151),(#4152,#4153),(#4154,#4155),(#4156,#4157),(#4158,#4159),(#4160,
#4161),(#4162,#4163),(#4164,#4165)),.UNSPECIFIED.,.F.,.F.,.F.)
B_SPLINE_SURFACE_WITH_KNOTS((6,1,1,1,1,1,1,1,1,1,1,1,1,1,1,1,1,1,1,1,1,
1,1,1,1,1,1,1,1,1,1,1,1,1,1,1,1,1,1,1,1,1,1,1,1,6),(2,2),(-1.,-0.977777777777778,
-0.955555555555556,-0.933333333333334,-0.911111111111111,-0.888888888888889,
-0.866666666666667,-0.844444444444445,-0.822222222222222,-0.8,-0.777777777777778,
-0.755555555555556,-0.733333333333333,-0.711111111111111,-0.688888888888889,
-0.666666666666667,-0.644444444444444,-0.622222222222222,-0.6,-0.577777777777778,
-0.555555555555555,-0.533333333333333,-0.511111111111111,-0.488888888888889,
-0.466666666666666,-0.444444444444444,-0.422222222222222,-0.4,-0.377777777777778,
-0.355555555555555,-0.333333333333333,-0.311111111111111,-0.288888888888889,
-0.266666666666667,-0.244444444444444,-0.222222222222222,-0.2,-0.177777777777778,
-0.155555555555556,-0.133333333333333,-0.111111111111111,-0.0888888888888889,
-0.0666666666666667,-0.0444444444444444,-0.0222222222222222,0.),(-0.0545644173192512,
0.55),.UNSPECIFIED.)
GEOMETRIC_REPRESENTATION_ITEM()
RATIONAL_B_SPLINE_SURFACE(((1.,1.),(1.,1.),(1.,1.),(1.,1.),(1.,1.),(1.,
1.),(1.,1.),(1.,1.),(1.,1.),(1.,1.),(1.,1.),(1.,1.),(1.,1.),(1.,1.),(1.,
1.),(1.,1.),(1.,1.),(1.,1.),(1.,1.),(1.,1.),(1.,1.),(1.,1.),(1.,1.),(1.,
1.),(1.,1.),(1.,1.),(1.,1.),(1.,1.),(1.,1.),(1.,1.),(1.,1.),(1.,1.),(1.,
1.),(1.,1.),(1.,1.),(1.,1.),(1.,1.),(1.,1.),(1.,1.),(1.,1.),(1.,1.),(1.,
1.),(1.,1.),(1.,1.),(1.,1.),(1.,1.),(1.,1.),(1.,1.),(1.,1.),(1.,1.)))
REPRESENTATION_ITEM('')
SURFACE()
);
#284=(
BOUNDED_SURFACE()
B_SPLINE_SURFACE(5,1,((#4251,#4252),(#4253,#4254),(#4255,#4256),(#4257,
#4258),(#4259,#4260),(#4261,#4262),(#4263,#4264),(#4265,#4266),(#4267,#4268),
(#4269,#4270),(#4271,#4272),(#4273,#4274),(#4275,#4276),(#4277,#4278),(#4279,
#4280),(#4281,#4282),(#4283,#4284),(#4285,#4286),(#4287,#4288),(#4289,#4290),
(#4291,#4292),(#4293,#4294),(#4295,#4296),(#4297,#4298),(#4299,#4300),(#4301,
#4302),(#4303,#4304),(#4305,#4306),(#4307,#4308),(#4309,#4310),(#4311,#4312),
(#4313,#4314),(#4315,#4316),(#4317,#4318),(#4319,#4320),(#4321,#4322),(#4323,
#4324),(#4325,#4326),(#4327,#4328),(#4329,#4330),(#4331,#4332),(#4333,#4334),
(#4335,#4336),(#4337,#4338),(#4339,#4340),(#4341,#4342),(#4343,#4344),(#4345,
#4346),(#4347,#4348),(#4349,#4350)),.UNSPECIFIED.,.F.,.F.,.F.)
B_SPLINE_SURFACE_WITH_KNOTS((6,1,1,1,1,1,1,1,1,1,1,1,1,1,1,1,1,1,1,1,1,
1,1,1,1,1,1,1,1,1,1,1,1,1,1,1,1,1,1,1,1,1,1,1,1,6),(2,2),(-1.,-0.977777777777778,
-0.955555555555556,-0.933333333333334,-0.911111111111111,-0.888888888888889,
-0.866666666666667,-0.844444444444445,-0.822222222222222,-0.8,-0.777777777777778,
-0.755555555555556,-0.733333333333333,-0.711111111111111,-0.688888888888889,
-0.666666666666667,-0.644444444444444,-0.622222222222222,-0.6,-0.577777777777778,
-0.555555555555555,-0.533333333333333,-0.511111111111111,-0.488888888888889,
-0.466666666666666,-0.444444444444444,-0.422222222222222,-0.4,-0.377777777777778,
-0.355555555555555,-0.333333333333333,-0.311111111111111,-0.288888888888889,
-0.266666666666667,-0.244444444444444,-0.222222222222222,-0.2,-0.177777777777778,
-0.155555555555556,-0.133333333333333,-0.111111111111111,-0.0888888888888889,
-0.0666666666666667,-0.0444444444444444,-0.0222222222222222,0.),(-0.0545644173192512,
0.55),.UNSPECIFIED.)
GEOMETRIC_REPRESENTATION_ITEM()
RATIONAL_B_SPLINE_SURFACE(((1.,1.),(1.,1.),(1.,1.),(1.,1.),(1.,1.),(1.,
1.),(1.,1.),(1.,1.),(1.,1.),(1.,1.),(1.,1.),(1.,1.),(1.,1.),(1.,1.),(1.,
1.),(1.,1.),(1.,1.),(1.,1.),(1.,1.),(1.,1.),(1.,1.),(1.,1.),(1.,1.),(1.,
1.),(1.,1.),(1.,1.),(1.,1.),(1.,1.),(1.,1.),(1.,1.),(1.,1.),(1.,1.),(1.,
1.),(1.,1.),(1.,1.),(1.,1.),(1.,1.),(1.,1.),(1.,1.),(1.,1.),(1.,1.),(1.,
1.),(1.,1.),(1.,1.),(1.,1.),(1.,1.),(1.,1.),(1.,1.),(1.,1.),(1.,1.)))
REPRESENTATION_ITEM('')
SURFACE()
);
#285=(
BOUNDED_SURFACE()
B_SPLINE_SURFACE(5,1,((#4436,#4437),(#4438,#4439),(#4440,#4441),(#4442,
#4443),(#4444,#4445),(#4446,#4447),(#4448,#4449),(#4450,#4451),(#4452,#4453),
(#4454,#4455),(#4456,#4457),(#4458,#4459),(#4460,#4461),(#4462,#4463),(#4464,
#4465),(#4466,#4467),(#4468,#4469),(#4470,#4471),(#4472,#4473),(#4474,#4475),
(#4476,#4477),(#4478,#4479),(#4480,#4481),(#4482,#4483),(#4484,#4485),(#4486,
#4487),(#4488,#4489),(#4490,#4491),(#4492,#4493),(#4494,#4495),(#4496,#4497),
(#4498,#4499),(#4500,#4501),(#4502,#4503),(#4504,#4505),(#4506,#4507),(#4508,
#4509),(#4510,#4511),(#4512,#4513),(#4514,#4515),(#4516,#4517),(#4518,#4519),
(#4520,#4521),(#4522,#4523),(#4524,#4525),(#4526,#4527),(#4528,#4529),(#4530,
#4531),(#4532,#4533),(#4534,#4535)),.UNSPECIFIED.,.F.,.F.,.F.)
B_SPLINE_SURFACE_WITH_KNOTS((6,1,1,1,1,1,1,1,1,1,1,1,1,1,1,1,1,1,1,1,1,
1,1,1,1,1,1,1,1,1,1,1,1,1,1,1,1,1,1,1,1,1,1,1,1,6),(2,2),(-1.,-0.977777777777778,
-0.955555555555556,-0.933333333333334,-0.911111111111111,-0.888888888888889,
-0.866666666666667,-0.844444444444445,-0.822222222222222,-0.8,-0.777777777777778,
-0.755555555555556,-0.733333333333333,-0.711111111111111,-0.688888888888889,
-0.666666666666667,-0.644444444444444,-0.622222222222222,-0.6,-0.577777777777778,
-0.555555555555555,-0.533333333333333,-0.511111111111111,-0.488888888888889,
-0.466666666666666,-0.444444444444444,-0.422222222222222,-0.4,-0.377777777777778,
-0.355555555555555,-0.333333333333333,-0.311111111111111,-0.288888888888889,
-0.266666666666667,-0.244444444444444,-0.222222222222222,-0.2,-0.177777777777778,
-0.155555555555556,-0.133333333333333,-0.111111111111111,-0.0888888888888889,
-0.0666666666666667,-0.0444444444444444,-0.0222222222222222,0.),(-0.0545644173192512,
0.55),.UNSPECIFIED.)
GEOMETRIC_REPRESENTATION_ITEM()
RATIONAL_B_SPLINE_SURFACE(((1.,1.),(1.,1.),(1.,1.),(1.,1.),(1.,1.),(1.,
1.),(1.,1.),(1.,1.),(1.,1.),(1.,1.),(1.,1.),(1.,1.),(1.,1.),(1.,1.),(1.,
1.),(1.,1.),(1.,1.),(1.,1.),(1.,1.),(1.,1.),(1.,1.),(1.,1.),(1.,1.),(1.,
1.),(1.,1.),(1.,1.),(1.,1.),(1.,1.),(1.,1.),(1.,1.),(1.,1.),(1.,1.),(1.,
1.),(1.,1.),(1.,1.),(1.,1.),(1.,1.),(1.,1.),(1.,1.),(1.,1.),(1.,1.),(1.,
1.),(1.,1.),(1.,1.),(1.,1.),(1.,1.),(1.,1.),(1.,1.),(1.,1.),(1.,1.)))
REPRESENTATION_ITEM('')
SURFACE()
);
#286=(
BOUNDED_SURFACE()
B_SPLINE_SURFACE(5,1,((#4621,#4622),(#4623,#4624),(#4625,#4626),(#4627,
#4628),(#4629,#4630),(#4631,#4632),(#4633,#4634),(#4635,#4636),(#4637,#4638),
(#4639,#4640),(#4641,#4642),(#4643,#4644),(#4645,#4646),(#4647,#4648),(#4649,
#4650),(#4651,#4652),(#4653,#4654),(#4655,#4656),(#4657,#4658),(#4659,#4660),
(#4661,#4662),(#4663,#4664),(#4665,#4666),(#4667,#4668),(#4669,#4670),(#4671,
#4672),(#4673,#4674),(#4675,#4676),(#4677,#4678),(#4679,#4680),(#4681,#4682),
(#4683,#4684),(#4685,#4686),(#4687,#4688),(#4689,#4690),(#4691,#4692),(#4693,
#4694),(#4695,#4696),(#4697,#4698),(#4699,#4700),(#4701,#4702),(#4703,#4704),
(#4705,#4706),(#4707,#4708),(#4709,#4710),(#4711,#4712),(#4713,#4714),(#4715,
#4716),(#4717,#4718),(#4719,#4720)),.UNSPECIFIED.,.F.,.F.,.F.)
B_SPLINE_SURFACE_WITH_KNOTS((6,1,1,1,1,1,1,1,1,1,1,1,1,1,1,1,1,1,1,1,1,
1,1,1,1,1,1,1,1,1,1,1,1,1,1,1,1,1,1,1,1,1,1,1,1,6),(2,2),(-1.,-0.977777777777778,
-0.955555555555556,-0.933333333333334,-0.911111111111111,-0.888888888888889,
-0.866666666666667,-0.844444444444445,-0.822222222222222,-0.8,-0.777777777777778,
-0.755555555555556,-0.733333333333333,-0.711111111111111,-0.688888888888889,
-0.666666666666667,-0.644444444444444,-0.622222222222222,-0.6,-0.577777777777778,
-0.555555555555555,-0.533333333333333,-0.511111111111111,-0.488888888888889,
-0.466666666666666,-0.444444444444444,-0.422222222222222,-0.4,-0.377777777777778,
-0.355555555555555,-0.333333333333333,-0.311111111111111,-0.288888888888889,
-0.266666666666667,-0.244444444444444,-0.222222222222222,-0.2,-0.177777777777778,
-0.155555555555556,-0.133333333333333,-0.111111111111111,-0.0888888888888889,
-0.0666666666666667,-0.0444444444444444,-0.0222222222222222,0.),(-0.0545644173192512,
0.55),.UNSPECIFIED.)
GEOMETRIC_REPRESENTATION_ITEM()
RATIONAL_B_SPLINE_SURFACE(((1.,1.),(1.,1.),(1.,1.),(1.,1.),(1.,1.),(1.,
1.),(1.,1.),(1.,1.),(1.,1.),(1.,1.),(1.,1.),(1.,1.),(1.,1.),(1.,1.),(1.,
1.),(1.,1.),(1.,1.),(1.,1.),(1.,1.),(1.,1.),(1.,1.),(1.,1.),(1.,1.),(1.,
1.),(1.,1.),(1.,1.),(1.,1.),(1.,1.),(1.,1.),(1.,1.),(1.,1.),(1.,1.),(1.,
1.),(1.,1.),(1.,1.),(1.,1.),(1.,1.),(1.,1.),(1.,1.),(1.,1.),(1.,1.),(1.,
1.),(1.,1.),(1.,1.),(1.,1.),(1.,1.),(1.,1.),(1.,1.),(1.,1.),(1.,1.)))
REPRESENTATION_ITEM('')
SURFACE()
);
#287=(
BOUNDED_SURFACE()
B_SPLINE_SURFACE(5,1,((#4806,#4807),(#4808,#4809),(#4810,#4811),(#4812,
#4813),(#4814,#4815),(#4816,#4817),(#4818,#4819),(#4820,#4821),(#4822,#4823),
(#4824,#4825),(#4826,#4827),(#4828,#4829),(#4830,#4831),(#4832,#4833),(#4834,
#4835),(#4836,#4837),(#4838,#4839),(#4840,#4841),(#4842,#4843),(#4844,#4845),
(#4846,#4847),(#4848,#4849),(#4850,#4851),(#4852,#4853),(#4854,#4855),(#4856,
#4857),(#4858,#4859),(#4860,#4861),(#4862,#4863),(#4864,#4865),(#4866,#4867),
(#4868,#4869),(#4870,#4871),(#4872,#4873),(#4874,#4875),(#4876,#4877),(#4878,
#4879),(#4880,#4881),(#4882,#4883),(#4884,#4885),(#4886,#4887),(#4888,#4889),
(#4890,#4891),(#4892,#4893),(#4894,#4895),(#4896,#4897),(#4898,#4899),(#4900,
#4901),(#4902,#4903),(#4904,#4905)),.UNSPECIFIED.,.F.,.F.,.F.)
B_SPLINE_SURFACE_WITH_KNOTS((6,1,1,1,1,1,1,1,1,1,1,1,1,1,1,1,1,1,1,1,1,
1,1,1,1,1,1,1,1,1,1,1,1,1,1,1,1,1,1,1,1,1,1,1,1,6),(2,2),(-1.,-0.977777777777778,
-0.955555555555556,-0.933333333333334,-0.911111111111111,-0.888888888888889,
-0.866666666666667,-0.844444444444445,-0.822222222222222,-0.8,-0.777777777777778,
-0.755555555555556,-0.733333333333333,-0.711111111111111,-0.688888888888889,
-0.666666666666667,-0.644444444444444,-0.622222222222222,-0.6,-0.577777777777778,
-0.555555555555555,-0.533333333333333,-0.511111111111111,-0.488888888888889,
-0.466666666666666,-0.444444444444444,-0.422222222222222,-0.4,-0.377777777777778,
-0.355555555555555,-0.333333333333333,-0.311111111111111,-0.288888888888889,
-0.266666666666667,-0.244444444444444,-0.222222222222222,-0.2,-0.177777777777778,
-0.155555555555556,-0.133333333333333,-0.111111111111111,-0.0888888888888889,
-0.0666666666666667,-0.0444444444444444,-0.0222222222222222,0.),(-0.0545644173192512,
0.55),.UNSPECIFIED.)
GEOMETRIC_REPRESENTATION_ITEM()
RATIONAL_B_SPLINE_SURFACE(((1.,1.),(1.,1.),(1.,1.),(1.,1.),(1.,1.),(1.,
1.),(1.,1.),(1.,1.),(1.,1.),(1.,1.),(1.,1.),(1.,1.),(1.,1.),(1.,1.),(1.,
1.),(1.,1.),(1.,1.),(1.,1.),(1.,1.),(1.,1.),(1.,1.),(1.,1.),(1.,1.),(1.,
1.),(1.,1.),(1.,1.),(1.,1.),(1.,1.),(1.,1.),(1.,1.),(1.,1.),(1.,1.),(1.,
1.),(1.,1.),(1.,1.),(1.,1.),(1.,1.),(1.,1.),(1.,1.),(1.,1.),(1.,1.),(1.,
1.),(1.,1.),(1.,1.),(1.,1.),(1.,1.),(1.,1.),(1.,1.),(1.,1.),(1.,1.)))
REPRESENTATION_ITEM('')
SURFACE()
);
#288=(
BOUNDED_SURFACE()
B_SPLINE_SURFACE(5,1,((#5013,#5014),(#5015,#5016),(#5017,#5018),(#5019,
#5020),(#5021,#5022),(#5023,#5024),(#5025,#5026),(#5027,#5028),(#5029,#5030),
(#5031,#5032),(#5033,#5034),(#5035,#5036),(#5037,#5038),(#5039,#5040),(#5041,
#5042),(#5043,#5044),(#5045,#5046),(#5047,#5048),(#5049,#5050),(#5051,#5052),
(#5053,#5054),(#5055,#5056),(#5057,#5058),(#5059,#5060),(#5061,#5062),(#5063,
#5064),(#5065,#5066),(#5067,#5068),(#5069,#5070),(#5071,#5072),(#5073,#5074),
(#5075,#5076),(#5077,#5078),(#5079,#5080),(#5081,#5082),(#5083,#5084),(#5085,
#5086),(#5087,#5088),(#5089,#5090),(#5091,#5092),(#5093,#5094),(#5095,#5096),
(#5097,#5098),(#5099,#5100),(#5101,#5102),(#5103,#5104),(#5105,#5106),(#5107,
#5108),(#5109,#5110),(#5111,#5112)),.UNSPECIFIED.,.F.,.F.,.F.)
B_SPLINE_SURFACE_WITH_KNOTS((6,1,1,1,1,1,1,1,1,1,1,1,1,1,1,1,1,1,1,1,1,
1,1,1,1,1,1,1,1,1,1,1,1,1,1,1,1,1,1,1,1,1,1,1,1,6),(2,2),(-1.,-0.977777777777778,
-0.955555555555556,-0.933333333333334,-0.911111111111111,-0.888888888888889,
-0.866666666666667,-0.844444444444445,-0.822222222222222,-0.8,-0.777777777777778,
-0.755555555555556,-0.733333333333333,-0.711111111111111,-0.688888888888889,
-0.666666666666667,-0.644444444444444,-0.622222222222222,-0.6,-0.577777777777778,
-0.555555555555555,-0.533333333333333,-0.511111111111111,-0.488888888888889,
-0.466666666666666,-0.444444444444444,-0.422222222222222,-0.4,-0.377777777777778,
-0.355555555555555,-0.333333333333333,-0.311111111111111,-0.288888888888889,
-0.266666666666667,-0.244444444444444,-0.222222222222222,-0.2,-0.177777777777778,
-0.155555555555556,-0.133333333333333,-0.111111111111111,-0.0888888888888889,
-0.0666666666666667,-0.0444444444444444,-0.0222222222222222,0.),(-0.0545644173192512,
0.55),.UNSPECIFIED.)
GEOMETRIC_REPRESENTATION_ITEM()
RATIONAL_B_SPLINE_SURFACE(((1.,1.),(1.,1.),(1.,1.),(1.,1.),(1.,1.),(1.,
1.),(1.,1.),(1.,1.),(1.,1.),(1.,1.),(1.,1.),(1.,1.),(1.,1.),(1.,1.),(1.,
1.),(1.,1.),(1.,1.),(1.,1.),(1.,1.),(1.,1.),(1.,1.),(1.,1.),(1.,1.),(1.,
1.),(1.,1.),(1.,1.),(1.,1.),(1.,1.),(1.,1.),(1.,1.),(1.,1.),(1.,1.),(1.,
1.),(1.,1.),(1.,1.),(1.,1.),(1.,1.),(1.,1.),(1.,1.),(1.,1.),(1.,1.),(1.,
1.),(1.,1.),(1.,1.),(1.,1.),(1.,1.),(1.,1.),(1.,1.),(1.,1.),(1.,1.)))
REPRESENTATION_ITEM('')
SURFACE()
);
#289=(
BOUNDED_SURFACE()
B_SPLINE_SURFACE(5,1,((#5176,#5177),(#5178,#5179),(#5180,#5181),(#5182,
#5183),(#5184,#5185),(#5186,#5187),(#5188,#5189),(#5190,#5191),(#5192,#5193),
(#5194,#5195),(#5196,#5197),(#5198,#5199),(#5200,#5201),(#5202,#5203),(#5204,
#5205),(#5206,#5207),(#5208,#5209),(#5210,#5211),(#5212,#5213),(#5214,#5215),
(#5216,#5217),(#5218,#5219),(#5220,#5221),(#5222,#5223),(#5224,#5225),(#5226,
#5227),(#5228,#5229),(#5230,#5231),(#5232,#5233),(#5234,#5235),(#5236,#5237),
(#5238,#5239),(#5240,#5241),(#5242,#5243),(#5244,#5245),(#5246,#5247),(#5248,
#5249),(#5250,#5251),(#5252,#5253),(#5254,#5255),(#5256,#5257),(#5258,#5259),
(#5260,#5261),(#5262,#5263),(#5264,#5265),(#5266,#5267),(#5268,#5269),(#5270,
#5271),(#5272,#5273),(#5274,#5275)),.UNSPECIFIED.,.F.,.F.,.F.)
B_SPLINE_SURFACE_WITH_KNOTS((6,1,1,1,1,1,1,1,1,1,1,1,1,1,1,1,1,1,1,1,1,
1,1,1,1,1,1,1,1,1,1,1,1,1,1,1,1,1,1,1,1,1,1,1,1,6),(2,2),(-1.,-0.977777777777778,
-0.955555555555556,-0.933333333333334,-0.911111111111111,-0.888888888888889,
-0.866666666666667,-0.844444444444445,-0.822222222222222,-0.8,-0.777777777777778,
-0.755555555555556,-0.733333333333333,-0.711111111111111,-0.688888888888889,
-0.666666666666667,-0.644444444444444,-0.622222222222222,-0.6,-0.577777777777778,
-0.555555555555555,-0.533333333333333,-0.511111111111111,-0.488888888888889,
-0.466666666666666,-0.444444444444444,-0.422222222222222,-0.4,-0.377777777777778,
-0.355555555555555,-0.333333333333333,-0.311111111111111,-0.288888888888889,
-0.266666666666667,-0.244444444444444,-0.222222222222222,-0.2,-0.177777777777778,
-0.155555555555556,-0.133333333333333,-0.111111111111111,-0.0888888888888889,
-0.0666666666666667,-0.0444444444444444,-0.0222222222222222,0.),(-0.0545644173192512,
0.55),.UNSPECIFIED.)
GEOMETRIC_REPRESENTATION_ITEM()
RATIONAL_B_SPLINE_SURFACE(((1.,1.),(1.,1.),(1.,1.),(1.,1.),(1.,1.),(1.,
1.),(1.,1.),(1.,1.),(1.,1.),(1.,1.),(1.,1.),(1.,1.),(1.,1.),(1.,1.),(1.,
1.),(1.,1.),(1.,1.),(1.,1.),(1.,1.),(1.,1.),(1.,1.),(1.,1.),(1.,1.),(1.,
1.),(1.,1.),(1.,1.),(1.,1.),(1.,1.),(1.,1.),(1.,1.),(1.,1.),(1.,1.),(1.,
1.),(1.,1.),(1.,1.),(1.,1.),(1.,1.),(1.,1.),(1.,1.),(1.,1.),(1.,1.),(1.,
1.),(1.,1.),(1.,1.),(1.,1.),(1.,1.),(1.,1.),(1.,1.),(1.,1.),(1.,1.)))
REPRESENTATION_ITEM('')
SURFACE()
);
#290=(
BOUNDED_SURFACE()
B_SPLINE_SURFACE(5,1,((#5361,#5362),(#5363,#5364),(#5365,#5366),(#5367,
#5368),(#5369,#5370),(#5371,#5372),(#5373,#5374),(#5375,#5376),(#5377,#5378),
(#5379,#5380),(#5381,#5382),(#5383,#5384),(#5385,#5386),(#5387,#5388),(#5389,
#5390),(#5391,#5392),(#5393,#5394),(#5395,#5396),(#5397,#5398),(#5399,#5400),
(#5401,#5402),(#5403,#5404),(#5405,#5406),(#5407,#5408),(#5409,#5410),(#5411,
#5412),(#5413,#5414),(#5415,#5416),(#5417,#5418),(#5419,#5420),(#5421,#5422),
(#5423,#5424),(#5425,#5426),(#5427,#5428),(#5429,#5430),(#5431,#5432),(#5433,
#5434),(#5435,#5436),(#5437,#5438),(#5439,#5440),(#5441,#5442),(#5443,#5444),
(#5445,#5446),(#5447,#5448),(#5449,#5450),(#5451,#5452),(#5453,#5454),(#5455,
#5456),(#5457,#5458),(#5459,#5460)),.UNSPECIFIED.,.F.,.F.,.F.)
B_SPLINE_SURFACE_WITH_KNOTS((6,1,1,1,1,1,1,1,1,1,1,1,1,1,1,1,1,1,1,1,1,
1,1,1,1,1,1,1,1,1,1,1,1,1,1,1,1,1,1,1,1,1,1,1,1,6),(2,2),(-1.,-0.977777777777778,
-0.955555555555556,-0.933333333333334,-0.911111111111111,-0.888888888888889,
-0.866666666666667,-0.844444444444445,-0.822222222222222,-0.8,-0.777777777777778,
-0.755555555555556,-0.733333333333333,-0.711111111111111,-0.688888888888889,
-0.666666666666667,-0.644444444444444,-0.622222222222222,-0.6,-0.577777777777778,
-0.555555555555555,-0.533333333333333,-0.511111111111111,-0.488888888888889,
-0.466666666666666,-0.444444444444444,-0.422222222222222,-0.4,-0.377777777777778,
-0.355555555555555,-0.333333333333333,-0.311111111111111,-0.288888888888889,
-0.266666666666667,-0.244444444444444,-0.222222222222222,-0.2,-0.177777777777778,
-0.155555555555556,-0.133333333333333,-0.111111111111111,-0.0888888888888889,
-0.0666666666666667,-0.0444444444444444,-0.0222222222222222,0.),(-0.0545644173192512,
0.55),.UNSPECIFIED.)
GEOMETRIC_REPRESENTATION_ITEM()
RATIONAL_B_SPLINE_SURFACE(((1.,1.),(1.,1.),(1.,1.),(1.,1.),(1.,1.),(1.,
1.),(1.,1.),(1.,1.),(1.,1.),(1.,1.),(1.,1.),(1.,1.),(1.,1.),(1.,1.),(1.,
1.),(1.,1.),(1.,1.),(1.,1.),(1.,1.),(1.,1.),(1.,1.),(1.,1.),(1.,1.),(1.,
1.),(1.,1.),(1.,1.),(1.,1.),(1.,1.),(1.,1.),(1.,1.),(1.,1.),(1.,1.),(1.,
1.),(1.,1.),(1.,1.),(1.,1.),(1.,1.),(1.,1.),(1.,1.),(1.,1.),(1.,1.),(1.,
1.),(1.,1.),(1.,1.),(1.,1.),(1.,1.),(1.,1.),(1.,1.),(1.,1.),(1.,1.)))
REPRESENTATION_ITEM('')
SURFACE()
);
#291=(
BOUNDED_SURFACE()
B_SPLINE_SURFACE(5,1,((#5568,#5569),(#5570,#5571),(#5572,#5573),(#5574,
#5575),(#5576,#5577),(#5578,#5579),(#5580,#5581),(#5582,#5583),(#5584,#5585),
(#5586,#5587),(#5588,#5589),(#5590,#5591),(#5592,#5593),(#5594,#5595),(#5596,
#5597),(#5598,#5599),(#5600,#5601),(#5602,#5603),(#5604,#5605),(#5606,#5607),
(#5608,#5609),(#5610,#5611),(#5612,#5613),(#5614,#5615),(#5616,#5617),(#5618,
#5619),(#5620,#5621),(#5622,#5623),(#5624,#5625),(#5626,#5627),(#5628,#5629),
(#5630,#5631),(#5632,#5633),(#5634,#5635),(#5636,#5637),(#5638,#5639),(#5640,
#5641),(#5642,#5643),(#5644,#5645),(#5646,#5647),(#5648,#5649),(#5650,#5651),
(#5652,#5653),(#5654,#5655),(#5656,#5657),(#5658,#5659),(#5660,#5661),(#5662,
#5663),(#5664,#5665),(#5666,#5667)),.UNSPECIFIED.,.F.,.F.,.F.)
B_SPLINE_SURFACE_WITH_KNOTS((6,1,1,1,1,1,1,1,1,1,1,1,1,1,1,1,1,1,1,1,1,
1,1,1,1,1,1,1,1,1,1,1,1,1,1,1,1,1,1,1,1,1,1,1,1,6),(2,2),(-1.,-0.977777777777778,
-0.955555555555556,-0.933333333333334,-0.911111111111111,-0.888888888888889,
-0.866666666666667,-0.844444444444445,-0.822222222222222,-0.8,-0.777777777777778,
-0.755555555555556,-0.733333333333333,-0.711111111111111,-0.688888888888889,
-0.666666666666667,-0.644444444444444,-0.622222222222222,-0.6,-0.577777777777778,
-0.555555555555555,-0.533333333333333,-0.511111111111111,-0.488888888888889,
-0.466666666666666,-0.444444444444444,-0.422222222222222,-0.4,-0.377777777777778,
-0.355555555555555,-0.333333333333333,-0.311111111111111,-0.288888888888889,
-0.266666666666667,-0.244444444444444,-0.222222222222222,-0.2,-0.177777777777778,
-0.155555555555556,-0.133333333333333,-0.111111111111111,-0.0888888888888889,
-0.0666666666666667,-0.0444444444444444,-0.0222222222222222,0.),(-0.0545644173192512,
0.55),.UNSPECIFIED.)
GEOMETRIC_REPRESENTATION_ITEM()
RATIONAL_B_SPLINE_SURFACE(((1.,1.),(1.,1.),(1.,1.),(1.,1.),(1.,1.),(1.,
1.),(1.,1.),(1.,1.),(1.,1.),(1.,1.),(1.,1.),(1.,1.),(1.,1.),(1.,1.),(1.,
1.),(1.,1.),(1.,1.),(1.,1.),(1.,1.),(1.,1.),(1.,1.),(1.,1.),(1.,1.),(1.,
1.),(1.,1.),(1.,1.),(1.,1.),(1.,1.),(1.,1.),(1.,1.),(1.,1.),(1.,1.),(1.,
1.),(1.,1.),(1.,1.),(1.,1.),(1.,1.),(1.,1.),(1.,1.),(1.,1.),(1.,1.),(1.,
1.),(1.,1.),(1.,1.),(1.,1.),(1.,1.),(1.,1.),(1.,1.),(1.,1.),(1.,1.)))
REPRESENTATION_ITEM('')
SURFACE()
);
#292=(
BOUNDED_SURFACE()
B_SPLINE_SURFACE(5,1,((#5753,#5754),(#5755,#5756),(#5757,#5758),(#5759,
#5760),(#5761,#5762),(#5763,#5764),(#5765,#5766),(#5767,#5768),(#5769,#5770),
(#5771,#5772),(#5773,#5774),(#5775,#5776),(#5777,#5778),(#5779,#5780),(#5781,
#5782),(#5783,#5784),(#5785,#5786),(#5787,#5788),(#5789,#5790),(#5791,#5792),
(#5793,#5794),(#5795,#5796),(#5797,#5798),(#5799,#5800),(#5801,#5802),(#5803,
#5804),(#5805,#5806),(#5807,#5808),(#5809,#5810),(#5811,#5812),(#5813,#5814),
(#5815,#5816),(#5817,#5818),(#5819,#5820),(#5821,#5822),(#5823,#5824),(#5825,
#5826),(#5827,#5828),(#5829,#5830),(#5831,#5832),(#5833,#5834),(#5835,#5836),
(#5837,#5838),(#5839,#5840),(#5841,#5842),(#5843,#5844),(#5845,#5846),(#5847,
#5848),(#5849,#5850),(#5851,#5852)),.UNSPECIFIED.,.F.,.F.,.F.)
B_SPLINE_SURFACE_WITH_KNOTS((6,1,1,1,1,1,1,1,1,1,1,1,1,1,1,1,1,1,1,1,1,
1,1,1,1,1,1,1,1,1,1,1,1,1,1,1,1,1,1,1,1,1,1,1,1,6),(2,2),(-1.,-0.977777777777778,
-0.955555555555556,-0.933333333333334,-0.911111111111111,-0.888888888888889,
-0.866666666666667,-0.844444444444445,-0.822222222222222,-0.8,-0.777777777777778,
-0.755555555555556,-0.733333333333333,-0.711111111111111,-0.688888888888889,
-0.666666666666667,-0.644444444444444,-0.622222222222222,-0.6,-0.577777777777778,
-0.555555555555555,-0.533333333333333,-0.511111111111111,-0.488888888888889,
-0.466666666666666,-0.444444444444444,-0.422222222222222,-0.4,-0.377777777777778,
-0.355555555555555,-0.333333333333333,-0.311111111111111,-0.288888888888889,
-0.266666666666667,-0.244444444444444,-0.222222222222222,-0.2,-0.177777777777778,
-0.155555555555556,-0.133333333333333,-0.111111111111111,-0.0888888888888889,
-0.0666666666666667,-0.0444444444444444,-0.0222222222222222,0.),(-0.0545644173192512,
0.55),.UNSPECIFIED.)
GEOMETRIC_REPRESENTATION_ITEM()
RATIONAL_B_SPLINE_SURFACE(((1.,1.),(1.,1.),(1.,1.),(1.,1.),(1.,1.),(1.,
1.),(1.,1.),(1.,1.),(1.,1.),(1.,1.),(1.,1.),(1.,1.),(1.,1.),(1.,1.),(1.,
1.),(1.,1.),(1.,1.),(1.,1.),(1.,1.),(1.,1.),(1.,1.),(1.,1.),(1.,1.),(1.,
1.),(1.,1.),(1.,1.),(1.,1.),(1.,1.),(1.,1.),(1.,1.),(1.,1.),(1.,1.),(1.,
1.),(1.,1.),(1.,1.),(1.,1.),(1.,1.),(1.,1.),(1.,1.),(1.,1.),(1.,1.),(1.,
1.),(1.,1.),(1.,1.),(1.,1.),(1.,1.),(1.,1.),(1.,1.),(1.,1.),(1.,1.)))
REPRESENTATION_ITEM('')
SURFACE()
);
#293=(
BOUNDED_SURFACE()
B_SPLINE_SURFACE(5,1,((#5916,#5917),(#5918,#5919),(#5920,#5921),(#5922,
#5923),(#5924,#5925),(#5926,#5927),(#5928,#5929),(#5930,#5931),(#5932,#5933),
(#5934,#5935),(#5936,#5937),(#5938,#5939),(#5940,#5941),(#5942,#5943),(#5944,
#5945),(#5946,#5947),(#5948,#5949),(#5950,#5951),(#5952,#5953),(#5954,#5955),
(#5956,#5957),(#5958,#5959),(#5960,#5961),(#5962,#5963),(#5964,#5965),(#5966,
#5967),(#5968,#5969),(#5970,#5971),(#5972,#5973),(#5974,#5975),(#5976,#5977),
(#5978,#5979),(#5980,#5981),(#5982,#5983),(#5984,#5985),(#5986,#5987),(#5988,
#5989),(#5990,#5991),(#5992,#5993),(#5994,#5995),(#5996,#5997),(#5998,#5999),
(#6000,#6001),(#6002,#6003),(#6004,#6005),(#6006,#6007),(#6008,#6009),(#6010,
#6011),(#6012,#6013),(#6014,#6015)),.UNSPECIFIED.,.F.,.F.,.F.)
B_SPLINE_SURFACE_WITH_KNOTS((6,1,1,1,1,1,1,1,1,1,1,1,1,1,1,1,1,1,1,1,1,
1,1,1,1,1,1,1,1,1,1,1,1,1,1,1,1,1,1,1,1,1,1,1,1,6),(2,2),(-1.,-0.977777777777778,
-0.955555555555556,-0.933333333333334,-0.911111111111111,-0.888888888888889,
-0.866666666666667,-0.844444444444445,-0.822222222222222,-0.8,-0.777777777777778,
-0.755555555555556,-0.733333333333333,-0.711111111111111,-0.688888888888889,
-0.666666666666667,-0.644444444444444,-0.622222222222222,-0.6,-0.577777777777778,
-0.555555555555555,-0.533333333333333,-0.511111111111111,-0.488888888888889,
-0.466666666666666,-0.444444444444444,-0.422222222222222,-0.4,-0.377777777777778,
-0.355555555555555,-0.333333333333333,-0.311111111111111,-0.288888888888889,
-0.266666666666667,-0.244444444444444,-0.222222222222222,-0.2,-0.177777777777778,
-0.155555555555556,-0.133333333333333,-0.111111111111111,-0.0888888888888889,
-0.0666666666666667,-0.0444444444444444,-0.0222222222222222,0.),(-0.0545644173192512,
0.55),.UNSPECIFIED.)
GEOMETRIC_REPRESENTATION_ITEM()
RATIONAL_B_SPLINE_SURFACE(((1.,1.),(1.,1.),(1.,1.),(1.,1.),(1.,1.),(1.,
1.),(1.,1.),(1.,1.),(1.,1.),(1.,1.),(1.,1.),(1.,1.),(1.,1.),(1.,1.),(1.,
1.),(1.,1.),(1.,1.),(1.,1.),(1.,1.),(1.,1.),(1.,1.),(1.,1.),(1.,1.),(1.,
1.),(1.,1.),(1.,1.),(1.,1.),(1.,1.),(1.,1.),(1.,1.),(1.,1.),(1.,1.),(1.,
1.),(1.,1.),(1.,1.),(1.,1.),(1.,1.),(1.,1.),(1.,1.),(1.,1.),(1.,1.),(1.,
1.),(1.,1.),(1.,1.),(1.,1.),(1.,1.),(1.,1.),(1.,1.),(1.,1.),(1.,1.)))
REPRESENTATION_ITEM('')
SURFACE()
);
#294=(
BOUNDED_SURFACE()
B_SPLINE_SURFACE(5,1,((#6079,#6080),(#6081,#6082),(#6083,#6084),(#6085,
#6086),(#6087,#6088),(#6089,#6090),(#6091,#6092),(#6093,#6094),(#6095,#6096),
(#6097,#6098),(#6099,#6100),(#6101,#6102),(#6103,#6104),(#6105,#6106),(#6107,
#6108),(#6109,#6110),(#6111,#6112),(#6113,#6114),(#6115,#6116),(#6117,#6118),
(#6119,#6120),(#6121,#6122),(#6123,#6124),(#6125,#6126),(#6127,#6128),(#6129,
#6130),(#6131,#6132),(#6133,#6134),(#6135,#6136),(#6137,#6138),(#6139,#6140),
(#6141,#6142),(#6143,#6144),(#6145,#6146),(#6147,#6148),(#6149,#6150),(#6151,
#6152),(#6153,#6154),(#6155,#6156),(#6157,#6158),(#6159,#6160),(#6161,#6162),
(#6163,#6164),(#6165,#6166),(#6167,#6168),(#6169,#6170),(#6171,#6172),(#6173,
#6174),(#6175,#6176),(#6177,#6178)),.UNSPECIFIED.,.F.,.F.,.F.)
B_SPLINE_SURFACE_WITH_KNOTS((6,1,1,1,1,1,1,1,1,1,1,1,1,1,1,1,1,1,1,1,1,
1,1,1,1,1,1,1,1,1,1,1,1,1,1,1,1,1,1,1,1,1,1,1,1,6),(2,2),(-1.,-0.977777777777778,
-0.955555555555556,-0.933333333333334,-0.911111111111111,-0.888888888888889,
-0.866666666666667,-0.844444444444445,-0.822222222222222,-0.8,-0.777777777777778,
-0.755555555555556,-0.733333333333333,-0.711111111111111,-0.688888888888889,
-0.666666666666667,-0.644444444444444,-0.622222222222222,-0.6,-0.577777777777778,
-0.555555555555555,-0.533333333333333,-0.511111111111111,-0.488888888888889,
-0.466666666666666,-0.444444444444444,-0.422222222222222,-0.4,-0.377777777777778,
-0.355555555555555,-0.333333333333333,-0.311111111111111,-0.288888888888889,
-0.266666666666667,-0.244444444444444,-0.222222222222222,-0.2,-0.177777777777778,
-0.155555555555556,-0.133333333333333,-0.111111111111111,-0.0888888888888889,
-0.0666666666666667,-0.0444444444444444,-0.0222222222222222,0.),(-0.0545644173192512,
0.55),.UNSPECIFIED.)
GEOMETRIC_REPRESENTATION_ITEM()
RATIONAL_B_SPLINE_SURFACE(((1.,1.),(1.,1.),(1.,1.),(1.,1.),(1.,1.),(1.,
1.),(1.,1.),(1.,1.),(1.,1.),(1.,1.),(1.,1.),(1.,1.),(1.,1.),(1.,1.),(1.,
1.),(1.,1.),(1.,1.),(1.,1.),(1.,1.),(1.,1.),(1.,1.),(1.,1.),(1.,1.),(1.,
1.),(1.,1.),(1.,1.),(1.,1.),(1.,1.),(1.,1.),(1.,1.),(1.,1.),(1.,1.),(1.,
1.),(1.,1.),(1.,1.),(1.,1.),(1.,1.),(1.,1.),(1.,1.),(1.,1.),(1.,1.),(1.,
1.),(1.,1.),(1.,1.),(1.,1.),(1.,1.),(1.,1.),(1.,1.),(1.,1.),(1.,1.)))
REPRESENTATION_ITEM('')
SURFACE()
);
#295=(
BOUNDED_SURFACE()
B_SPLINE_SURFACE(5,1,((#6264,#6265),(#6266,#6267),(#6268,#6269),(#6270,
#6271),(#6272,#6273),(#6274,#6275),(#6276,#6277),(#6278,#6279),(#6280,#6281),
(#6282,#6283),(#6284,#6285),(#6286,#6287),(#6288,#6289),(#6290,#6291),(#6292,
#6293),(#6294,#6295),(#6296,#6297),(#6298,#6299),(#6300,#6301),(#6302,#6303),
(#6304,#6305),(#6306,#6307),(#6308,#6309),(#6310,#6311),(#6312,#6313),(#6314,
#6315),(#6316,#6317),(#6318,#6319),(#6320,#6321),(#6322,#6323),(#6324,#6325),
(#6326,#6327),(#6328,#6329),(#6330,#6331),(#6332,#6333),(#6334,#6335),(#6336,
#6337),(#6338,#6339),(#6340,#6341),(#6342,#6343),(#6344,#6345),(#6346,#6347),
(#6348,#6349),(#6350,#6351),(#6352,#6353),(#6354,#6355),(#6356,#6357),(#6358,
#6359),(#6360,#6361),(#6362,#6363)),.UNSPECIFIED.,.F.,.F.,.F.)
B_SPLINE_SURFACE_WITH_KNOTS((6,1,1,1,1,1,1,1,1,1,1,1,1,1,1,1,1,1,1,1,1,
1,1,1,1,1,1,1,1,1,1,1,1,1,1,1,1,1,1,1,1,1,1,1,1,6),(2,2),(-1.,-0.977777777777778,
-0.955555555555556,-0.933333333333334,-0.911111111111111,-0.888888888888889,
-0.866666666666667,-0.844444444444445,-0.822222222222222,-0.8,-0.777777777777778,
-0.755555555555556,-0.733333333333333,-0.711111111111111,-0.688888888888889,
-0.666666666666667,-0.644444444444444,-0.622222222222222,-0.6,-0.577777777777778,
-0.555555555555555,-0.533333333333333,-0.511111111111111,-0.488888888888889,
-0.466666666666666,-0.444444444444444,-0.422222222222222,-0.4,-0.377777777777778,
-0.355555555555555,-0.333333333333333,-0.311111111111111,-0.288888888888889,
-0.266666666666667,-0.244444444444444,-0.222222222222222,-0.2,-0.177777777777778,
-0.155555555555556,-0.133333333333333,-0.111111111111111,-0.0888888888888889,
-0.0666666666666667,-0.0444444444444444,-0.0222222222222222,0.),(-0.0545644173192512,
0.55),.UNSPECIFIED.)
GEOMETRIC_REPRESENTATION_ITEM()
RATIONAL_B_SPLINE_SURFACE(((1.,1.),(1.,1.),(1.,1.),(1.,1.),(1.,1.),(1.,
1.),(1.,1.),(1.,1.),(1.,1.),(1.,1.),(1.,1.),(1.,1.),(1.,1.),(1.,1.),(1.,
1.),(1.,1.),(1.,1.),(1.,1.),(1.,1.),(1.,1.),(1.,1.),(1.,1.),(1.,1.),(1.,
1.),(1.,1.),(1.,1.),(1.,1.),(1.,1.),(1.,1.),(1.,1.),(1.,1.),(1.,1.),(1.,
1.),(1.,1.),(1.,1.),(1.,1.),(1.,1.),(1.,1.),(1.,1.),(1.,1.),(1.,1.),(1.,
1.),(1.,1.),(1.,1.),(1.,1.),(1.,1.),(1.,1.),(1.,1.),(1.,1.),(1.,1.)))
REPRESENTATION_ITEM('')
SURFACE()
);
#296=FACE_OUTER_BOUND('',#389,.T.);
#297=FACE_OUTER_BOUND('',#390,.T.);
#298=FACE_OUTER_BOUND('',#391,.T.);
#299=FACE_OUTER_BOUND('',#392,.T.);
#300=FACE_OUTER_BOUND('',#393,.T.);
#301=FACE_OUTER_BOUND('',#394,.T.);
#302=FACE_OUTER_BOUND('',#395,.T.);
#303=FACE_OUTER_BOUND('',#396,.T.);
#304=FACE_OUTER_BOUND('',#397,.T.);
#305=FACE_OUTER_BOUND('',#398,.T.);
#306=FACE_OUTER_BOUND('',#399,.T.);
#307=FACE_OUTER_BOUND('',#400,.T.);
#308=FACE_OUTER_BOUND('',#401,.T.);
#309=FACE_OUTER_BOUND('',#402,.T.);
#310=FACE_OUTER_BOUND('',#403,.T.);
#311=FACE_OUTER_BOUND('',#404,.T.);
#312=FACE_OUTER_BOUND('',#405,.T.);
#313=FACE_OUTER_BOUND('',#406,.T.);
#314=FACE_OUTER_BOUND('',#407,.T.);
#315=FACE_OUTER_BOUND('',#408,.T.);
#316=FACE_OUTER_BOUND('',#409,.T.);
#317=FACE_OUTER_BOUND('',#410,.T.);
#318=FACE_OUTER_BOUND('',#411,.T.);
#319=FACE_OUTER_BOUND('',#412,.T.);
#320=FACE_OUTER_BOUND('',#413,.T.);
#321=FACE_OUTER_BOUND('',#414,.T.);
#322=FACE_OUTER_BOUND('',#415,.T.);
#323=FACE_OUTER_BOUND('',#416,.T.);
#324=FACE_OUTER_BOUND('',#417,.T.);
#325=FACE_OUTER_BOUND('',#418,.T.);
#326=FACE_OUTER_BOUND('',#419,.T.);
#327=FACE_OUTER_BOUND('',#420,.T.);
#328=FACE_OUTER_BOUND('',#421,.T.);
#329=FACE_OUTER_BOUND('',#422,.T.);
#330=FACE_OUTER_BOUND('',#423,.T.);
#331=FACE_OUTER_BOUND('',#424,.T.);
#332=FACE_OUTER_BOUND('',#425,.T.);
#333=FACE_OUTER_BOUND('',#426,.T.);
#334=FACE_OUTER_BOUND('',#427,.T.);
#335=FACE_OUTER_BOUND('',#428,.T.);
#336=FACE_OUTER_BOUND('',#429,.T.);
#337=FACE_OUTER_BOUND('',#430,.T.);
#338=FACE_OUTER_BOUND('',#431,.T.);
#339=FACE_OUTER_BOUND('',#432,.T.);
#340=FACE_OUTER_BOUND('',#433,.T.);
#341=FACE_OUTER_BOUND('',#434,.T.);
#342=FACE_OUTER_BOUND('',#435,.T.);
#343=FACE_OUTER_BOUND('',#436,.T.);
#344=FACE_OUTER_BOUND('',#437,.T.);
#345=FACE_OUTER_BOUND('',#438,.T.);
#346=FACE_OUTER_BOUND('',#439,.T.);
#347=FACE_OUTER_BOUND('',#440,.T.);
#348=FACE_OUTER_BOUND('',#441,.T.);
#349=FACE_OUTER_BOUND('',#442,.T.);
#350=FACE_OUTER_BOUND('',#443,.T.);
#351=FACE_OUTER_BOUND('',#444,.T.);
#352=FACE_OUTER_BOUND('',#445,.T.);
#353=FACE_OUTER_BOUND('',#446,.T.);
#354=FACE_OUTER_BOUND('',#447,.T.);
#355=FACE_OUTER_BOUND('',#448,.T.);
#356=FACE_OUTER_BOUND('',#449,.T.);
#357=FACE_OUTER_BOUND('',#450,.T.);
#358=FACE_OUTER_BOUND('',#451,.T.);
#359=FACE_OUTER_BOUND('',#452,.T.);
#360=FACE_OUTER_BOUND('',#453,.T.);
#361=FACE_OUTER_BOUND('',#454,.T.);
#362=FACE_OUTER_BOUND('',#455,.T.);
#363=FACE_OUTER_BOUND('',#456,.T.);
#364=FACE_OUTER_BOUND('',#457,.T.);
#365=FACE_OUTER_BOUND('',#458,.T.);
#366=FACE_OUTER_BOUND('',#459,.T.);
#367=FACE_OUTER_BOUND('',#460,.T.);
#368=FACE_OUTER_BOUND('',#461,.T.);
#369=FACE_OUTER_BOUND('',#462,.T.);
#370=FACE_OUTER_BOUND('',#463,.T.);
#371=FACE_OUTER_BOUND('',#464,.T.);
#372=FACE_OUTER_BOUND('',#465,.T.);
#373=FACE_OUTER_BOUND('',#466,.T.);
#374=FACE_OUTER_BOUND('',#467,.T.);
#375=FACE_OUTER_BOUND('',#468,.T.);
#376=FACE_OUTER_BOUND('',#469,.T.);
#377=FACE_OUTER_BOUND('',#471,.T.);
#378=FACE_OUTER_BOUND('',#472,.T.);
#379=FACE_OUTER_BOUND('',#473,.T.);
#380=FACE_OUTER_BOUND('',#474,.T.);
#381=FACE_OUTER_BOUND('',#475,.T.);
#382=FACE_OUTER_BOUND('',#476,.T.);
#383=FACE_OUTER_BOUND('',#477,.T.);
#384=FACE_OUTER_BOUND('',#478,.T.);
#385=FACE_OUTER_BOUND('',#480,.T.);
#386=FACE_OUTER_BOUND('',#481,.T.);
#387=FACE_OUTER_BOUND('',#482,.T.);
#388=FACE_OUTER_BOUND('',#483,.T.);
#389=EDGE_LOOP('',(#1130,#1131,#1132,#1133,#1134));
#390=EDGE_LOOP('',(#1135,#1136,#1137,#1138,#1139));
#391=EDGE_LOOP('',(#1140,#1141,#1142,#1143,#1144));
#392=EDGE_LOOP('',(#1145,#1146,#1147,#1148,#1149));
#393=EDGE_LOOP('',(#1150,#1151,#1152,#1153,#1154));
#394=EDGE_LOOP('',(#1155,#1156,#1157,#1158,#1159));
#395=EDGE_LOOP('',(#1160,#1161,#1162,#1163,#1164));
#396=EDGE_LOOP('',(#1165,#1166,#1167,#1168,#1169));
#397=EDGE_LOOP('',(#1170,#1171,#1172,#1173,#1174));
#398=EDGE_LOOP('',(#1175,#1176,#1177,#1178,#1179));
#399=EDGE_LOOP('',(#1180,#1181,#1182,#1183,#1184));
#400=EDGE_LOOP('',(#1185,#1186,#1187,#1188,#1189));
#401=EDGE_LOOP('',(#1190,#1191,#1192,#1193,#1194));
#402=EDGE_LOOP('',(#1195,#1196,#1197,#1198,#1199));
#403=EDGE_LOOP('',(#1200,#1201,#1202,#1203,#1204));
#404=EDGE_LOOP('',(#1205,#1206,#1207,#1208));
#405=EDGE_LOOP('',(#1209,#1210,#1211,#1212));
#406=EDGE_LOOP('',(#1213,#1214,#1215,#1216));
#407=EDGE_LOOP('',(#1217,#1218,#1219,#1220));
#408=EDGE_LOOP('',(#1221,#1222,#1223,#1224));
#409=EDGE_LOOP('',(#1225,#1226,#1227,#1228));
#410=EDGE_LOOP('',(#1229,#1230,#1231,#1232));
#411=EDGE_LOOP('',(#1233,#1234,#1235,#1236));
#412=EDGE_LOOP('',(#1237,#1238,#1239,#1240));
#413=EDGE_LOOP('',(#1241,#1242,#1243,#1244));
#414=EDGE_LOOP('',(#1245,#1246,#1247,#1248));
#415=EDGE_LOOP('',(#1249,#1250,#1251,#1252));
#416=EDGE_LOOP('',(#1253,#1254,#1255,#1256));
#417=EDGE_LOOP('',(#1257,#1258,#1259,#1260));
#418=EDGE_LOOP('',(#1261,#1262,#1263,#1264));
#419=EDGE_LOOP('',(#1265,#1266,#1267,#1268,#1269,#1270,#1271,#1272,#1273,
#1274,#1275,#1276,#1277,#1278,#1279,#1280,#1281,#1282,#1283,#1284,#1285,
#1286,#1287,#1288,#1289,#1290,#1291,#1292,#1293,#1294,#1295,#1296,#1297,
#1298,#1299,#1300,#1301,#1302,#1303,#1304,#1305,#1306,#1307,#1308,#1309,
#1310,#1311,#1312,#1313,#1314,#1315,#1316,#1317,#1318,#1319,#1320,#1321,
#1322,#1323,#1324));
#420=EDGE_LOOP('',(#1325,#1326,#1327,#1328));
#421=EDGE_LOOP('',(#1329,#1330,#1331,#1332,#1333));
#422=EDGE_LOOP('',(#1334,#1335,#1336,#1337,#1338,#1339));
#423=EDGE_LOOP('',(#1340,#1341,#1342,#1343));
#424=EDGE_LOOP('',(#1344,#1345,#1346,#1347,#1348));
#425=EDGE_LOOP('',(#1349,#1350,#1351,#1352,#1353,#1354));
#426=EDGE_LOOP('',(#1355,#1356,#1357,#1358));
#427=EDGE_LOOP('',(#1359,#1360,#1361,#1362,#1363));
#428=EDGE_LOOP('',(#1364,#1365,#1366,#1367,#1368,#1369));
#429=EDGE_LOOP('',(#1370,#1371,#1372,#1373));
#430=EDGE_LOOP('',(#1374,#1375,#1376,#1377,#1378));
#431=EDGE_LOOP('',(#1379,#1380,#1381,#1382,#1383,#1384));
#432=EDGE_LOOP('',(#1385,#1386,#1387,#1388));
#433=EDGE_LOOP('',(#1389,#1390,#1391,#1392,#1393));
#434=EDGE_LOOP('',(#1394,#1395,#1396,#1397,#1398,#1399));
#435=EDGE_LOOP('',(#1400,#1401,#1402,#1403));
#436=EDGE_LOOP('',(#1404,#1405,#1406,#1407,#1408));
#437=EDGE_LOOP('',(#1409,#1410,#1411,#1412,#1413,#1414));
#438=EDGE_LOOP('',(#1415,#1416,#1417,#1418));
#439=EDGE_LOOP('',(#1419,#1420,#1421,#1422,#1423));
#440=EDGE_LOOP('',(#1424,#1425,#1426,#1427,#1428,#1429));
#441=EDGE_LOOP('',(#1430,#1431,#1432,#1433));
#442=EDGE_LOOP('',(#1434,#1435,#1436,#1437,#1438));
#443=EDGE_LOOP('',(#1439,#1440,#1441,#1442,#1443,#1444));
#444=EDGE_LOOP('',(#1445,#1446,#1447,#1448));
#445=EDGE_LOOP('',(#1449,#1450,#1451,#1452,#1453));
#446=EDGE_LOOP('',(#1454,#1455,#1456,#1457,#1458,#1459));
#447=EDGE_LOOP('',(#1460,#1461,#1462,#1463));
#448=EDGE_LOOP('',(#1464,#1465,#1466,#1467,#1468));
#449=EDGE_LOOP('',(#1469,#1470,#1471,#1472,#1473,#1474));
#450=EDGE_LOOP('',(#1475,#1476,#1477,#1478));
#451=EDGE_LOOP('',(#1479,#1480,#1481,#1482,#1483));
#452=EDGE_LOOP('',(#1484,#1485,#1486,#1487,#1488,#1489));
#453=EDGE_LOOP('',(#1490,#1491,#1492,#1493));
#454=EDGE_LOOP('',(#1494,#1495,#1496,#1497,#1498));
#455=EDGE_LOOP('',(#1499,#1500,#1501,#1502,#1503,#1504));
#456=EDGE_LOOP('',(#1505,#1506,#1507,#1508));
#457=EDGE_LOOP('',(#1509,#1510,#1511,#1512,#1513));
#458=EDGE_LOOP('',(#1514,#1515,#1516,#1517,#1518,#1519));
#459=EDGE_LOOP('',(#1520,#1521,#1522,#1523));
#460=EDGE_LOOP('',(#1524,#1525,#1526,#1527,#1528));
#461=EDGE_LOOP('',(#1529,#1530,#1531,#1532,#1533,#1534));
#462=EDGE_LOOP('',(#1535,#1536,#1537,#1538));
#463=EDGE_LOOP('',(#1539,#1540,#1541,#1542,#1543));
#464=EDGE_LOOP('',(#1544,#1545,#1546,#1547,#1548,#1549));
#465=EDGE_LOOP('',(#1550,#1551,#1552,#1553,#1554,#1555,#1556,#1557,#1558,
#1559,#1560,#1561,#1562,#1563,#1564,#1565,#1566,#1567,#1568,#1569,#1570,
#1571,#1572,#1573,#1574,#1575,#1576,#1577,#1578,#1579,#1580,#1581,#1582,
#1583,#1584,#1585,#1586,#1587,#1588,#1589,#1590,#1591,#1592,#1593,#1594,
#1595,#1596,#1597,#1598,#1599,#1600,#1601,#1602,#1603,#1604,#1605,#1606,
#1607,#1608,#1609));
#466=EDGE_LOOP('',(#1610,#1611,#1612,#1613));
#467=EDGE_LOOP('',(#1614,#1615,#1616,#1617));
#468=EDGE_LOOP('',(#1618,#1619,#1620,#1621));
#469=EDGE_LOOP('',(#1622,#1623,#1624,#1625));
#470=EDGE_LOOP('',(#1626));
#471=EDGE_LOOP('',(#1627,#1628,#1629,#1630));
#472=EDGE_LOOP('',(#1631,#1632,#1633,#1634));
#473=EDGE_LOOP('',(#1635,#1636,#1637,#1638));
#474=EDGE_LOOP('',(#1639,#1640,#1641,#1642));
#475=EDGE_LOOP('',(#1643,#1644,#1645,#1646,#1647,#1648,#1649,#1650));
#476=EDGE_LOOP('',(#1651,#1652,#1653,#1654));
#477=EDGE_LOOP('',(#1655,#1656,#1657,#1658));
#478=EDGE_LOOP('',(#1659,#1660,#1661,#1662,#1663,#1664,#1665,#1666));
#479=EDGE_LOOP('',(#1667));
#480=EDGE_LOOP('',(#1668,#1669,#1670,#1671));
#481=EDGE_LOOP('',(#1672,#1673,#1674,#1675));
#482=EDGE_LOOP('',(#1676,#1677,#1678,#1679));
#483=EDGE_LOOP('',(#1680,#1681,#1682,#1683));
#484=EDGE_LOOP('',(#1684,#1685,#1686,#1687));
#485=CIRCLE('',#1844,11.);
#486=CIRCLE('',#1845,11.);
#487=CIRCLE('',#1847,11.);
#488=CIRCLE('',#1848,11.);
#489=CIRCLE('',#1850,11.);
#490=CIRCLE('',#1851,11.);
#491=CIRCLE('',#1853,11.);
#492=CIRCLE('',#1854,11.);
#493=CIRCLE('',#1856,11.);
#494=CIRCLE('',#1857,11.);
#495=CIRCLE('',#1859,11.);
#496=CIRCLE('',#1860,11.);
#497=CIRCLE('',#1862,11.);
#498=CIRCLE('',#1863,11.);
#499=CIRCLE('',#1865,11.);
#500=CIRCLE('',#1866,11.);
#501=CIRCLE('',#1868,11.);
#502=CIRCLE('',#1869,11.);
#503=CIRCLE('',#1871,11.);
#504=CIRCLE('',#1872,11.);
#505=CIRCLE('',#1874,11.);
#506=CIRCLE('',#1875,11.);
#507=CIRCLE('',#1877,11.);
#508=CIRCLE('',#1878,11.);
#509=CIRCLE('',#1880,11.);
#510=CIRCLE('',#1881,11.);
#511=CIRCLE('',#1883,11.);
#512=CIRCLE('',#1884,11.);
#513=CIRCLE('',#1886,11.);
#514=CIRCLE('',#1887,11.);
#515=CIRCLE('',#1889,6.);
#516=CIRCLE('',#1890,6.);
#517=CIRCLE('',#1891,6.);
#518=CIRCLE('',#1892,6.);
#519=CIRCLE('',#1893,6.);
#520=CIRCLE('',#1894,6.);
#521=CIRCLE('',#1895,6.);
#522=CIRCLE('',#1896,6.);
#523=CIRCLE('',#1897,6.);
#524=CIRCLE('',#1898,6.);
#525=CIRCLE('',#1899,6.);
#526=CIRCLE('',#1900,6.);
#527=CIRCLE('',#1901,6.);
#528=CIRCLE('',#1902,6.);
#529=CIRCLE('',#1903,6.);
#530=CIRCLE('',#1905,6.);
#531=CIRCLE('',#1907,6.);
#532=CIRCLE('',#1909,6.);
#533=CIRCLE('',#1911,6.);
#534=CIRCLE('',#1913,6.);
#535=CIRCLE('',#1915,6.);
#536=CIRCLE('',#1917,6.);
#537=CIRCLE('',#1919,6.);
#538=CIRCLE('',#1921,6.);
#539=CIRCLE('',#1923,6.);
#540=CIRCLE('',#1925,6.);
#541=CIRCLE('',#1927,6.);
#542=CIRCLE('',#1929,6.);
#543=CIRCLE('',#1931,6.);
#544=CIRCLE('',#1933,6.);
#545=CIRCLE('',#1937,10.);
#546=CIRCLE('',#1938,10.);
#547=CIRCLE('',#1945,1.5);
#548=CIRCLE('',#1946,1.5);
#549=CIRCLE('',#1949,1.5);
#550=CIRCLE('',#1950,1.5);
#551=CIRCLE('',#1951,1.5);
#552=CIRCLE('',#1953,1.5);
#553=CIRCLE('',#1956,1.5);
#554=CIRCLE('',#1957,1.5);
#555=B_SPLINE_CURVE_WITH_KNOTS('',3,(#2319,#2320,#2321,#2322,#2323,#2324,
#2325,#2326,#2327,#2328,#2329,#2330,#2331,#2332),.UNSPECIFIED.,.F.,.F.,
(4,2,2,2,2,2,4),(-0.732739530519207,-0.574463851951494,-0.516384707998013,
-0.344294218499798,-0.155810649389549,-0.0825724766065217,0.),
 .UNSPECIFIED.);
#556=B_SPLINE_CURVE_WITH_KNOTS('',3,(#2336,#2337,#2338,#2339,#2340,#2341,
#2342,#2343,#2344,#2345,#2346,#2347,#2348,#2349),.UNSPECIFIED.,.F.,.F.,
(4,2,2,2,2,2,4),(-1.69684921655109,-1.31686045708516,-1.05150045298405,
-0.751480295949398,-0.477893698182257,-0.195937913796166,-2.10218509266724E-9),
 .UNSPECIFIED.);
#557=B_SPLINE_CURVE_WITH_KNOTS('',3,(#2352,#2353,#2354,#2355,#2356,#2357,
#2358,#2359),.UNSPECIFIED.,.F.,.F.,(4,2,2,4),(-0.100663474177888,-0.083386586810075,
-0.0560674096529169,0.),.UNSPECIFIED.);
#558=B_SPLINE_CURVE_WITH_KNOTS('',3,(#2363,#2364,#2365,#2366,#2367,#2368,
#2369,#2370,#2371,#2372,#2373,#2374,#2375,#2376),.UNSPECIFIED.,.F.,.F.,
(4,2,2,2,2,2,4),(-0.732739530516929,-0.574463851950194,-0.516384707997513,
-0.344294218500158,-0.155810649390409,-0.08257247660626,0.),
 .UNSPECIFIED.);
#559=B_SPLINE_CURVE_WITH_KNOTS('',3,(#2380,#2381,#2382,#2383,#2384,#2385,
#2386,#2387,#2388,#2389,#2390,#2391,#2392,#2393),.UNSPECIFIED.,.F.,.F.,
(4,2,2,2,2,2,4),(-1.69684921640023,-1.31686045701085,-1.05150045293546,
-0.751480295923437,-0.477893698170271,-0.195937913797806,-2.10218509266724E-9),
 .UNSPECIFIED.);
#560=B_SPLINE_CURVE_WITH_KNOTS('',3,(#2396,#2397,#2398,#2399,#2400,#2401,
#2402,#2403),.UNSPECIFIED.,.F.,.F.,(4,2,2,4),(-0.10066347418068,-0.0833865868121669,
-0.0560674096539445,0.),.UNSPECIFIED.);
#561=B_SPLINE_CURVE_WITH_KNOTS('',3,(#2407,#2408,#2409,#2410,#2411,#2412,
#2413,#2414,#2415,#2416,#2417,#2418,#2419,#2420),.UNSPECIFIED.,.F.,.F.,
(4,2,2,2,2,2,4),(-0.732739536428148,-0.574463854237325,-0.516384710005178,
-0.344294220023247,-0.155810650081569,-0.0825724769731552,0.),
 .UNSPECIFIED.);
#562=B_SPLINE_CURVE_WITH_KNOTS('',3,(#2424,#2425,#2426,#2427,#2428,#2429,
#2430,#2431,#2432,#2433,#2434,#2435,#2436,#2437),.UNSPECIFIED.,.F.,.F.,
(4,2,2,2,2,2,4),(-1.69684921654504,-1.31686045708538,-1.05150045298252,
-0.751480295944581,-0.477893698181765,-0.195937913795729,-2.10218509266724E-9),
 .UNSPECIFIED.);
#563=B_SPLINE_CURVE_WITH_KNOTS('',3,(#2440,#2441,#2442,#2443,#2444,#2445,
#2446,#2447),.UNSPECIFIED.,.F.,.F.,(4,2,2,4),(-0.100663474183394,-0.08338658681031,
-0.0560674096526943,0.),.UNSPECIFIED.);
#564=B_SPLINE_CURVE_WITH_KNOTS('',3,(#2451,#2452,#2453,#2454,#2455,#2456,
#2457,#2458,#2459,#2460,#2461,#2462,#2463,#2464),.UNSPECIFIED.,.F.,.F.,
(4,2,2,2,2,2,4),(-0.732739530541819,-0.574463851962456,-0.516384708006134,
-0.344294218499389,-0.15581064939016,-0.0825724766067644,0.),
 .UNSPECIFIED.);
#565=B_SPLINE_CURVE_WITH_KNOTS('',3,(#2468,#2469,#2470,#2471,#2472,#2473,
#2474,#2475,#2476,#2477,#2478,#2479,#2480,#2481),.UNSPECIFIED.,.F.,.F.,
(4,2,2,2,2,2,4),(-1.69684921652169,-1.31686045707203,-1.05150045297263,
-0.751480295936532,-0.477893698178415,-0.195937913796148,-2.10218531471185E-9),
 .UNSPECIFIED.);
#566=B_SPLINE_CURVE_WITH_KNOTS('',3,(#2484,#2485,#2486,#2487,#2488,#2489,
#2490,#2491),.UNSPECIFIED.,.F.,.F.,(4,2,2,4),(-0.100663474180512,-0.08338658681047,
-0.0560674096529483,0.),.UNSPECIFIED.);
#567=B_SPLINE_CURVE_WITH_KNOTS('',3,(#2495,#2496,#2497,#2498,#2499,#2500,
#2501,#2502,#2503,#2504,#2505,#2506,#2507,#2508),.UNSPECIFIED.,.F.,.F.,
(4,2,2,2,2,2,4),(-0.732739530571014,-0.574463851987157,-0.516384708027124,
-0.344294218512587,-0.155810649394232,-0.0825724766077535,0.),
 .UNSPECIFIED.);
#568=B_SPLINE_CURVE_WITH_KNOTS('',3,(#2512,#2513,#2514,#2515,#2516,#2517,
#2518,#2519,#2520,#2521,#2522,#2523,#2524,#2525),.UNSPECIFIED.,.F.,.F.,
(4,2,2,2,2,2,4),(-1.69684921657044,-1.31686045710797,-1.05150045299605,
-0.751480295946049,-0.477893698182998,-0.195937913794679,-2.10218487062264E-9),
 .UNSPECIFIED.);
#569=B_SPLINE_CURVE_WITH_KNOTS('',3,(#2528,#2529,#2530,#2531,#2532,#2533,
#2534,#2535),.UNSPECIFIED.,.F.,.F.,(4,2,2,4),(-0.100663474179286,-0.0833865868100756,
-0.0560674096527803,0.),.UNSPECIFIED.);
#570=B_SPLINE_CURVE_WITH_KNOTS('',3,(#2539,#2540,#2541,#2542,#2543,#2544,
#2545,#2546,#2547,#2548,#2549,#2550,#2551,#2552),.UNSPECIFIED.,.F.,.F.,
(4,2,2,2,2,2,4),(-0.732739536383847,-0.574463854206562,-0.516384709978982,
-0.344294220009594,-0.155810650076503,-0.0825724769712392,0.),
 .UNSPECIFIED.);
#571=B_SPLINE_CURVE_WITH_KNOTS('',3,(#2556,#2557,#2558,#2559,#2560,#2561,
#2562,#2563,#2564,#2565,#2566,#2567,#2568,#2569),.UNSPECIFIED.,.F.,.F.,
(4,2,2,2,2,2,4),(-1.69684921663761,-1.31686045712241,-1.05150045301011,
-0.751480295966416,-0.477893698189932,-0.195937913795219,-2.10218509266724E-9),
 .UNSPECIFIED.);
#572=B_SPLINE_CURVE_WITH_KNOTS('',3,(#2572,#2573,#2574,#2575,#2576,#2577,
#2578,#2579),.UNSPECIFIED.,.F.,.F.,(4,2,2,4),(-0.100663474179201,-0.0833865868140858,
-0.056067409654879,0.),.UNSPECIFIED.);
#573=B_SPLINE_CURVE_WITH_KNOTS('',3,(#2583,#2584,#2585,#2586,#2587,#2588,
#2589,#2590,#2591,#2592,#2593,#2594,#2595,#2596),.UNSPECIFIED.,.F.,.F.,
(4,2,2,2,2,2,4),(-0.732739530518173,-0.57446385194826,-0.516384707994239,
-0.34429421849456,-0.155810649388016,-0.0825724766052667,0.),
 .UNSPECIFIED.);
#574=B_SPLINE_CURVE_WITH_KNOTS('',3,(#2600,#2601,#2602,#2603,#2604,#2605,
#2606,#2607,#2608,#2609,#2610,#2611,#2612,#2613),.UNSPECIFIED.,.F.,.F.,
(4,2,2,2,2,2,4),(-1.69684921659042,-1.31686045711168,-1.05150045299891,
-0.751480295951436,-0.477893698184295,-0.19593791379445,-2.10218553675645E-9),
 .UNSPECIFIED.);
#575=B_SPLINE_CURVE_WITH_KNOTS('',3,(#2616,#2617,#2618,#2619,#2620,#2621,
#2622,#2623),.UNSPECIFIED.,.F.,.F.,(4,2,2,4),(-0.100663474174311,-0.083386586808364,
-0.0560674096521106,0.),.UNSPECIFIED.);
#576=B_SPLINE_CURVE_WITH_KNOTS('',3,(#2627,#2628,#2629,#2630,#2631,#2632,
#2633,#2634,#2635,#2636,#2637,#2638,#2639,#2640),.UNSPECIFIED.,.F.,.F.,
(4,2,2,2,2,2,4),(-0.732739536441097,-0.574463854244074,-0.516384710008902,
-0.344294220021015,-0.155810650080132,-0.0825724769724365,0.),
 .UNSPECIFIED.);
#577=B_SPLINE_CURVE_WITH_KNOTS('',3,(#2644,#2645,#2646,#2647,#2648,#2649,
#2650,#2651,#2652,#2653,#2654,#2655,#2656,#2657),.UNSPECIFIED.,.F.,.F.,
(4,2,2,2,2,2,4),(-1.69684921651241,-1.31686045708756,-1.05150045298998,
-0.75148029595162,-0.477893698183049,-0.195937913796615,-2.10218509266724E-9),
 .UNSPECIFIED.);
#578=B_SPLINE_CURVE_WITH_KNOTS('',3,(#2660,#2661,#2662,#2663,#2664,#2665,
#2666,#2667),.UNSPECIFIED.,.F.,.F.,(4,2,2,4),(-0.100663474171435,-0.0833865868064988,
-0.0560674096511637,0.),.UNSPECIFIED.);
#579=B_SPLINE_CURVE_WITH_KNOTS('',3,(#2671,#2672,#2673,#2674,#2675,#2676,
#2677,#2678,#2679,#2680,#2681,#2682,#2683,#2684),.UNSPECIFIED.,.F.,.F.,
(4,2,2,2,2,2,4),(-0.732739530445424,-0.574463851901172,-0.516384707955086,
-0.344294218477438,-0.15581064938202,-0.0825724766034126,0.),
 .UNSPECIFIED.);
#580=B_SPLINE_CURVE_WITH_KNOTS('',3,(#2688,#2689,#2690,#2691,#2692,#2693,
#2694,#2695,#2696,#2697,#2698,#2699,#2700,#2701),.UNSPECIFIED.,.F.,.F.,
(4,2,2,2,2,2,4),(-1.6968492164899,-1.3168604570504,-1.05150045296356,-0.75148029594118,
-0.477893698179639,-0.195937913796826,-2.10218509266724E-9),
 .UNSPECIFIED.);
#581=B_SPLINE_CURVE_WITH_KNOTS('',3,(#2704,#2705,#2706,#2707,#2708,#2709,
#2710,#2711),.UNSPECIFIED.,.F.,.F.,(4,2,2,4),(-0.100663474177313,-0.083386586809401,
-0.0560674096525137,0.),.UNSPECIFIED.);
#582=B_SPLINE_CURVE_WITH_KNOTS('',3,(#2715,#2716,#2717,#2718,#2719,#2720,
#2721,#2722,#2723,#2724,#2725,#2726,#2727,#2728),.UNSPECIFIED.,.F.,.F.,
(4,2,2,2,2,2,4),(-0.73273953046573,-0.574463851913539,-0.516384707965095,
-0.344294218480515,-0.155810649383359,-0.0825724766032253,0.),
 .UNSPECIFIED.);
#583=B_SPLINE_CURVE_WITH_KNOTS('',3,(#2732,#2733,#2734,#2735,#2736,#2737,
#2738,#2739,#2740,#2741,#2742,#2743,#2744,#2745),.UNSPECIFIED.,.F.,.F.,
(4,2,2,2,2,2,4),(-1.69684926626898,-1.31686048279073,-1.05150046790777,
-0.751480299899592,-0.477893697455926,-0.195937907087348,0.),
 .UNSPECIFIED.);
#584=B_SPLINE_CURVE_WITH_KNOTS('',3,(#2748,#2749,#2750,#2751,#2752,#2753,
#2754,#2755),.UNSPECIFIED.,.F.,.F.,(4,2,2,4),(-0.100663474167694,-0.0833865868036062,
-0.0560674096497812,0.),.UNSPECIFIED.);
#585=B_SPLINE_CURVE_WITH_KNOTS('',3,(#2759,#2760,#2761,#2762,#2763,#2764,
#2765,#2766,#2767,#2768,#2769,#2770,#2771,#2772),.UNSPECIFIED.,.F.,.F.,
(4,2,2,2,2,2,4),(-0.732739530476953,-0.574463851921326,-0.516384707970333,
-0.344294218481769,-0.155810649383037,-0.0825724766029039,0.),
 .UNSPECIFIED.);
#586=B_SPLINE_CURVE_WITH_KNOTS('',3,(#2776,#2777,#2778,#2779,#2780,#2781,
#2782,#2783,#2784,#2785,#2786,#2787,#2788,#2789),.UNSPECIFIED.,.F.,.F.,
(4,2,2,2,2,2,4),(-1.69684926561584,-1.3168604824291,-1.05150046768017,-0.751480299807685,
-0.477893697410331,-0.195937907096948,0.),.UNSPECIFIED.);
#587=B_SPLINE_CURVE_WITH_KNOTS('',3,(#2792,#2793,#2794,#2795,#2796,#2797,
#2798,#2799),.UNSPECIFIED.,.F.,.F.,(4,2,2,4),(-0.100663474175303,-0.0833865868072725,
-0.0560674096513995,0.),.UNSPECIFIED.);
#588=B_SPLINE_CURVE_WITH_KNOTS('',3,(#2803,#2804,#2805,#2806,#2807,#2808,
#2809,#2810,#2811,#2812,#2813,#2814,#2815,#2816),.UNSPECIFIED.,.F.,.F.,
(4,2,2,2,2,2,4),(-0.73273953043419,-0.574463851888626,-0.516384707942628,
-0.344294218465651,-0.155810649377708,-0.0825724766017032,0.),
 .UNSPECIFIED.);
#589=B_SPLINE_CURVE_WITH_KNOTS('',3,(#2820,#2821,#2822,#2823,#2824,#2825,
#2826,#2827,#2828,#2829,#2830,#2831,#2832,#2833),.UNSPECIFIED.,.F.,.F.,
(4,2,2,2,2,2,4),(-1.69684926587348,-1.31686048257239,-1.05150046777029,
-0.751480299841994,-0.477893697428413,-0.195937907092344,0.),
 .UNSPECIFIED.);
#590=B_SPLINE_CURVE_WITH_KNOTS('',3,(#2836,#2837,#2838,#2839,#2840,#2841,
#2842,#2843),.UNSPECIFIED.,.F.,.F.,(4,2,2,4),(-0.100663474180644,-0.0833865868123743,
-0.0560674096540991,0.),.UNSPECIFIED.);
#591=B_SPLINE_CURVE_WITH_KNOTS('',3,(#2847,#2848,#2849,#2850,#2851,#2852,
#2853,#2854,#2855,#2856,#2857,#2858,#2859,#2860),.UNSPECIFIED.,.F.,.F.,
(4,2,2,2,2,2,4),(-0.732739536420861,-0.574463854228902,-0.516384709996227,
-0.34429422001389,-0.155810650078356,-0.0825724769715235,0.),
 .UNSPECIFIED.);
#592=B_SPLINE_CURVE_WITH_KNOTS('',3,(#2864,#2865,#2866,#2867,#2868,#2869,
#2870,#2871,#2872,#2873,#2874,#2875,#2876,#2877),.UNSPECIFIED.,.F.,.F.,
(4,2,2,2,2,2,4),(-1.69684921658456,-1.31686045711711,-1.05150045301423,
-0.751480295976405,-0.477893698192876,-0.195937913796271,-2.10218509266724E-9),
 .UNSPECIFIED.);
#593=B_SPLINE_CURVE_WITH_KNOTS('',3,(#2880,#2881,#2882,#2883,#2884,#2885,
#2886,#2887),.UNSPECIFIED.,.F.,.F.,(4,2,2,4),(-0.100663474172711,-0.0833865868072523,
-0.0560674096516537,0.),.UNSPECIFIED.);
#594=B_SPLINE_CURVE_WITH_KNOTS('',3,(#2891,#2892,#2893,#2894,#2895,#2896,
#2897,#2898,#2899,#2900,#2901,#2902,#2903,#2904),.UNSPECIFIED.,.F.,.F.,
(4,2,2,2,2,2,4),(-0.732739530493953,-0.574463851929715,-0.516384707976922,
-0.344294218482607,-0.155810649383685,-0.0825724766039889,0.),
 .UNSPECIFIED.);
#595=B_SPLINE_CURVE_WITH_KNOTS('',3,(#2908,#2909,#2910,#2911,#2912,#2913,
#2914,#2915,#2916,#2917,#2918,#2919,#2920,#2921),.UNSPECIFIED.,.F.,.F.,
(4,2,2,2,2,2,4),(-1.69684926572462,-1.31686048248909,-1.05150046771873,
-0.751480299824976,-0.477893697418027,-0.19593790709662,0.),
 .UNSPECIFIED.);
#596=B_SPLINE_CURVE_WITH_KNOTS('',3,(#2924,#2925,#2926,#2927,#2928,#2929,
#2930,#2931),.UNSPECIFIED.,.F.,.F.,(4,2,2,4),(-0.1006634741786,-0.0833865868114724,
-0.0560674096535019,0.),.UNSPECIFIED.);
#597=B_SPLINE_CURVE_WITH_KNOTS('',3,(#2935,#2936,#2937,#2938,#2939,#2940,
#2941,#2942,#2943,#2944,#2945,#2946,#2947,#2948),.UNSPECIFIED.,.F.,.F.,
(4,2,2,2,2,2,4),(-0.732739530464728,-0.574463851914832,-0.51638470796662,
-0.344294218483872,-0.1558106493836,-0.0825724766038984,0.),
 .UNSPECIFIED.);
#598=B_SPLINE_CURVE_WITH_KNOTS('',3,(#2952,#2953,#2954,#2955,#2956,#2957,
#2958,#2959,#2960,#2961,#2962,#2963,#2964,#2965),.UNSPECIFIED.,.F.,.F.,
(4,2,2,2,2,2,4),(-1.69684926565916,-1.31686048244307,-1.05150046768923,
-0.751480299815622,-0.477893697413567,-0.195937907097797,0.),
 .UNSPECIFIED.);
#599=B_SPLINE_CURVE_WITH_KNOTS('',3,(#2968,#2969,#2970,#2971,#2972,#2973,
#2974,#2975),.UNSPECIFIED.,.F.,.F.,(4,2,2,4),(-0.100663474180323,-0.0833865868103565,
-0.0560674096529385,0.),.UNSPECIFIED.);
#600=B_SPLINE_CURVE_WITH_KNOTS('',3,(#3009,#3010,#3011,#3012,#3013,#3014,
#3015,#3016),.UNSPECIFIED.,.F.,.F.,(4,2,2,4),(0.,0.0122816820817872,0.0436347445138458,
0.0747110080935985),.UNSPECIFIED.);
#601=B_SPLINE_CURVE_WITH_KNOTS('',3,(#3051,#3052,#3053,#3054,#3055,#3056,
#3057,#3058),.UNSPECIFIED.,.F.,.F.,(4,2,2,4),(0.,0.0122816820818109,0.0436347445118471,
0.0747110080865751),.UNSPECIFIED.);
#602=B_SPLINE_CURVE_WITH_KNOTS('',3,(#3093,#3094,#3095,#3096,#3097,#3098,
#3099,#3100),.UNSPECIFIED.,.F.,.F.,(4,2,2,4),(0.,0.0122816820816686,0.0436347445120244,
0.0747110080884246),.UNSPECIFIED.);
#603=B_SPLINE_CURVE_WITH_KNOTS('',3,(#3135,#3136,#3137,#3138,#3139,#3140,
#3141,#3142),.UNSPECIFIED.,.F.,.F.,(4,2,2,4),(0.,0.012281682081788,0.043634744514156,
0.0747110080936882),.UNSPECIFIED.);
#604=B_SPLINE_CURVE_WITH_KNOTS('',3,(#3177,#3178,#3179,#3180,#3181,#3182,
#3183,#3184),.UNSPECIFIED.,.F.,.F.,(4,2,2,4),(0.,0.0122816820817594,0.0436347445120949,
0.074711008087757),.UNSPECIFIED.);
#605=B_SPLINE_CURVE_WITH_KNOTS('',3,(#3219,#3220,#3221,#3222,#3223,#3224,
#3225,#3226),.UNSPECIFIED.,.F.,.F.,(4,2,2,4),(0.,0.0122816820817505,0.0436347445118703,
0.0747110080880014),.UNSPECIFIED.);
#606=B_SPLINE_CURVE_WITH_KNOTS('',3,(#3261,#3262,#3263,#3264,#3265,#3266,
#3267,#3268),.UNSPECIFIED.,.F.,.F.,(4,2,2,4),(0.,0.0122816820817263,0.0436347445116453,
0.0747110080871346),.UNSPECIFIED.);
#607=B_SPLINE_CURVE_WITH_KNOTS('',3,(#3303,#3304,#3305,#3306,#3307,#3308,
#3309,#3310),.UNSPECIFIED.,.F.,.F.,(4,2,2,4),(0.,0.0122816820815882,0.0436347445132287,
0.0747110080941256),.UNSPECIFIED.);
#608=B_SPLINE_CURVE_WITH_KNOTS('',3,(#3345,#3346,#3347,#3348,#3349,#3350,
#3351,#3352),.UNSPECIFIED.,.F.,.F.,(4,2,2,4),(0.,0.0122816820817983,0.0436347445107795,
0.0747110080830887),.UNSPECIFIED.);
#609=B_SPLINE_CURVE_WITH_KNOTS('',3,(#3387,#3388,#3389,#3390,#3391,#3392,
#3393,#3394),.UNSPECIFIED.,.F.,.F.,(4,2,2,4),(0.,0.0122816820818005,0.043634744512402,
0.0747110080890508),.UNSPECIFIED.);
#610=B_SPLINE_CURVE_WITH_KNOTS('',3,(#3429,#3430,#3431,#3432,#3433,#3434,
#3435,#3436),.UNSPECIFIED.,.F.,.F.,(4,2,2,4),(0.,0.0122816820817473,0.0436347445127949,
0.0747110080903524),.UNSPECIFIED.);
#611=B_SPLINE_CURVE_WITH_KNOTS('',3,(#3471,#3472,#3473,#3474,#3475,#3476,
#3477,#3478),.UNSPECIFIED.,.F.,.F.,(4,2,2,4),(0.,0.0122816820818185,0.043634744510326,
0.0747110080821107),.UNSPECIFIED.);
#612=B_SPLINE_CURVE_WITH_KNOTS('',3,(#3513,#3514,#3515,#3516,#3517,#3518,
#3519,#3520),.UNSPECIFIED.,.F.,.F.,(4,2,2,4),(0.,0.0122816820818038,0.0436347445136402,
0.0747110080928041),.UNSPECIFIED.);
#613=B_SPLINE_CURVE_WITH_KNOTS('',3,(#3555,#3556,#3557,#3558,#3559,#3560,
#3561,#3562),.UNSPECIFIED.,.F.,.F.,(4,2,2,4),(0.,0.0122816820817883,0.0436347445151963,
0.0747110080977347),.UNSPECIFIED.);
#614=B_SPLINE_CURVE_WITH_KNOTS('',3,(#3597,#3598,#3599,#3600,#3601,#3602,
#3603,#3604),.UNSPECIFIED.,.F.,.F.,(4,2,2,4),(0.,0.0122816820817685,0.0436347445128373,
0.0747110080899189),.UNSPECIFIED.);
#615=B_SPLINE_CURVE_WITH_KNOTS('',3,(#3754,#3755,#3756,#3757,#3758,#3759,
#3760,#3761,#3762,#3763,#3764,#3765,#3766,#3767),.UNSPECIFIED.,.F.,.F.,
(4,2,2,2,2,2,4),(0.,0.099073277587478,0.17597029168823,0.312813791248548,
0.424712079472209,0.498164944823729,0.65595776280889),.UNSPECIFIED.);
#616=B_SPLINE_CURVE_WITH_KNOTS('',3,(#3813,#3814,#3815,#3816),
 .UNSPECIFIED.,.F.,.F.,(4,4),(0.329860069470625,0.334748018427646),
 .UNSPECIFIED.);
#617=B_SPLINE_CURVE_WITH_KNOTS('',3,(#3818,#3819,#3820,#3821,#3822,#3823,
#3824,#3825,#3826,#3827,#3828,#3829,#3830,#3831,#3832,#3833),
 .UNSPECIFIED.,.F.,.F.,(4,2,2,2,2,2,2,4),(0.,0.0938990067937695,0.169275732602431,
0.239341785302907,0.292997090007787,0.311287440420054,0.326155588591868,
0.329860069470625),.UNSPECIFIED.);
#618=B_SPLINE_CURVE_WITH_KNOTS('',3,(#3839,#3840,#3841,#3842,#3843,#3844,
#3845,#3846,#3847,#3848,#3849,#3850,#3851,#3852,#3853,#3854),
 .UNSPECIFIED.,.F.,.F.,(4,2,2,2,2,2,2,4),(0.,0.0938990067933783,0.169275732599459,
0.239341785299515,0.292997089998266,0.311287440408604,0.326155588577961,
0.32986006945586),.UNSPECIFIED.);
#619=B_SPLINE_CURVE_WITH_KNOTS('',3,(#3855,#3856,#3857,#3858),
 .UNSPECIFIED.,.F.,.F.,(4,4),(0.32986006945586,0.334748018411698),
 .UNSPECIFIED.);
#620=B_SPLINE_CURVE_WITH_KNOTS('',3,(#3961,#3962,#3963,#3964,#3965,#3966,
#3967,#3968,#3969,#3970,#3971,#3972,#3973,#3974),.UNSPECIFIED.,.F.,.F.,
(4,2,2,2,2,2,4),(0.,0.0990732775881732,0.175970291690839,0.312813791252088,
0.424712079474325,0.498164944822635,0.655957762800568),.UNSPECIFIED.);
#621=B_SPLINE_CURVE_WITH_KNOTS('',3,(#4020,#4021,#4022,#4023),
 .UNSPECIFIED.,.F.,.F.,(4,4),(0.329860069421977,0.33474801837692),
 .UNSPECIFIED.);
#622=B_SPLINE_CURVE_WITH_KNOTS('',3,(#4025,#4026,#4027,#4028,#4029,#4030,
#4031,#4032,#4033,#4034,#4035,#4036,#4037,#4038,#4039,#4040),
 .UNSPECIFIED.,.F.,.F.,(4,2,2,2,2,2,2,4),(0.,0.0938990067925223,0.169275732591855,
0.23934178528489,0.292997089972408,0.311287440378813,0.326155588544927,
0.329860069421977),.UNSPECIFIED.);
#623=B_SPLINE_CURVE_WITH_KNOTS('',3,(#4046,#4047,#4048,#4049,#4050,#4051,
#4052,#4053,#4054,#4055,#4056,#4057,#4058,#4059,#4060,#4061),
 .UNSPECIFIED.,.F.,.F.,(4,2,2,2,2,2,2,4),(0.,0.0938990067925651,0.169275732597793,
0.239341785303,0.292997089991246,0.311287440396717,0.326155588559313,0.329860069435169),
 .UNSPECIFIED.);
#624=B_SPLINE_CURVE_WITH_KNOTS('',3,(#4062,#4063,#4064,#4065),
 .UNSPECIFIED.,.F.,.F.,(4,4),(0.329860069435169,0.334748018388473),
 .UNSPECIFIED.);
#625=B_SPLINE_CURVE_WITH_KNOTS('',3,(#4168,#4169,#4170,#4171,#4172,#4173,
#4174,#4175,#4176,#4177,#4178,#4179,#4180,#4181),.UNSPECIFIED.,.F.,.F.,
(4,2,2,2,2,2,4),(0.,0.0990732775905505,0.175970291693465,0.312813791260039,
0.424712079484676,0.498164944835924,0.655957762819558),.UNSPECIFIED.);
#626=B_SPLINE_CURVE_WITH_KNOTS('',3,(#4227,#4228,#4229,#4230),
 .UNSPECIFIED.,.F.,.F.,(4,4),(0.329860069416576,0.334748018371178),
 .UNSPECIFIED.);
#627=B_SPLINE_CURVE_WITH_KNOTS('',3,(#4232,#4233,#4234,#4235,#4236,#4237,
#4238,#4239,#4240,#4241,#4242,#4243,#4244,#4245,#4246,#4247),
 .UNSPECIFIED.,.F.,.F.,(4,2,2,2,2,2,2,4),(0.,0.0938990067923858,0.16927573259058,
0.239341785280583,0.29299708996864,0.311287440374866,0.326155588539806,
0.329860069416576),.UNSPECIFIED.);
#628=B_SPLINE_CURVE_WITH_KNOTS('',3,(#4353,#4354,#4355,#4356,#4357,#4358,
#4359,#4360,#4361,#4362,#4363,#4364,#4365,#4366),.UNSPECIFIED.,.F.,.F.,
(4,2,2,2,2,2,4),(0.,0.0990732775949291,0.175970291702747,0.312813791281479,
0.424712079523861,0.49816494488856,0.65595776290778),.UNSPECIFIED.);
#629=B_SPLINE_CURVE_WITH_KNOTS('',3,(#4416,#4417,#4418,#4419,#4420,#4421,
#4422,#4423,#4424,#4425,#4426,#4427,#4428,#4429,#4430,#4431),
 .UNSPECIFIED.,.F.,.F.,(4,2,2,2,2,2,2,4),(0.,0.0938990067925671,0.169275732594313,
0.239341785289845,0.292997089974492,0.311287440378118,0.32615558853976,
0.329860069415622),.UNSPECIFIED.);
#630=B_SPLINE_CURVE_WITH_KNOTS('',3,(#4432,#4433,#4434,#4435),
 .UNSPECIFIED.,.F.,.F.,(4,4),(0.329860069415622,0.334748018368981),
 .UNSPECIFIED.);
#631=B_SPLINE_CURVE_WITH_KNOTS('',3,(#4538,#4539,#4540,#4541,#4542,#4543,
#4544,#4545,#4546,#4547,#4548,#4549,#4550,#4551),.UNSPECIFIED.,.F.,.F.,
(4,2,2,2,2,2,4),(0.,0.0990732775912677,0.175970291694373,0.312813791261432,
0.424712079482856,0.498164944830745,0.655957762811502),.UNSPECIFIED.);
#632=B_SPLINE_CURVE_WITH_KNOTS('',3,(#4601,#4602,#4603,#4604,#4605,#4606,
#4607,#4608,#4609,#4610,#4611,#4612,#4613,#4614,#4615,#4616),
 .UNSPECIFIED.,.F.,.F.,(4,2,2,2,2,2,2,4),(0.,0.0938990067926247,0.169275732593981,
0.239341785289139,0.292997089979709,0.311287440386456,0.326155588552624,
0.329860069429715),.UNSPECIFIED.);
#633=B_SPLINE_CURVE_WITH_KNOTS('',3,(#4617,#4618,#4619,#4620),
 .UNSPECIFIED.,.F.,.F.,(4,4),(0.329860069429715,0.334748018384618),
 .UNSPECIFIED.);
#634=B_SPLINE_CURVE_WITH_KNOTS('',3,(#4723,#4724,#4725,#4726,#4727,#4728,
#4729,#4730,#4731,#4732,#4733,#4734,#4735,#4736),.UNSPECIFIED.,.F.,.F.,
(4,2,2,2,2,2,4),(0.,0.0990732775872038,0.17597029168892,0.312813791249631,
0.424712079474383,0.498164944828814,0.655957762823984),.UNSPECIFIED.);
#635=B_SPLINE_CURVE_WITH_KNOTS('',3,(#4786,#4787,#4788,#4789,#4790,#4791,
#4792,#4793,#4794,#4795,#4796,#4797,#4798,#4799,#4800,#4801),
 .UNSPECIFIED.,.F.,.F.,(4,2,2,2,2,2,2,4),(0.,0.0938990067922722,0.169275732589723,
0.239341785281645,0.29299708995899,0.311287440359981,0.326155588519555,
0.329860069394865),.UNSPECIFIED.);
#636=B_SPLINE_CURVE_WITH_KNOTS('',3,(#4802,#4803,#4804,#4805),
 .UNSPECIFIED.,.F.,.F.,(4,4),(0.329860069394865,0.334748018347673),
 .UNSPECIFIED.);
#637=B_SPLINE_CURVE_WITH_KNOTS('',3,(#4908,#4909,#4910,#4911,#4912,#4913,
#4914,#4915,#4916,#4917,#4918,#4919,#4920,#4921),.UNSPECIFIED.,.F.,.F.,
(4,2,2,2,2,2,4),(0.,0.0990732775897404,0.175970291693713,0.312813791261469,
0.42471207948864,0.498164944842696,0.655957762837017),.UNSPECIFIED.);
#638=B_SPLINE_CURVE_WITH_KNOTS('',3,(#4967,#4968,#4969,#4970),
 .UNSPECIFIED.,.F.,.F.,(4,4),(0.329860069409511,0.334748018363639),
 .UNSPECIFIED.);
#639=B_SPLINE_CURVE_WITH_KNOTS('',3,(#4972,#4973,#4974,#4975,#4976,#4977,
#4978,#4979,#4980,#4981,#4982,#4983,#4984,#4985,#4986,#4987),
 .UNSPECIFIED.,.F.,.F.,(4,2,2,2,2,2,2,4),(0.,0.093899006792449,0.169275732589107,
0.239341785275595,0.292997089962307,0.311287440368089,0.326155588532867,
0.329860069409511),.UNSPECIFIED.);
#640=B_SPLINE_CURVE_WITH_KNOTS('',3,(#4993,#4994,#4995,#4996,#4997,#4998,
#4999,#5000,#5001,#5002,#5003,#5004,#5005,#5006,#5007,#5008),
 .UNSPECIFIED.,.F.,.F.,(4,2,2,2,2,2,2,4),(0.,0.0938990067921759,0.169275732589821,
0.239341785279961,0.292997089961539,0.311287440364487,0.32615558852566,
0.329860069401188),.UNSPECIFIED.);
#641=B_SPLINE_CURVE_WITH_KNOTS('',3,(#5009,#5010,#5011,#5012),
 .UNSPECIFIED.,.F.,.F.,(4,4),(0.329860069401188,0.334748018353697),
 .UNSPECIFIED.);
#642=B_SPLINE_CURVE_WITH_KNOTS('',3,(#5115,#5116,#5117,#5118,#5119,#5120,
#5121,#5122,#5123,#5124,#5125,#5126,#5127,#5128),.UNSPECIFIED.,.F.,.F.,
(4,2,2,2,2,2,4),(0.,0.0990732775916397,0.175970291695652,0.312813791266033,
0.424712079497565,0.498164944854316,0.65595776284919),.UNSPECIFIED.);
#643=B_SPLINE_CURVE_WITH_KNOTS('',3,(#5278,#5279,#5280,#5281,#5282,#5283,
#5284,#5285,#5286,#5287,#5288,#5289,#5290,#5291),.UNSPECIFIED.,.F.,.F.,
(4,2,2,2,2,2,4),(0.,0.099073277591551,0.175970291698413,0.312813791268671,
0.424712079497587,0.498164944851943,0.65595776284943),.UNSPECIFIED.);
#644=B_SPLINE_CURVE_WITH_KNOTS('',3,(#5341,#5342,#5343,#5344,#5345,#5346,
#5347,#5348,#5349,#5350,#5351,#5352,#5353,#5354,#5355,#5356),
 .UNSPECIFIED.,.F.,.F.,(4,2,2,2,2,2,2,4),(0.,0.093899006793364,0.169275732599761,
0.239341785298249,0.29299708999771,0.311287440408254,0.326155588577343,
0.329860069455143),.UNSPECIFIED.);
#645=B_SPLINE_CURVE_WITH_KNOTS('',3,(#5357,#5358,#5359,#5360),
 .UNSPECIFIED.,.F.,.F.,(4,4),(0.329860069455143,0.334748018410683),
 .UNSPECIFIED.);
#646=B_SPLINE_CURVE_WITH_KNOTS('',3,(#5463,#5464,#5465,#5466,#5467,#5468,
#5469,#5470,#5471,#5472,#5473,#5474,#5475,#5476),.UNSPECIFIED.,.F.,.F.,
(4,2,2,2,2,2,4),(0.,0.0990732775899036,0.17597029169316,0.312813791258709,
0.424712079484017,0.498164944836063,0.655957762824351),.UNSPECIFIED.);
#647=B_SPLINE_CURVE_WITH_KNOTS('',3,(#5522,#5523,#5524,#5525),
 .UNSPECIFIED.,.F.,.F.,(4,4),(0.329860069413325,0.334748018367576),
 .UNSPECIFIED.);
#648=B_SPLINE_CURVE_WITH_KNOTS('',3,(#5527,#5528,#5529,#5530,#5531,#5532,
#5533,#5534,#5535,#5536,#5537,#5538,#5539,#5540,#5541,#5542),
 .UNSPECIFIED.,.F.,.F.,(4,2,2,2,2,2,2,4),(0.,0.0938990067926857,0.169275732591513,
0.239341785281325,0.292997089967569,0.311287440372543,0.326155588536725,
0.329860069413325),.UNSPECIFIED.);
#649=B_SPLINE_CURVE_WITH_KNOTS('',3,(#5548,#5549,#5550,#5551,#5552,#5553,
#5554,#5555,#5556,#5557,#5558,#5559,#5560,#5561,#5562,#5563),
 .UNSPECIFIED.,.F.,.F.,(4,2,2,2,2,2,2,4),(0.,0.0938990067930253,0.169275732597243,
0.23934178529479,0.29299708998979,0.311287440398192,0.326155588566182,0.329860069443779),
 .UNSPECIFIED.);
#650=B_SPLINE_CURVE_WITH_KNOTS('',3,(#5564,#5565,#5566,#5567),
 .UNSPECIFIED.,.F.,.F.,(4,4),(0.329860069443779,0.334748018399241),
 .UNSPECIFIED.);
#651=B_SPLINE_CURVE_WITH_KNOTS('',3,(#5670,#5671,#5672,#5673,#5674,#5675,
#5676,#5677,#5678,#5679,#5680,#5681,#5682,#5683),.UNSPECIFIED.,.F.,.F.,
(4,2,2,2,2,2,4),(0.,0.0990732775908548,0.175970291696396,0.312813791264528,
0.424712079491267,0.498164944843622,0.655957762836165),.UNSPECIFIED.);
#652=B_SPLINE_CURVE_WITH_KNOTS('',3,(#5733,#5734,#5735,#5736,#5737,#5738,
#5739,#5740,#5741,#5742,#5743,#5744,#5745,#5746,#5747,#5748),
 .UNSPECIFIED.,.F.,.F.,(4,2,2,2,2,2,2,4),(0.,0.093899006791929,0.169275732591321,
0.239341785286661,0.292997089975125,0.311287440383133,0.326155588552333,
0.329860069430412),.UNSPECIFIED.);
#653=B_SPLINE_CURVE_WITH_KNOTS('',3,(#5749,#5750,#5751,#5752),
 .UNSPECIFIED.,.F.,.F.,(4,4),(0.329860069430412,0.334748018387276),
 .UNSPECIFIED.);
#654=B_SPLINE_CURVE_WITH_KNOTS('',3,(#5855,#5856,#5857,#5858,#5859,#5860,
#5861,#5862,#5863,#5864,#5865,#5866,#5867,#5868),.UNSPECIFIED.,.F.,.F.,
(4,2,2,2,2,2,4),(0.,0.0990732775866938,0.175970291685487,0.312813791241314,
0.42471207946834,0.498164944819595,0.655957762796905),.UNSPECIFIED.);
#655=B_SPLINE_CURVE_WITH_KNOTS('',3,(#6018,#6019,#6020,#6021,#6022,#6023,
#6024,#6025,#6026,#6027,#6028,#6029,#6030,#6031),.UNSPECIFIED.,.F.,.F.,
(4,2,2,2,2,2,4),(0.,0.0990732775885049,0.175970291690952,0.312813791254582,
0.424712079476548,0.498164944828276,0.655957762815975),.UNSPECIFIED.);
#656=B_SPLINE_CURVE_WITH_KNOTS('',3,(#6181,#6182,#6183,#6184,#6185,#6186,
#6187,#6188,#6189,#6190,#6191,#6192,#6193,#6194),.UNSPECIFIED.,.F.,.F.,
(4,2,2,2,2,2,4),(0.,0.0990732775868791,0.175970291688728,0.312813791248687,
0.424712079477213,0.498164944834006,0.655957762833868),.UNSPECIFIED.);
#657=B_SPLINE_CURVE_WITH_KNOTS('',3,(#6240,#6241,#6242,#6243),
 .UNSPECIFIED.,.F.,.F.,(4,4),(0.329860069410481,0.334748018366209),
 .UNSPECIFIED.);
#658=B_SPLINE_CURVE_WITH_KNOTS('',3,(#6245,#6246,#6247,#6248,#6249,#6250,
#6251,#6252,#6253,#6254,#6255,#6256,#6257,#6258,#6259,#6260),
 .UNSPECIFIED.,.F.,.F.,(4,2,2,2,2,2,2,4),(0.,0.0938990067924027,0.169275732588432,
0.239341785274042,0.292997089959979,0.311287440365652,0.326155588532884,
0.329860069410481),.UNSPECIFIED.);
#659=B_SPLINE_CURVE_WITH_KNOTS('',3,(#6366,#6367,#6368,#6369,#6370,#6371,
#6372,#6373,#6374,#6375,#6376,#6377,#6378,#6379),.UNSPECIFIED.,.F.,.F.,
(4,2,2,2,2,2,4),(0.,0.0990732775887367,0.175970291690895,0.312813791255955,
0.424712079477552,0.498164944830521,0.655957762829747),.UNSPECIFIED.);
#660=VERTEX_POINT('',#2317);
#661=VERTEX_POINT('',#2318);
#662=VERTEX_POINT('',#2333);
#663=VERTEX_POINT('',#2335);
#664=VERTEX_POINT('',#2350);
#665=VERTEX_POINT('',#2361);
#666=VERTEX_POINT('',#2362);
#667=VERTEX_POINT('',#2377);
#668=VERTEX_POINT('',#2379);
#669=VERTEX_POINT('',#2394);
#670=VERTEX_POINT('',#2405);
#671=VERTEX_POINT('',#2406);
#672=VERTEX_POINT('',#2421);
#673=VERTEX_POINT('',#2423);
#674=VERTEX_POINT('',#2438);
#675=VERTEX_POINT('',#2449);
#676=VERTEX_POINT('',#2450);
#677=VERTEX_POINT('',#2465);
#678=VERTEX_POINT('',#2467);
#679=VERTEX_POINT('',#2482);
#680=VERTEX_POINT('',#2493);
#681=VERTEX_POINT('',#2494);
#682=VERTEX_POINT('',#2509);
#683=VERTEX_POINT('',#2511);
#684=VERTEX_POINT('',#2526);
#685=VERTEX_POINT('',#2537);
#686=VERTEX_POINT('',#2538);
#687=VERTEX_POINT('',#2553);
#688=VERTEX_POINT('',#2555);
#689=VERTEX_POINT('',#2570);
#690=VERTEX_POINT('',#2581);
#691=VERTEX_POINT('',#2582);
#692=VERTEX_POINT('',#2597);
#693=VERTEX_POINT('',#2599);
#694=VERTEX_POINT('',#2614);
#695=VERTEX_POINT('',#2625);
#696=VERTEX_POINT('',#2626);
#697=VERTEX_POINT('',#2641);
#698=VERTEX_POINT('',#2643);
#699=VERTEX_POINT('',#2658);
#700=VERTEX_POINT('',#2669);
#701=VERTEX_POINT('',#2670);
#702=VERTEX_POINT('',#2685);
#703=VERTEX_POINT('',#2687);
#704=VERTEX_POINT('',#2702);
#705=VERTEX_POINT('',#2713);
#706=VERTEX_POINT('',#2714);
#707=VERTEX_POINT('',#2729);
#708=VERTEX_POINT('',#2731);
#709=VERTEX_POINT('',#2746);
#710=VERTEX_POINT('',#2757);
#711=VERTEX_POINT('',#2758);
#712=VERTEX_POINT('',#2773);
#713=VERTEX_POINT('',#2775);
#714=VERTEX_POINT('',#2790);
#715=VERTEX_POINT('',#2801);
#716=VERTEX_POINT('',#2802);
#717=VERTEX_POINT('',#2817);
#718=VERTEX_POINT('',#2819);
#719=VERTEX_POINT('',#2834);
#720=VERTEX_POINT('',#2845);
#721=VERTEX_POINT('',#2846);
#722=VERTEX_POINT('',#2861);
#723=VERTEX_POINT('',#2863);
#724=VERTEX_POINT('',#2878);
#725=VERTEX_POINT('',#2889);
#726=VERTEX_POINT('',#2890);
#727=VERTEX_POINT('',#2905);
#728=VERTEX_POINT('',#2907);
#729=VERTEX_POINT('',#2922);
#730=VERTEX_POINT('',#2933);
#731=VERTEX_POINT('',#2934);
#732=VERTEX_POINT('',#2949);
#733=VERTEX_POINT('',#2951);
#734=VERTEX_POINT('',#2966);
#735=VERTEX_POINT('',#3006);
#736=VERTEX_POINT('',#3008);
#737=VERTEX_POINT('',#3048);
#738=VERTEX_POINT('',#3050);
#739=VERTEX_POINT('',#3090);
#740=VERTEX_POINT('',#3092);
#741=VERTEX_POINT('',#3132);
#742=VERTEX_POINT('',#3134);
#743=VERTEX_POINT('',#3174);
#744=VERTEX_POINT('',#3176);
#745=VERTEX_POINT('',#3216);
#746=VERTEX_POINT('',#3218);
#747=VERTEX_POINT('',#3258);
#748=VERTEX_POINT('',#3260);
#749=VERTEX_POINT('',#3300);
#750=VERTEX_POINT('',#3302);
#751=VERTEX_POINT('',#3342);
#752=VERTEX_POINT('',#3344);
#753=VERTEX_POINT('',#3384);
#754=VERTEX_POINT('',#3386);
#755=VERTEX_POINT('',#3426);
#756=VERTEX_POINT('',#3428);
#757=VERTEX_POINT('',#3468);
#758=VERTEX_POINT('',#3470);
#759=VERTEX_POINT('',#3510);
#760=VERTEX_POINT('',#3512);
#761=VERTEX_POINT('',#3552);
#762=VERTEX_POINT('',#3554);
#763=VERTEX_POINT('',#3594);
#764=VERTEX_POINT('',#3596);
#765=VERTEX_POINT('',#3607);
#766=VERTEX_POINT('',#3610);
#767=VERTEX_POINT('',#3613);
#768=VERTEX_POINT('',#3616);
#769=VERTEX_POINT('',#3619);
#770=VERTEX_POINT('',#3622);
#771=VERTEX_POINT('',#3625);
#772=VERTEX_POINT('',#3628);
#773=VERTEX_POINT('',#3631);
#774=VERTEX_POINT('',#3634);
#775=VERTEX_POINT('',#3637);
#776=VERTEX_POINT('',#3640);
#777=VERTEX_POINT('',#3643);
#778=VERTEX_POINT('',#3646);
#779=VERTEX_POINT('',#3649);
#780=VERTEX_POINT('',#3752);
#781=VERTEX_POINT('',#3812);
#782=VERTEX_POINT('',#3817);
#783=VERTEX_POINT('',#3836);
#784=VERTEX_POINT('',#3838);
#785=VERTEX_POINT('',#3959);
#786=VERTEX_POINT('',#4019);
#787=VERTEX_POINT('',#4024);
#788=VERTEX_POINT('',#4043);
#789=VERTEX_POINT('',#4045);
#790=VERTEX_POINT('',#4166);
#791=VERTEX_POINT('',#4226);
#792=VERTEX_POINT('',#4231);
#793=VERTEX_POINT('',#4351);
#794=VERTEX_POINT('',#4413);
#795=VERTEX_POINT('',#4415);
#796=VERTEX_POINT('',#4536);
#797=VERTEX_POINT('',#4598);
#798=VERTEX_POINT('',#4600);
#799=VERTEX_POINT('',#4721);
#800=VERTEX_POINT('',#4783);
#801=VERTEX_POINT('',#4785);
#802=VERTEX_POINT('',#4906);
#803=VERTEX_POINT('',#4966);
#804=VERTEX_POINT('',#4971);
#805=VERTEX_POINT('',#4990);
#806=VERTEX_POINT('',#4992);
#807=VERTEX_POINT('',#5113);
#808=VERTEX_POINT('',#5276);
#809=VERTEX_POINT('',#5338);
#810=VERTEX_POINT('',#5340);
#811=VERTEX_POINT('',#5461);
#812=VERTEX_POINT('',#5521);
#813=VERTEX_POINT('',#5526);
#814=VERTEX_POINT('',#5545);
#815=VERTEX_POINT('',#5547);
#816=VERTEX_POINT('',#5668);
#817=VERTEX_POINT('',#5730);
#818=VERTEX_POINT('',#5732);
#819=VERTEX_POINT('',#5853);
#820=VERTEX_POINT('',#6016);
#821=VERTEX_POINT('',#6179);
#822=VERTEX_POINT('',#6239);
#823=VERTEX_POINT('',#6244);
#824=VERTEX_POINT('',#6364);
#825=VERTEX_POINT('',#6430);
#826=VERTEX_POINT('',#6432);
#827=VERTEX_POINT('',#6436);
#828=VERTEX_POINT('',#6437);
#829=VERTEX_POINT('',#6439);
#830=VERTEX_POINT('',#6441);
#831=VERTEX_POINT('',#6445);
#832=VERTEX_POINT('',#6447);
#833=VERTEX_POINT('',#6451);
#834=VERTEX_POINT('',#6453);
#835=VERTEX_POINT('',#6461);
#836=VERTEX_POINT('',#6462);
#837=VERTEX_POINT('',#6464);
#838=VERTEX_POINT('',#6466);
#839=VERTEX_POINT('',#6470);
#840=VERTEX_POINT('',#6472);
#841=VERTEX_POINT('',#6476);
#842=VERTEX_POINT('',#6478);
#843=VERTEX_POINT('',#6480);
#844=VERTEX_POINT('',#6482);
#845=VERTEX_POINT('',#6484);
#846=VERTEX_POINT('',#6488);
#847=VERTEX_POINT('',#6490);
#848=VERTEX_POINT('',#6494);
#849=VERTEX_POINT('',#6498);
#850=VERTEX_POINT('',#6500);
#851=EDGE_CURVE('',#660,#661,#555,.T.);
#852=EDGE_CURVE('',#662,#660,#485,.T.);
#853=EDGE_CURVE('',#663,#662,#556,.T.);
#854=EDGE_CURVE('',#664,#663,#486,.T.);
#855=EDGE_CURVE('',#661,#664,#557,.T.);
#856=EDGE_CURVE('',#665,#666,#558,.T.);
#857=EDGE_CURVE('',#667,#665,#487,.T.);
#858=EDGE_CURVE('',#668,#667,#559,.T.);
#859=EDGE_CURVE('',#669,#668,#488,.T.);
#860=EDGE_CURVE('',#666,#669,#560,.T.);
#861=EDGE_CURVE('',#670,#671,#561,.T.);
#862=EDGE_CURVE('',#672,#670,#489,.T.);
#863=EDGE_CURVE('',#673,#672,#562,.T.);
#864=EDGE_CURVE('',#674,#673,#490,.T.);
#865=EDGE_CURVE('',#671,#674,#563,.T.);
#866=EDGE_CURVE('',#675,#676,#564,.T.);
#867=EDGE_CURVE('',#677,#675,#491,.T.);
#868=EDGE_CURVE('',#678,#677,#565,.T.);
#869=EDGE_CURVE('',#679,#678,#492,.T.);
#870=EDGE_CURVE('',#676,#679,#566,.T.);
#871=EDGE_CURVE('',#680,#681,#567,.T.);
#872=EDGE_CURVE('',#682,#680,#493,.T.);
#873=EDGE_CURVE('',#683,#682,#568,.T.);
#874=EDGE_CURVE('',#684,#683,#494,.T.);
#875=EDGE_CURVE('',#681,#684,#569,.T.);
#876=EDGE_CURVE('',#685,#686,#570,.T.);
#877=EDGE_CURVE('',#687,#685,#495,.T.);
#878=EDGE_CURVE('',#688,#687,#571,.T.);
#879=EDGE_CURVE('',#689,#688,#496,.T.);
#880=EDGE_CURVE('',#686,#689,#572,.T.);
#881=EDGE_CURVE('',#690,#691,#573,.T.);
#882=EDGE_CURVE('',#692,#690,#497,.T.);
#883=EDGE_CURVE('',#693,#692,#574,.T.);
#884=EDGE_CURVE('',#694,#693,#498,.T.);
#885=EDGE_CURVE('',#691,#694,#575,.T.);
#886=EDGE_CURVE('',#695,#696,#576,.T.);
#887=EDGE_CURVE('',#697,#695,#499,.T.);
#888=EDGE_CURVE('',#698,#697,#577,.T.);
#889=EDGE_CURVE('',#699,#698,#500,.T.);
#890=EDGE_CURVE('',#696,#699,#578,.T.);
#891=EDGE_CURVE('',#700,#701,#579,.T.);
#892=EDGE_CURVE('',#702,#700,#501,.T.);
#893=EDGE_CURVE('',#703,#702,#580,.T.);
#894=EDGE_CURVE('',#704,#703,#502,.T.);
#895=EDGE_CURVE('',#701,#704,#581,.T.);
#896=EDGE_CURVE('',#705,#706,#582,.T.);
#897=EDGE_CURVE('',#707,#705,#503,.T.);
#898=EDGE_CURVE('',#708,#707,#583,.T.);
#899=EDGE_CURVE('',#709,#708,#504,.T.);
#900=EDGE_CURVE('',#706,#709,#584,.T.);
#901=EDGE_CURVE('',#710,#711,#585,.T.);
#902=EDGE_CURVE('',#712,#710,#505,.T.);
#903=EDGE_CURVE('',#713,#712,#586,.T.);
#904=EDGE_CURVE('',#714,#713,#506,.T.);
#905=EDGE_CURVE('',#711,#714,#587,.T.);
#906=EDGE_CURVE('',#715,#716,#588,.T.);
#907=EDGE_CURVE('',#717,#715,#507,.T.);
#908=EDGE_CURVE('',#718,#717,#589,.T.);
#909=EDGE_CURVE('',#719,#718,#508,.T.);
#910=EDGE_CURVE('',#716,#719,#590,.T.);
#911=EDGE_CURVE('',#720,#721,#591,.T.);
#912=EDGE_CURVE('',#722,#720,#509,.T.);
#913=EDGE_CURVE('',#723,#722,#592,.T.);
#914=EDGE_CURVE('',#724,#723,#510,.T.);
#915=EDGE_CURVE('',#721,#724,#593,.T.);
#916=EDGE_CURVE('',#725,#726,#594,.T.);
#917=EDGE_CURVE('',#727,#725,#511,.T.);
#918=EDGE_CURVE('',#728,#727,#595,.T.);
#919=EDGE_CURVE('',#729,#728,#512,.T.);
#920=EDGE_CURVE('',#726,#729,#596,.T.);
#921=EDGE_CURVE('',#730,#731,#597,.T.);
#922=EDGE_CURVE('',#732,#730,#513,.T.);
#923=EDGE_CURVE('',#733,#732,#598,.T.);
#924=EDGE_CURVE('',#734,#733,#514,.T.);
#925=EDGE_CURVE('',#731,#734,#599,.T.);
#926=EDGE_CURVE('',#735,#734,#58,.T.);
#927=EDGE_CURVE('',#736,#735,#600,.T.);
#928=EDGE_CURVE('',#731,#736,#59,.T.);
#929=EDGE_CURVE('',#737,#724,#60,.T.);
#930=EDGE_CURVE('',#738,#737,#601,.T.);
#931=EDGE_CURVE('',#721,#738,#61,.T.);
#932=EDGE_CURVE('',#739,#729,#62,.T.);
#933=EDGE_CURVE('',#740,#739,#602,.T.);
#934=EDGE_CURVE('',#726,#740,#63,.T.);
#935=EDGE_CURVE('',#741,#709,#64,.T.);
#936=EDGE_CURVE('',#742,#741,#603,.T.);
#937=EDGE_CURVE('',#706,#742,#65,.T.);
#938=EDGE_CURVE('',#743,#704,#66,.T.);
#939=EDGE_CURVE('',#744,#743,#604,.T.);
#940=EDGE_CURVE('',#701,#744,#67,.T.);
#941=EDGE_CURVE('',#745,#699,#68,.T.);
#942=EDGE_CURVE('',#746,#745,#605,.T.);
#943=EDGE_CURVE('',#696,#746,#69,.T.);
#944=EDGE_CURVE('',#747,#694,#70,.T.);
#945=EDGE_CURVE('',#748,#747,#606,.T.);
#946=EDGE_CURVE('',#691,#748,#71,.T.);
#947=EDGE_CURVE('',#749,#689,#72,.T.);
#948=EDGE_CURVE('',#750,#749,#607,.T.);
#949=EDGE_CURVE('',#686,#750,#73,.T.);
#950=EDGE_CURVE('',#751,#684,#74,.T.);
#951=EDGE_CURVE('',#752,#751,#608,.T.);
#952=EDGE_CURVE('',#681,#752,#75,.T.);
#953=EDGE_CURVE('',#753,#679,#76,.T.);
#954=EDGE_CURVE('',#754,#753,#609,.T.);
#955=EDGE_CURVE('',#676,#754,#77,.T.);
#956=EDGE_CURVE('',#755,#669,#78,.T.);
#957=EDGE_CURVE('',#756,#755,#610,.T.);
#958=EDGE_CURVE('',#666,#756,#79,.T.);
#959=EDGE_CURVE('',#757,#719,#80,.T.);
#960=EDGE_CURVE('',#758,#757,#611,.T.);
#961=EDGE_CURVE('',#716,#758,#81,.T.);
#962=EDGE_CURVE('',#759,#674,#82,.T.);
#963=EDGE_CURVE('',#760,#759,#612,.T.);
#964=EDGE_CURVE('',#671,#760,#83,.T.);
#965=EDGE_CURVE('',#761,#714,#84,.T.);
#966=EDGE_CURVE('',#762,#761,#613,.T.);
#967=EDGE_CURVE('',#711,#762,#85,.T.);
#968=EDGE_CURVE('',#763,#664,#86,.T.);
#969=EDGE_CURVE('',#764,#763,#614,.T.);
#970=EDGE_CURVE('',#661,#764,#87,.T.);
#971=EDGE_CURVE('',#765,#733,#88,.T.);
#972=EDGE_CURVE('',#765,#759,#515,.T.);
#973=EDGE_CURVE('',#766,#673,#89,.T.);
#974=EDGE_CURVE('',#766,#753,#516,.T.);
#975=EDGE_CURVE('',#767,#678,#90,.T.);
#976=EDGE_CURVE('',#767,#755,#517,.T.);
#977=EDGE_CURVE('',#768,#668,#91,.T.);
#978=EDGE_CURVE('',#768,#757,#518,.T.);
#979=EDGE_CURVE('',#769,#718,#92,.T.);
#980=EDGE_CURVE('',#769,#737,#519,.T.);
#981=EDGE_CURVE('',#770,#723,#93,.T.);
#982=EDGE_CURVE('',#770,#741,#520,.T.);
#983=EDGE_CURVE('',#771,#708,#94,.T.);
#984=EDGE_CURVE('',#771,#743,#521,.T.);
#985=EDGE_CURVE('',#772,#703,#95,.T.);
#986=EDGE_CURVE('',#772,#745,#522,.T.);
#987=EDGE_CURVE('',#773,#698,#96,.T.);
#988=EDGE_CURVE('',#773,#749,#523,.T.);
#989=EDGE_CURVE('',#774,#688,#97,.T.);
#990=EDGE_CURVE('',#774,#747,#524,.T.);
#991=EDGE_CURVE('',#775,#693,#98,.T.);
#992=EDGE_CURVE('',#775,#751,#525,.T.);
#993=EDGE_CURVE('',#776,#683,#99,.T.);
#994=EDGE_CURVE('',#776,#763,#526,.T.);
#995=EDGE_CURVE('',#777,#663,#100,.T.);
#996=EDGE_CURVE('',#777,#761,#527,.T.);
#997=EDGE_CURVE('',#778,#713,#101,.T.);
#998=EDGE_CURVE('',#778,#739,#528,.T.);
#999=EDGE_CURVE('',#779,#728,#102,.T.);
#1000=EDGE_CURVE('',#779,#735,#529,.T.);
#1001=EDGE_CURVE('',#780,#732,#103,.T.);
#1002=EDGE_CURVE('',#765,#780,#615,.T.);
#1003=EDGE_CURVE('',#781,#736,#616,.T.);
#1004=EDGE_CURVE('',#782,#781,#617,.T.);
#1005=EDGE_CURVE('',#782,#730,#104,.T.);
#1006=EDGE_CURVE('',#780,#783,#530,.T.);
#1007=EDGE_CURVE('',#783,#784,#618,.T.);
#1008=EDGE_CURVE('',#784,#760,#619,.T.);
#1009=EDGE_CURVE('',#785,#722,#105,.T.);
#1010=EDGE_CURVE('',#770,#785,#620,.T.);
#1011=EDGE_CURVE('',#786,#738,#621,.T.);
#1012=EDGE_CURVE('',#787,#786,#622,.T.);
#1013=EDGE_CURVE('',#787,#720,#106,.T.);
#1014=EDGE_CURVE('',#785,#788,#531,.T.);
#1015=EDGE_CURVE('',#788,#789,#623,.T.);
#1016=EDGE_CURVE('',#789,#742,#624,.T.);
#1017=EDGE_CURVE('',#790,#727,#107,.T.);
#1018=EDGE_CURVE('',#779,#790,#625,.T.);
#1019=EDGE_CURVE('',#791,#740,#626,.T.);
#1020=EDGE_CURVE('',#792,#791,#627,.T.);
#1021=EDGE_CURVE('',#792,#725,#108,.T.);
#1022=EDGE_CURVE('',#790,#782,#532,.T.);
#1023=EDGE_CURVE('',#793,#707,#109,.T.);
#1024=EDGE_CURVE('',#771,#793,#628,.T.);
#1025=EDGE_CURVE('',#788,#705,#110,.T.);
#1026=EDGE_CURVE('',#793,#794,#533,.T.);
#1027=EDGE_CURVE('',#794,#795,#629,.T.);
#1028=EDGE_CURVE('',#795,#744,#630,.T.);
#1029=EDGE_CURVE('',#796,#702,#111,.T.);
#1030=EDGE_CURVE('',#772,#796,#631,.T.);
#1031=EDGE_CURVE('',#794,#700,#112,.T.);
#1032=EDGE_CURVE('',#796,#797,#534,.T.);
#1033=EDGE_CURVE('',#797,#798,#632,.T.);
#1034=EDGE_CURVE('',#798,#746,#633,.T.);
#1035=EDGE_CURVE('',#799,#697,#113,.T.);
#1036=EDGE_CURVE('',#773,#799,#634,.T.);
#1037=EDGE_CURVE('',#797,#695,#114,.T.);
#1038=EDGE_CURVE('',#799,#800,#535,.T.);
#1039=EDGE_CURVE('',#800,#801,#635,.T.);
#1040=EDGE_CURVE('',#801,#750,#636,.T.);
#1041=EDGE_CURVE('',#802,#692,#115,.T.);
#1042=EDGE_CURVE('',#775,#802,#637,.T.);
#1043=EDGE_CURVE('',#803,#748,#638,.T.);
#1044=EDGE_CURVE('',#804,#803,#639,.T.);
#1045=EDGE_CURVE('',#804,#690,#116,.T.);
#1046=EDGE_CURVE('',#802,#805,#536,.T.);
#1047=EDGE_CURVE('',#805,#806,#640,.T.);
#1048=EDGE_CURVE('',#806,#752,#641,.T.);
#1049=EDGE_CURVE('',#807,#687,#117,.T.);
#1050=EDGE_CURVE('',#774,#807,#642,.T.);
#1051=EDGE_CURVE('',#800,#685,#118,.T.);
#1052=EDGE_CURVE('',#807,#804,#537,.T.);
#1053=EDGE_CURVE('',#808,#682,#119,.T.);
#1054=EDGE_CURVE('',#776,#808,#643,.T.);
#1055=EDGE_CURVE('',#805,#680,#120,.T.);
#1056=EDGE_CURVE('',#808,#809,#538,.T.);
#1057=EDGE_CURVE('',#809,#810,#644,.T.);
#1058=EDGE_CURVE('',#810,#764,#645,.T.);
#1059=EDGE_CURVE('',#811,#677,#121,.T.);
#1060=EDGE_CURVE('',#767,#811,#646,.T.);
#1061=EDGE_CURVE('',#812,#754,#647,.T.);
#1062=EDGE_CURVE('',#813,#812,#648,.T.);
#1063=EDGE_CURVE('',#813,#675,#122,.T.);
#1064=EDGE_CURVE('',#811,#814,#539,.T.);
#1065=EDGE_CURVE('',#814,#815,#649,.T.);
#1066=EDGE_CURVE('',#815,#756,#650,.T.);
#1067=EDGE_CURVE('',#816,#667,#123,.T.);
#1068=EDGE_CURVE('',#768,#816,#651,.T.);
#1069=EDGE_CURVE('',#814,#665,#124,.T.);
#1070=EDGE_CURVE('',#816,#817,#540,.T.);
#1071=EDGE_CURVE('',#817,#818,#652,.T.);
#1072=EDGE_CURVE('',#818,#758,#653,.T.);
#1073=EDGE_CURVE('',#819,#717,#125,.T.);
#1074=EDGE_CURVE('',#769,#819,#654,.T.);
#1075=EDGE_CURVE('',#817,#715,#126,.T.);
#1076=EDGE_CURVE('',#819,#787,#541,.T.);
#1077=EDGE_CURVE('',#820,#672,#127,.T.);
#1078=EDGE_CURVE('',#766,#820,#655,.T.);
#1079=EDGE_CURVE('',#783,#670,#128,.T.);
#1080=EDGE_CURVE('',#820,#813,#542,.T.);
#1081=EDGE_CURVE('',#821,#712,#129,.T.);
#1082=EDGE_CURVE('',#778,#821,#656,.T.);
#1083=EDGE_CURVE('',#822,#762,#657,.T.);
#1084=EDGE_CURVE('',#823,#822,#658,.T.);
#1085=EDGE_CURVE('',#823,#710,#130,.T.);
#1086=EDGE_CURVE('',#821,#792,#543,.T.);
#1087=EDGE_CURVE('',#824,#662,#131,.T.);
#1088=EDGE_CURVE('',#777,#824,#659,.T.);
#1089=EDGE_CURVE('',#809,#660,#132,.T.);
#1090=EDGE_CURVE('',#824,#823,#544,.T.);
#1091=EDGE_CURVE('',#825,#825,#545,.T.);
#1092=EDGE_CURVE('',#825,#826,#133,.T.);
#1093=EDGE_CURVE('',#826,#826,#546,.T.);
#1094=EDGE_CURVE('',#827,#828,#134,.T.);
#1095=EDGE_CURVE('',#827,#829,#135,.T.);
#1096=EDGE_CURVE('',#829,#830,#136,.T.);
#1097=EDGE_CURVE('',#828,#830,#137,.T.);
#1098=EDGE_CURVE('',#831,#827,#138,.T.);
#1099=EDGE_CURVE('',#831,#832,#139,.T.);
#1100=EDGE_CURVE('',#832,#829,#140,.T.);
#1101=EDGE_CURVE('',#833,#831,#141,.T.);
#1102=EDGE_CURVE('',#833,#834,#142,.T.);
#1103=EDGE_CURVE('',#834,#832,#143,.T.);
#1104=EDGE_CURVE('',#828,#833,#144,.T.);
#1105=EDGE_CURVE('',#830,#834,#145,.T.);
#1106=EDGE_CURVE('',#835,#836,#547,.T.);
#1107=EDGE_CURVE('',#836,#837,#146,.T.);
#1108=EDGE_CURVE('',#837,#838,#548,.T.);
#1109=EDGE_CURVE('',#838,#835,#147,.T.);
#1110=EDGE_CURVE('',#839,#836,#148,.T.);
#1111=EDGE_CURVE('',#840,#839,#149,.T.);
#1112=EDGE_CURVE('',#837,#840,#150,.T.);
#1113=EDGE_CURVE('',#835,#841,#151,.T.);
#1114=EDGE_CURVE('',#842,#841,#549,.T.);
#1115=EDGE_CURVE('',#842,#843,#152,.T.);
#1116=EDGE_CURVE('',#844,#843,#550,.T.);
#1117=EDGE_CURVE('',#844,#845,#153,.T.);
#1118=EDGE_CURVE('',#839,#845,#551,.T.);
#1119=EDGE_CURVE('',#841,#846,#154,.T.);
#1120=EDGE_CURVE('',#846,#847,#552,.T.);
#1121=EDGE_CURVE('',#847,#842,#155,.T.);
#1122=EDGE_CURVE('',#848,#847,#156,.T.);
#1123=EDGE_CURVE('',#843,#848,#157,.T.);
#1124=EDGE_CURVE('',#849,#840,#553,.T.);
#1125=EDGE_CURVE('',#849,#850,#158,.T.);
#1126=EDGE_CURVE('',#848,#850,#554,.T.);
#1127=EDGE_CURVE('',#846,#838,#159,.T.);
#1128=EDGE_CURVE('',#850,#844,#160,.T.);
#1129=EDGE_CURVE('',#845,#849,#161,.T.);
#1130=ORIENTED_EDGE('',*,*,#851,.F.);
#1131=ORIENTED_EDGE('',*,*,#852,.F.);
#1132=ORIENTED_EDGE('',*,*,#853,.F.);
#1133=ORIENTED_EDGE('',*,*,#854,.F.);
#1134=ORIENTED_EDGE('',*,*,#855,.F.);
#1135=ORIENTED_EDGE('',*,*,#856,.F.);
#1136=ORIENTED_EDGE('',*,*,#857,.F.);
#1137=ORIENTED_EDGE('',*,*,#858,.F.);
#1138=ORIENTED_EDGE('',*,*,#859,.F.);
#1139=ORIENTED_EDGE('',*,*,#860,.F.);
#1140=ORIENTED_EDGE('',*,*,#861,.F.);
#1141=ORIENTED_EDGE('',*,*,#862,.F.);
#1142=ORIENTED_EDGE('',*,*,#863,.F.);
#1143=ORIENTED_EDGE('',*,*,#864,.F.);
#1144=ORIENTED_EDGE('',*,*,#865,.F.);
#1145=ORIENTED_EDGE('',*,*,#866,.F.);
#1146=ORIENTED_EDGE('',*,*,#867,.F.);
#1147=ORIENTED_EDGE('',*,*,#868,.F.);
#1148=ORIENTED_EDGE('',*,*,#869,.F.);
#1149=ORIENTED_EDGE('',*,*,#870,.F.);
#1150=ORIENTED_EDGE('',*,*,#871,.F.);
#1151=ORIENTED_EDGE('',*,*,#872,.F.);
#1152=ORIENTED_EDGE('',*,*,#873,.F.);
#1153=ORIENTED_EDGE('',*,*,#874,.F.);
#1154=ORIENTED_EDGE('',*,*,#875,.F.);
#1155=ORIENTED_EDGE('',*,*,#876,.F.);
#1156=ORIENTED_EDGE('',*,*,#877,.F.);
#1157=ORIENTED_EDGE('',*,*,#878,.F.);
#1158=ORIENTED_EDGE('',*,*,#879,.F.);
#1159=ORIENTED_EDGE('',*,*,#880,.F.);
#1160=ORIENTED_EDGE('',*,*,#881,.F.);
#1161=ORIENTED_EDGE('',*,*,#882,.F.);
#1162=ORIENTED_EDGE('',*,*,#883,.F.);
#1163=ORIENTED_EDGE('',*,*,#884,.F.);
#1164=ORIENTED_EDGE('',*,*,#885,.F.);
#1165=ORIENTED_EDGE('',*,*,#886,.F.);
#1166=ORIENTED_EDGE('',*,*,#887,.F.);
#1167=ORIENTED_EDGE('',*,*,#888,.F.);
#1168=ORIENTED_EDGE('',*,*,#889,.F.);
#1169=ORIENTED_EDGE('',*,*,#890,.F.);
#1170=ORIENTED_EDGE('',*,*,#891,.F.);
#1171=ORIENTED_EDGE('',*,*,#892,.F.);
#1172=ORIENTED_EDGE('',*,*,#893,.F.);
#1173=ORIENTED_EDGE('',*,*,#894,.F.);
#1174=ORIENTED_EDGE('',*,*,#895,.F.);
#1175=ORIENTED_EDGE('',*,*,#896,.F.);
#1176=ORIENTED_EDGE('',*,*,#897,.F.);
#1177=ORIENTED_EDGE('',*,*,#898,.F.);
#1178=ORIENTED_EDGE('',*,*,#899,.F.);
#1179=ORIENTED_EDGE('',*,*,#900,.F.);
#1180=ORIENTED_EDGE('',*,*,#901,.F.);
#1181=ORIENTED_EDGE('',*,*,#902,.F.);
#1182=ORIENTED_EDGE('',*,*,#903,.F.);
#1183=ORIENTED_EDGE('',*,*,#904,.F.);
#1184=ORIENTED_EDGE('',*,*,#905,.F.);
#1185=ORIENTED_EDGE('',*,*,#906,.F.);
#1186=ORIENTED_EDGE('',*,*,#907,.F.);
#1187=ORIENTED_EDGE('',*,*,#908,.F.);
#1188=ORIENTED_EDGE('',*,*,#909,.F.);
#1189=ORIENTED_EDGE('',*,*,#910,.F.);
#1190=ORIENTED_EDGE('',*,*,#911,.F.);
#1191=ORIENTED_EDGE('',*,*,#912,.F.);
#1192=ORIENTED_EDGE('',*,*,#913,.F.);
#1193=ORIENTED_EDGE('',*,*,#914,.F.);
#1194=ORIENTED_EDGE('',*,*,#915,.F.);
#1195=ORIENTED_EDGE('',*,*,#916,.F.);
#1196=ORIENTED_EDGE('',*,*,#917,.F.);
#1197=ORIENTED_EDGE('',*,*,#918,.F.);
#1198=ORIENTED_EDGE('',*,*,#919,.F.);
#1199=ORIENTED_EDGE('',*,*,#920,.F.);
#1200=ORIENTED_EDGE('',*,*,#921,.F.);
#1201=ORIENTED_EDGE('',*,*,#922,.F.);
#1202=ORIENTED_EDGE('',*,*,#923,.F.);
#1203=ORIENTED_EDGE('',*,*,#924,.F.);
#1204=ORIENTED_EDGE('',*,*,#925,.F.);
#1205=ORIENTED_EDGE('',*,*,#925,.T.);
#1206=ORIENTED_EDGE('',*,*,#926,.F.);
#1207=ORIENTED_EDGE('',*,*,#927,.F.);
#1208=ORIENTED_EDGE('',*,*,#928,.F.);
#1209=ORIENTED_EDGE('',*,*,#915,.T.);
#1210=ORIENTED_EDGE('',*,*,#929,.F.);
#1211=ORIENTED_EDGE('',*,*,#930,.F.);
#1212=ORIENTED_EDGE('',*,*,#931,.F.);
#1213=ORIENTED_EDGE('',*,*,#920,.T.);
#1214=ORIENTED_EDGE('',*,*,#932,.F.);
#1215=ORIENTED_EDGE('',*,*,#933,.F.);
#1216=ORIENTED_EDGE('',*,*,#934,.F.);
#1217=ORIENTED_EDGE('',*,*,#900,.T.);
#1218=ORIENTED_EDGE('',*,*,#935,.F.);
#1219=ORIENTED_EDGE('',*,*,#936,.F.);
#1220=ORIENTED_EDGE('',*,*,#937,.F.);
#1221=ORIENTED_EDGE('',*,*,#895,.T.);
#1222=ORIENTED_EDGE('',*,*,#938,.F.);
#1223=ORIENTED_EDGE('',*,*,#939,.F.);
#1224=ORIENTED_EDGE('',*,*,#940,.F.);
#1225=ORIENTED_EDGE('',*,*,#890,.T.);
#1226=ORIENTED_EDGE('',*,*,#941,.F.);
#1227=ORIENTED_EDGE('',*,*,#942,.F.);
#1228=ORIENTED_EDGE('',*,*,#943,.F.);
#1229=ORIENTED_EDGE('',*,*,#885,.T.);
#1230=ORIENTED_EDGE('',*,*,#944,.F.);
#1231=ORIENTED_EDGE('',*,*,#945,.F.);
#1232=ORIENTED_EDGE('',*,*,#946,.F.);
#1233=ORIENTED_EDGE('',*,*,#880,.T.);
#1234=ORIENTED_EDGE('',*,*,#947,.F.);
#1235=ORIENTED_EDGE('',*,*,#948,.F.);
#1236=ORIENTED_EDGE('',*,*,#949,.F.);
#1237=ORIENTED_EDGE('',*,*,#875,.T.);
#1238=ORIENTED_EDGE('',*,*,#950,.F.);
#1239=ORIENTED_EDGE('',*,*,#951,.F.);
#1240=ORIENTED_EDGE('',*,*,#952,.F.);
#1241=ORIENTED_EDGE('',*,*,#870,.T.);
#1242=ORIENTED_EDGE('',*,*,#953,.F.);
#1243=ORIENTED_EDGE('',*,*,#954,.F.);
#1244=ORIENTED_EDGE('',*,*,#955,.F.);
#1245=ORIENTED_EDGE('',*,*,#860,.T.);
#1246=ORIENTED_EDGE('',*,*,#956,.F.);
#1247=ORIENTED_EDGE('',*,*,#957,.F.);
#1248=ORIENTED_EDGE('',*,*,#958,.F.);
#1249=ORIENTED_EDGE('',*,*,#910,.T.);
#1250=ORIENTED_EDGE('',*,*,#959,.F.);
#1251=ORIENTED_EDGE('',*,*,#960,.F.);
#1252=ORIENTED_EDGE('',*,*,#961,.F.);
#1253=ORIENTED_EDGE('',*,*,#865,.T.);
#1254=ORIENTED_EDGE('',*,*,#962,.F.);
#1255=ORIENTED_EDGE('',*,*,#963,.F.);
#1256=ORIENTED_EDGE('',*,*,#964,.F.);
#1257=ORIENTED_EDGE('',*,*,#905,.T.);
#1258=ORIENTED_EDGE('',*,*,#965,.F.);
#1259=ORIENTED_EDGE('',*,*,#966,.F.);
#1260=ORIENTED_EDGE('',*,*,#967,.F.);
#1261=ORIENTED_EDGE('',*,*,#855,.T.);
#1262=ORIENTED_EDGE('',*,*,#968,.F.);
#1263=ORIENTED_EDGE('',*,*,#969,.F.);
#1264=ORIENTED_EDGE('',*,*,#970,.F.);
#1265=ORIENTED_EDGE('',*,*,#924,.T.);
#1266=ORIENTED_EDGE('',*,*,#971,.F.);
#1267=ORIENTED_EDGE('',*,*,#972,.T.);
#1268=ORIENTED_EDGE('',*,*,#962,.T.);
#1269=ORIENTED_EDGE('',*,*,#864,.T.);
#1270=ORIENTED_EDGE('',*,*,#973,.F.);
#1271=ORIENTED_EDGE('',*,*,#974,.T.);
#1272=ORIENTED_EDGE('',*,*,#953,.T.);
#1273=ORIENTED_EDGE('',*,*,#869,.T.);
#1274=ORIENTED_EDGE('',*,*,#975,.F.);
#1275=ORIENTED_EDGE('',*,*,#976,.T.);
#1276=ORIENTED_EDGE('',*,*,#956,.T.);
#1277=ORIENTED_EDGE('',*,*,#859,.T.);
#1278=ORIENTED_EDGE('',*,*,#977,.F.);
#1279=ORIENTED_EDGE('',*,*,#978,.T.);
#1280=ORIENTED_EDGE('',*,*,#959,.T.);
#1281=ORIENTED_EDGE('',*,*,#909,.T.);
#1282=ORIENTED_EDGE('',*,*,#979,.F.);
#1283=ORIENTED_EDGE('',*,*,#980,.T.);
#1284=ORIENTED_EDGE('',*,*,#929,.T.);
#1285=ORIENTED_EDGE('',*,*,#914,.T.);
#1286=ORIENTED_EDGE('',*,*,#981,.F.);
#1287=ORIENTED_EDGE('',*,*,#982,.T.);
#1288=ORIENTED_EDGE('',*,*,#935,.T.);
#1289=ORIENTED_EDGE('',*,*,#899,.T.);
#1290=ORIENTED_EDGE('',*,*,#983,.F.);
#1291=ORIENTED_EDGE('',*,*,#984,.T.);
#1292=ORIENTED_EDGE('',*,*,#938,.T.);
#1293=ORIENTED_EDGE('',*,*,#894,.T.);
#1294=ORIENTED_EDGE('',*,*,#985,.F.);
#1295=ORIENTED_EDGE('',*,*,#986,.T.);
#1296=ORIENTED_EDGE('',*,*,#941,.T.);
#1297=ORIENTED_EDGE('',*,*,#889,.T.);
#1298=ORIENTED_EDGE('',*,*,#987,.F.);
#1299=ORIENTED_EDGE('',*,*,#988,.T.);
#1300=ORIENTED_EDGE('',*,*,#947,.T.);
#1301=ORIENTED_EDGE('',*,*,#879,.T.);
#1302=ORIENTED_EDGE('',*,*,#989,.F.);
#1303=ORIENTED_EDGE('',*,*,#990,.T.);
#1304=ORIENTED_EDGE('',*,*,#944,.T.);
#1305=ORIENTED_EDGE('',*,*,#884,.T.);
#1306=ORIENTED_EDGE('',*,*,#991,.F.);
#1307=ORIENTED_EDGE('',*,*,#992,.T.);
#1308=ORIENTED_EDGE('',*,*,#950,.T.);
#1309=ORIENTED_EDGE('',*,*,#874,.T.);
#1310=ORIENTED_EDGE('',*,*,#993,.F.);
#1311=ORIENTED_EDGE('',*,*,#994,.T.);
#1312=ORIENTED_EDGE('',*,*,#968,.T.);
#1313=ORIENTED_EDGE('',*,*,#854,.T.);
#1314=ORIENTED_EDGE('',*,*,#995,.F.);
#1315=ORIENTED_EDGE('',*,*,#996,.T.);
#1316=ORIENTED_EDGE('',*,*,#965,.T.);
#1317=ORIENTED_EDGE('',*,*,#904,.T.);
#1318=ORIENTED_EDGE('',*,*,#997,.F.);
#1319=ORIENTED_EDGE('',*,*,#998,.T.);
#1320=ORIENTED_EDGE('',*,*,#932,.T.);
#1321=ORIENTED_EDGE('',*,*,#919,.T.);
#1322=ORIENTED_EDGE('',*,*,#999,.F.);
#1323=ORIENTED_EDGE('',*,*,#1000,.T.);
#1324=ORIENTED_EDGE('',*,*,#926,.T.);
#1325=ORIENTED_EDGE('',*,*,#923,.T.);
#1326=ORIENTED_EDGE('',*,*,#1001,.F.);
#1327=ORIENTED_EDGE('',*,*,#1002,.F.);
#1328=ORIENTED_EDGE('',*,*,#971,.T.);
#1329=ORIENTED_EDGE('',*,*,#921,.T.);
#1330=ORIENTED_EDGE('',*,*,#928,.T.);
#1331=ORIENTED_EDGE('',*,*,#1003,.F.);
#1332=ORIENTED_EDGE('',*,*,#1004,.F.);
#1333=ORIENTED_EDGE('',*,*,#1005,.T.);
#1334=ORIENTED_EDGE('',*,*,#1002,.T.);
#1335=ORIENTED_EDGE('',*,*,#1006,.T.);
#1336=ORIENTED_EDGE('',*,*,#1007,.T.);
#1337=ORIENTED_EDGE('',*,*,#1008,.T.);
#1338=ORIENTED_EDGE('',*,*,#963,.T.);
#1339=ORIENTED_EDGE('',*,*,#972,.F.);
#1340=ORIENTED_EDGE('',*,*,#913,.T.);
#1341=ORIENTED_EDGE('',*,*,#1009,.F.);
#1342=ORIENTED_EDGE('',*,*,#1010,.F.);
#1343=ORIENTED_EDGE('',*,*,#981,.T.);
#1344=ORIENTED_EDGE('',*,*,#911,.T.);
#1345=ORIENTED_EDGE('',*,*,#931,.T.);
#1346=ORIENTED_EDGE('',*,*,#1011,.F.);
#1347=ORIENTED_EDGE('',*,*,#1012,.F.);
#1348=ORIENTED_EDGE('',*,*,#1013,.T.);
#1349=ORIENTED_EDGE('',*,*,#1010,.T.);
#1350=ORIENTED_EDGE('',*,*,#1014,.T.);
#1351=ORIENTED_EDGE('',*,*,#1015,.T.);
#1352=ORIENTED_EDGE('',*,*,#1016,.T.);
#1353=ORIENTED_EDGE('',*,*,#936,.T.);
#1354=ORIENTED_EDGE('',*,*,#982,.F.);
#1355=ORIENTED_EDGE('',*,*,#918,.T.);
#1356=ORIENTED_EDGE('',*,*,#1017,.F.);
#1357=ORIENTED_EDGE('',*,*,#1018,.F.);
#1358=ORIENTED_EDGE('',*,*,#999,.T.);
#1359=ORIENTED_EDGE('',*,*,#916,.T.);
#1360=ORIENTED_EDGE('',*,*,#934,.T.);
#1361=ORIENTED_EDGE('',*,*,#1019,.F.);
#1362=ORIENTED_EDGE('',*,*,#1020,.F.);
#1363=ORIENTED_EDGE('',*,*,#1021,.T.);
#1364=ORIENTED_EDGE('',*,*,#927,.T.);
#1365=ORIENTED_EDGE('',*,*,#1000,.F.);
#1366=ORIENTED_EDGE('',*,*,#1018,.T.);
#1367=ORIENTED_EDGE('',*,*,#1022,.T.);
#1368=ORIENTED_EDGE('',*,*,#1004,.T.);
#1369=ORIENTED_EDGE('',*,*,#1003,.T.);
#1370=ORIENTED_EDGE('',*,*,#898,.T.);
#1371=ORIENTED_EDGE('',*,*,#1023,.F.);
#1372=ORIENTED_EDGE('',*,*,#1024,.F.);
#1373=ORIENTED_EDGE('',*,*,#983,.T.);
#1374=ORIENTED_EDGE('',*,*,#896,.T.);
#1375=ORIENTED_EDGE('',*,*,#937,.T.);
#1376=ORIENTED_EDGE('',*,*,#1016,.F.);
#1377=ORIENTED_EDGE('',*,*,#1015,.F.);
#1378=ORIENTED_EDGE('',*,*,#1025,.T.);
#1379=ORIENTED_EDGE('',*,*,#1024,.T.);
#1380=ORIENTED_EDGE('',*,*,#1026,.T.);
#1381=ORIENTED_EDGE('',*,*,#1027,.T.);
#1382=ORIENTED_EDGE('',*,*,#1028,.T.);
#1383=ORIENTED_EDGE('',*,*,#939,.T.);
#1384=ORIENTED_EDGE('',*,*,#984,.F.);
#1385=ORIENTED_EDGE('',*,*,#893,.T.);
#1386=ORIENTED_EDGE('',*,*,#1029,.F.);
#1387=ORIENTED_EDGE('',*,*,#1030,.F.);
#1388=ORIENTED_EDGE('',*,*,#985,.T.);
#1389=ORIENTED_EDGE('',*,*,#891,.T.);
#1390=ORIENTED_EDGE('',*,*,#940,.T.);
#1391=ORIENTED_EDGE('',*,*,#1028,.F.);
#1392=ORIENTED_EDGE('',*,*,#1027,.F.);
#1393=ORIENTED_EDGE('',*,*,#1031,.T.);
#1394=ORIENTED_EDGE('',*,*,#1030,.T.);
#1395=ORIENTED_EDGE('',*,*,#1032,.T.);
#1396=ORIENTED_EDGE('',*,*,#1033,.T.);
#1397=ORIENTED_EDGE('',*,*,#1034,.T.);
#1398=ORIENTED_EDGE('',*,*,#942,.T.);
#1399=ORIENTED_EDGE('',*,*,#986,.F.);
#1400=ORIENTED_EDGE('',*,*,#888,.T.);
#1401=ORIENTED_EDGE('',*,*,#1035,.F.);
#1402=ORIENTED_EDGE('',*,*,#1036,.F.);
#1403=ORIENTED_EDGE('',*,*,#987,.T.);
#1404=ORIENTED_EDGE('',*,*,#886,.T.);
#1405=ORIENTED_EDGE('',*,*,#943,.T.);
#1406=ORIENTED_EDGE('',*,*,#1034,.F.);
#1407=ORIENTED_EDGE('',*,*,#1033,.F.);
#1408=ORIENTED_EDGE('',*,*,#1037,.T.);
#1409=ORIENTED_EDGE('',*,*,#1036,.T.);
#1410=ORIENTED_EDGE('',*,*,#1038,.T.);
#1411=ORIENTED_EDGE('',*,*,#1039,.T.);
#1412=ORIENTED_EDGE('',*,*,#1040,.T.);
#1413=ORIENTED_EDGE('',*,*,#948,.T.);
#1414=ORIENTED_EDGE('',*,*,#988,.F.);
#1415=ORIENTED_EDGE('',*,*,#883,.T.);
#1416=ORIENTED_EDGE('',*,*,#1041,.F.);
#1417=ORIENTED_EDGE('',*,*,#1042,.F.);
#1418=ORIENTED_EDGE('',*,*,#991,.T.);
#1419=ORIENTED_EDGE('',*,*,#881,.T.);
#1420=ORIENTED_EDGE('',*,*,#946,.T.);
#1421=ORIENTED_EDGE('',*,*,#1043,.F.);
#1422=ORIENTED_EDGE('',*,*,#1044,.F.);
#1423=ORIENTED_EDGE('',*,*,#1045,.T.);
#1424=ORIENTED_EDGE('',*,*,#1042,.T.);
#1425=ORIENTED_EDGE('',*,*,#1046,.T.);
#1426=ORIENTED_EDGE('',*,*,#1047,.T.);
#1427=ORIENTED_EDGE('',*,*,#1048,.T.);
#1428=ORIENTED_EDGE('',*,*,#951,.T.);
#1429=ORIENTED_EDGE('',*,*,#992,.F.);
#1430=ORIENTED_EDGE('',*,*,#878,.T.);
#1431=ORIENTED_EDGE('',*,*,#1049,.F.);
#1432=ORIENTED_EDGE('',*,*,#1050,.F.);
#1433=ORIENTED_EDGE('',*,*,#989,.T.);
#1434=ORIENTED_EDGE('',*,*,#876,.T.);
#1435=ORIENTED_EDGE('',*,*,#949,.T.);
#1436=ORIENTED_EDGE('',*,*,#1040,.F.);
#1437=ORIENTED_EDGE('',*,*,#1039,.F.);
#1438=ORIENTED_EDGE('',*,*,#1051,.T.);
#1439=ORIENTED_EDGE('',*,*,#945,.T.);
#1440=ORIENTED_EDGE('',*,*,#990,.F.);
#1441=ORIENTED_EDGE('',*,*,#1050,.T.);
#1442=ORIENTED_EDGE('',*,*,#1052,.T.);
#1443=ORIENTED_EDGE('',*,*,#1044,.T.);
#1444=ORIENTED_EDGE('',*,*,#1043,.T.);
#1445=ORIENTED_EDGE('',*,*,#873,.T.);
#1446=ORIENTED_EDGE('',*,*,#1053,.F.);
#1447=ORIENTED_EDGE('',*,*,#1054,.F.);
#1448=ORIENTED_EDGE('',*,*,#993,.T.);
#1449=ORIENTED_EDGE('',*,*,#871,.T.);
#1450=ORIENTED_EDGE('',*,*,#952,.T.);
#1451=ORIENTED_EDGE('',*,*,#1048,.F.);
#1452=ORIENTED_EDGE('',*,*,#1047,.F.);
#1453=ORIENTED_EDGE('',*,*,#1055,.T.);
#1454=ORIENTED_EDGE('',*,*,#1054,.T.);
#1455=ORIENTED_EDGE('',*,*,#1056,.T.);
#1456=ORIENTED_EDGE('',*,*,#1057,.T.);
#1457=ORIENTED_EDGE('',*,*,#1058,.T.);
#1458=ORIENTED_EDGE('',*,*,#969,.T.);
#1459=ORIENTED_EDGE('',*,*,#994,.F.);
#1460=ORIENTED_EDGE('',*,*,#868,.T.);
#1461=ORIENTED_EDGE('',*,*,#1059,.F.);
#1462=ORIENTED_EDGE('',*,*,#1060,.F.);
#1463=ORIENTED_EDGE('',*,*,#975,.T.);
#1464=ORIENTED_EDGE('',*,*,#866,.T.);
#1465=ORIENTED_EDGE('',*,*,#955,.T.);
#1466=ORIENTED_EDGE('',*,*,#1061,.F.);
#1467=ORIENTED_EDGE('',*,*,#1062,.F.);
#1468=ORIENTED_EDGE('',*,*,#1063,.T.);
#1469=ORIENTED_EDGE('',*,*,#1060,.T.);
#1470=ORIENTED_EDGE('',*,*,#1064,.T.);
#1471=ORIENTED_EDGE('',*,*,#1065,.T.);
#1472=ORIENTED_EDGE('',*,*,#1066,.T.);
#1473=ORIENTED_EDGE('',*,*,#957,.T.);
#1474=ORIENTED_EDGE('',*,*,#976,.F.);
#1475=ORIENTED_EDGE('',*,*,#858,.T.);
#1476=ORIENTED_EDGE('',*,*,#1067,.F.);
#1477=ORIENTED_EDGE('',*,*,#1068,.F.);
#1478=ORIENTED_EDGE('',*,*,#977,.T.);
#1479=ORIENTED_EDGE('',*,*,#856,.T.);
#1480=ORIENTED_EDGE('',*,*,#958,.T.);
#1481=ORIENTED_EDGE('',*,*,#1066,.F.);
#1482=ORIENTED_EDGE('',*,*,#1065,.F.);
#1483=ORIENTED_EDGE('',*,*,#1069,.T.);
#1484=ORIENTED_EDGE('',*,*,#1068,.T.);
#1485=ORIENTED_EDGE('',*,*,#1070,.T.);
#1486=ORIENTED_EDGE('',*,*,#1071,.T.);
#1487=ORIENTED_EDGE('',*,*,#1072,.T.);
#1488=ORIENTED_EDGE('',*,*,#960,.T.);
#1489=ORIENTED_EDGE('',*,*,#978,.F.);
#1490=ORIENTED_EDGE('',*,*,#908,.T.);
#1491=ORIENTED_EDGE('',*,*,#1073,.F.);
#1492=ORIENTED_EDGE('',*,*,#1074,.F.);
#1493=ORIENTED_EDGE('',*,*,#979,.T.);
#1494=ORIENTED_EDGE('',*,*,#906,.T.);
#1495=ORIENTED_EDGE('',*,*,#961,.T.);
#1496=ORIENTED_EDGE('',*,*,#1072,.F.);
#1497=ORIENTED_EDGE('',*,*,#1071,.F.);
#1498=ORIENTED_EDGE('',*,*,#1075,.T.);
#1499=ORIENTED_EDGE('',*,*,#930,.T.);
#1500=ORIENTED_EDGE('',*,*,#980,.F.);
#1501=ORIENTED_EDGE('',*,*,#1074,.T.);
#1502=ORIENTED_EDGE('',*,*,#1076,.T.);
#1503=ORIENTED_EDGE('',*,*,#1012,.T.);
#1504=ORIENTED_EDGE('',*,*,#1011,.T.);
#1505=ORIENTED_EDGE('',*,*,#863,.T.);
#1506=ORIENTED_EDGE('',*,*,#1077,.F.);
#1507=ORIENTED_EDGE('',*,*,#1078,.F.);
#1508=ORIENTED_EDGE('',*,*,#973,.T.);
#1509=ORIENTED_EDGE('',*,*,#861,.T.);
#1510=ORIENTED_EDGE('',*,*,#964,.T.);
#1511=ORIENTED_EDGE('',*,*,#1008,.F.);
#1512=ORIENTED_EDGE('',*,*,#1007,.F.);
#1513=ORIENTED_EDGE('',*,*,#1079,.T.);
#1514=ORIENTED_EDGE('',*,*,#954,.T.);
#1515=ORIENTED_EDGE('',*,*,#974,.F.);
#1516=ORIENTED_EDGE('',*,*,#1078,.T.);
#1517=ORIENTED_EDGE('',*,*,#1080,.T.);
#1518=ORIENTED_EDGE('',*,*,#1062,.T.);
#1519=ORIENTED_EDGE('',*,*,#1061,.T.);
#1520=ORIENTED_EDGE('',*,*,#903,.T.);
#1521=ORIENTED_EDGE('',*,*,#1081,.F.);
#1522=ORIENTED_EDGE('',*,*,#1082,.F.);
#1523=ORIENTED_EDGE('',*,*,#997,.T.);
#1524=ORIENTED_EDGE('',*,*,#901,.T.);
#1525=ORIENTED_EDGE('',*,*,#967,.T.);
#1526=ORIENTED_EDGE('',*,*,#1083,.F.);
#1527=ORIENTED_EDGE('',*,*,#1084,.F.);
#1528=ORIENTED_EDGE('',*,*,#1085,.T.);
#1529=ORIENTED_EDGE('',*,*,#933,.T.);
#1530=ORIENTED_EDGE('',*,*,#998,.F.);
#1531=ORIENTED_EDGE('',*,*,#1082,.T.);
#1532=ORIENTED_EDGE('',*,*,#1086,.T.);
#1533=ORIENTED_EDGE('',*,*,#1020,.T.);
#1534=ORIENTED_EDGE('',*,*,#1019,.T.);
#1535=ORIENTED_EDGE('',*,*,#853,.T.);
#1536=ORIENTED_EDGE('',*,*,#1087,.F.);
#1537=ORIENTED_EDGE('',*,*,#1088,.F.);
#1538=ORIENTED_EDGE('',*,*,#995,.T.);
#1539=ORIENTED_EDGE('',*,*,#851,.T.);
#1540=ORIENTED_EDGE('',*,*,#970,.T.);
#1541=ORIENTED_EDGE('',*,*,#1058,.F.);
#1542=ORIENTED_EDGE('',*,*,#1057,.F.);
#1543=ORIENTED_EDGE('',*,*,#1089,.T.);
#1544=ORIENTED_EDGE('',*,*,#966,.T.);
#1545=ORIENTED_EDGE('',*,*,#996,.F.);
#1546=ORIENTED_EDGE('',*,*,#1088,.T.);
#1547=ORIENTED_EDGE('',*,*,#1090,.T.);
#1548=ORIENTED_EDGE('',*,*,#1084,.T.);
#1549=ORIENTED_EDGE('',*,*,#1083,.T.);
#1550=ORIENTED_EDGE('',*,*,#922,.T.);
#1551=ORIENTED_EDGE('',*,*,#1005,.F.);
#1552=ORIENTED_EDGE('',*,*,#1022,.F.);
#1553=ORIENTED_EDGE('',*,*,#1017,.T.);
#1554=ORIENTED_EDGE('',*,*,#917,.T.);
#1555=ORIENTED_EDGE('',*,*,#1021,.F.);
#1556=ORIENTED_EDGE('',*,*,#1086,.F.);
#1557=ORIENTED_EDGE('',*,*,#1081,.T.);
#1558=ORIENTED_EDGE('',*,*,#902,.T.);
#1559=ORIENTED_EDGE('',*,*,#1085,.F.);
#1560=ORIENTED_EDGE('',*,*,#1090,.F.);
#1561=ORIENTED_EDGE('',*,*,#1087,.T.);
#1562=ORIENTED_EDGE('',*,*,#852,.T.);
#1563=ORIENTED_EDGE('',*,*,#1089,.F.);
#1564=ORIENTED_EDGE('',*,*,#1056,.F.);
#1565=ORIENTED_EDGE('',*,*,#1053,.T.);
#1566=ORIENTED_EDGE('',*,*,#872,.T.);
#1567=ORIENTED_EDGE('',*,*,#1055,.F.);
#1568=ORIENTED_EDGE('',*,*,#1046,.F.);
#1569=ORIENTED_EDGE('',*,*,#1041,.T.);
#1570=ORIENTED_EDGE('',*,*,#882,.T.);
#1571=ORIENTED_EDGE('',*,*,#1045,.F.);
#1572=ORIENTED_EDGE('',*,*,#1052,.F.);
#1573=ORIENTED_EDGE('',*,*,#1049,.T.);
#1574=ORIENTED_EDGE('',*,*,#877,.T.);
#1575=ORIENTED_EDGE('',*,*,#1051,.F.);
#1576=ORIENTED_EDGE('',*,*,#1038,.F.);
#1577=ORIENTED_EDGE('',*,*,#1035,.T.);
#1578=ORIENTED_EDGE('',*,*,#887,.T.);
#1579=ORIENTED_EDGE('',*,*,#1037,.F.);
#1580=ORIENTED_EDGE('',*,*,#1032,.F.);
#1581=ORIENTED_EDGE('',*,*,#1029,.T.);
#1582=ORIENTED_EDGE('',*,*,#892,.T.);
#1583=ORIENTED_EDGE('',*,*,#1031,.F.);
#1584=ORIENTED_EDGE('',*,*,#1026,.F.);
#1585=ORIENTED_EDGE('',*,*,#1023,.T.);
#1586=ORIENTED_EDGE('',*,*,#897,.T.);
#1587=ORIENTED_EDGE('',*,*,#1025,.F.);
#1588=ORIENTED_EDGE('',*,*,#1014,.F.);
#1589=ORIENTED_EDGE('',*,*,#1009,.T.);
#1590=ORIENTED_EDGE('',*,*,#912,.T.);
#1591=ORIENTED_EDGE('',*,*,#1013,.F.);
#1592=ORIENTED_EDGE('',*,*,#1076,.F.);
#1593=ORIENTED_EDGE('',*,*,#1073,.T.);
#1594=ORIENTED_EDGE('',*,*,#907,.T.);
#1595=ORIENTED_EDGE('',*,*,#1075,.F.);
#1596=ORIENTED_EDGE('',*,*,#1070,.F.);
#1597=ORIENTED_EDGE('',*,*,#1067,.T.);
#1598=ORIENTED_EDGE('',*,*,#857,.T.);
#1599=ORIENTED_EDGE('',*,*,#1069,.F.);
#1600=ORIENTED_EDGE('',*,*,#1064,.F.);
#1601=ORIENTED_EDGE('',*,*,#1059,.T.);
#1602=ORIENTED_EDGE('',*,*,#867,.T.);
#1603=ORIENTED_EDGE('',*,*,#1063,.F.);
#1604=ORIENTED_EDGE('',*,*,#1080,.F.);
#1605=ORIENTED_EDGE('',*,*,#1077,.T.);
#1606=ORIENTED_EDGE('',*,*,#862,.T.);
#1607=ORIENTED_EDGE('',*,*,#1079,.F.);
#1608=ORIENTED_EDGE('',*,*,#1006,.F.);
#1609=ORIENTED_EDGE('',*,*,#1001,.T.);
#1610=ORIENTED_EDGE('',*,*,#1091,.F.);
#1611=ORIENTED_EDGE('',*,*,#1092,.T.);
#1612=ORIENTED_EDGE('',*,*,#1093,.F.);
#1613=ORIENTED_EDGE('',*,*,#1092,.F.);
#1614=ORIENTED_EDGE('',*,*,#1094,.F.);
#1615=ORIENTED_EDGE('',*,*,#1095,.T.);
#1616=ORIENTED_EDGE('',*,*,#1096,.T.);
#1617=ORIENTED_EDGE('',*,*,#1097,.F.);
#1618=ORIENTED_EDGE('',*,*,#1098,.F.);
#1619=ORIENTED_EDGE('',*,*,#1099,.T.);
#1620=ORIENTED_EDGE('',*,*,#1100,.T.);
#1621=ORIENTED_EDGE('',*,*,#1095,.F.);
#1622=ORIENTED_EDGE('',*,*,#1101,.F.);
#1623=ORIENTED_EDGE('',*,*,#1102,.T.);
#1624=ORIENTED_EDGE('',*,*,#1103,.T.);
#1625=ORIENTED_EDGE('',*,*,#1099,.F.);
#1626=ORIENTED_EDGE('',*,*,#1093,.T.);
#1627=ORIENTED_EDGE('',*,*,#1104,.F.);
#1628=ORIENTED_EDGE('',*,*,#1097,.T.);
#1629=ORIENTED_EDGE('',*,*,#1105,.T.);
#1630=ORIENTED_EDGE('',*,*,#1102,.F.);
#1631=ORIENTED_EDGE('',*,*,#1105,.F.);
#1632=ORIENTED_EDGE('',*,*,#1096,.F.);
#1633=ORIENTED_EDGE('',*,*,#1100,.F.);
#1634=ORIENTED_EDGE('',*,*,#1103,.F.);
#1635=ORIENTED_EDGE('',*,*,#1106,.T.);
#1636=ORIENTED_EDGE('',*,*,#1107,.T.);
#1637=ORIENTED_EDGE('',*,*,#1108,.T.);
#1638=ORIENTED_EDGE('',*,*,#1109,.T.);
#1639=ORIENTED_EDGE('',*,*,#1107,.F.);
#1640=ORIENTED_EDGE('',*,*,#1110,.F.);
#1641=ORIENTED_EDGE('',*,*,#1111,.F.);
#1642=ORIENTED_EDGE('',*,*,#1112,.F.);
#1643=ORIENTED_EDGE('',*,*,#1106,.F.);
#1644=ORIENTED_EDGE('',*,*,#1113,.T.);
#1645=ORIENTED_EDGE('',*,*,#1114,.F.);
#1646=ORIENTED_EDGE('',*,*,#1115,.T.);
#1647=ORIENTED_EDGE('',*,*,#1116,.F.);
#1648=ORIENTED_EDGE('',*,*,#1117,.T.);
#1649=ORIENTED_EDGE('',*,*,#1118,.F.);
#1650=ORIENTED_EDGE('',*,*,#1110,.T.);
#1651=ORIENTED_EDGE('',*,*,#1114,.T.);
#1652=ORIENTED_EDGE('',*,*,#1119,.T.);
#1653=ORIENTED_EDGE('',*,*,#1120,.T.);
#1654=ORIENTED_EDGE('',*,*,#1121,.T.);
#1655=ORIENTED_EDGE('',*,*,#1121,.F.);
#1656=ORIENTED_EDGE('',*,*,#1122,.F.);
#1657=ORIENTED_EDGE('',*,*,#1123,.F.);
#1658=ORIENTED_EDGE('',*,*,#1115,.F.);
#1659=ORIENTED_EDGE('',*,*,#1108,.F.);
#1660=ORIENTED_EDGE('',*,*,#1112,.T.);
#1661=ORIENTED_EDGE('',*,*,#1124,.F.);
#1662=ORIENTED_EDGE('',*,*,#1125,.T.);
#1663=ORIENTED_EDGE('',*,*,#1126,.F.);
#1664=ORIENTED_EDGE('',*,*,#1122,.T.);
#1665=ORIENTED_EDGE('',*,*,#1120,.F.);
#1666=ORIENTED_EDGE('',*,*,#1127,.T.);
#1667=ORIENTED_EDGE('',*,*,#1091,.T.);
#1668=ORIENTED_EDGE('',*,*,#1116,.T.);
#1669=ORIENTED_EDGE('',*,*,#1123,.T.);
#1670=ORIENTED_EDGE('',*,*,#1126,.T.);
#1671=ORIENTED_EDGE('',*,*,#1128,.T.);
#1672=ORIENTED_EDGE('',*,*,#1128,.F.);
#1673=ORIENTED_EDGE('',*,*,#1125,.F.);
#1674=ORIENTED_EDGE('',*,*,#1129,.F.);
#1675=ORIENTED_EDGE('',*,*,#1117,.F.);
#1676=ORIENTED_EDGE('',*,*,#1118,.T.);
#1677=ORIENTED_EDGE('',*,*,#1129,.T.);
#1678=ORIENTED_EDGE('',*,*,#1124,.T.);
#1679=ORIENTED_EDGE('',*,*,#1111,.T.);
#1680=ORIENTED_EDGE('',*,*,#1109,.F.);
#1681=ORIENTED_EDGE('',*,*,#1127,.F.);
#1682=ORIENTED_EDGE('',*,*,#1119,.F.);
#1683=ORIENTED_EDGE('',*,*,#1113,.F.);
#1684=ORIENTED_EDGE('',*,*,#1094,.T.);
#1685=ORIENTED_EDGE('',*,*,#1104,.T.);
#1686=ORIENTED_EDGE('',*,*,#1101,.T.);
#1687=ORIENTED_EDGE('',*,*,#1098,.T.);
#1688=CYLINDRICAL_SURFACE('',#1843,11.);
#1689=CYLINDRICAL_SURFACE('',#1846,11.);
#1690=CYLINDRICAL_SURFACE('',#1849,11.);
#1691=CYLINDRICAL_SURFACE('',#1852,11.);
#1692=CYLINDRICAL_SURFACE('',#1855,11.);
#1693=CYLINDRICAL_SURFACE('',#1858,11.);
#1694=CYLINDRICAL_SURFACE('',#1861,11.);
#1695=CYLINDRICAL_SURFACE('',#1864,11.);
#1696=CYLINDRICAL_SURFACE('',#1867,11.);
#1697=CYLINDRICAL_SURFACE('',#1870,11.);
#1698=CYLINDRICAL_SURFACE('',#1873,11.);
#1699=CYLINDRICAL_SURFACE('',#1876,11.);
#1700=CYLINDRICAL_SURFACE('',#1879,11.);
#1701=CYLINDRICAL_SURFACE('',#1882,11.);
#1702=CYLINDRICAL_SURFACE('',#1885,11.);
#1703=CYLINDRICAL_SURFACE('',#1904,6.);
#1704=CYLINDRICAL_SURFACE('',#1906,6.);
#1705=CYLINDRICAL_SURFACE('',#1908,6.);
#1706=CYLINDRICAL_SURFACE('',#1910,6.);
#1707=CYLINDRICAL_SURFACE('',#1912,6.);
#1708=CYLINDRICAL_SURFACE('',#1914,6.);
#1709=CYLINDRICAL_SURFACE('',#1916,6.);
#1710=CYLINDRICAL_SURFACE('',#1918,6.);
#1711=CYLINDRICAL_SURFACE('',#1920,6.);
#1712=CYLINDRICAL_SURFACE('',#1922,6.);
#1713=CYLINDRICAL_SURFACE('',#1924,6.);
#1714=CYLINDRICAL_SURFACE('',#1926,6.);
#1715=CYLINDRICAL_SURFACE('',#1928,6.);
#1716=CYLINDRICAL_SURFACE('',#1930,6.);
#1717=CYLINDRICAL_SURFACE('',#1932,6.);
#1718=CYLINDRICAL_SURFACE('',#1936,10.);
#1719=CYLINDRICAL_SURFACE('',#1944,1.5);
#1720=CYLINDRICAL_SURFACE('',#1952,1.5);
#1721=CYLINDRICAL_SURFACE('',#1958,1.5);
#1722=CYLINDRICAL_SURFACE('',#1960,1.5);
#1723=ADVANCED_FACE('',(#296),#1688,.T.);
#1724=ADVANCED_FACE('',(#297),#1689,.T.);
#1725=ADVANCED_FACE('',(#298),#1690,.T.);
#1726=ADVANCED_FACE('',(#299),#1691,.T.);
#1727=ADVANCED_FACE('',(#300),#1692,.T.);
#1728=ADVANCED_FACE('',(#301),#1693,.T.);
#1729=ADVANCED_FACE('',(#302),#1694,.T.);
#1730=ADVANCED_FACE('',(#303),#1695,.T.);
#1731=ADVANCED_FACE('',(#304),#1696,.T.);
#1732=ADVANCED_FACE('',(#305),#1697,.T.);
#1733=ADVANCED_FACE('',(#306),#1698,.T.);
#1734=ADVANCED_FACE('',(#307),#1699,.T.);
#1735=ADVANCED_FACE('',(#308),#1700,.T.);
#1736=ADVANCED_FACE('',(#309),#1701,.T.);
#1737=ADVANCED_FACE('',(#310),#1702,.T.);
#1738=ADVANCED_FACE('',(#311),#266,.T.);
#1739=ADVANCED_FACE('',(#312),#267,.T.);
#1740=ADVANCED_FACE('',(#313),#268,.T.);
#1741=ADVANCED_FACE('',(#314),#269,.T.);
#1742=ADVANCED_FACE('',(#315),#270,.T.);
#1743=ADVANCED_FACE('',(#316),#271,.T.);
#1744=ADVANCED_FACE('',(#317),#272,.T.);
#1745=ADVANCED_FACE('',(#318),#273,.T.);
#1746=ADVANCED_FACE('',(#319),#274,.T.);
#1747=ADVANCED_FACE('',(#320),#275,.T.);
#1748=ADVANCED_FACE('',(#321),#276,.T.);
#1749=ADVANCED_FACE('',(#322),#277,.T.);
#1750=ADVANCED_FACE('',(#323),#278,.T.);
#1751=ADVANCED_FACE('',(#324),#279,.T.);
#1752=ADVANCED_FACE('',(#325),#280,.T.);
#1753=ADVANCED_FACE('',(#326),#45,.T.);
#1754=ADVANCED_FACE('',(#327),#281,.T.);
#1755=ADVANCED_FACE('',(#328),#30,.T.);
#1756=ADVANCED_FACE('',(#329),#1703,.T.);
#1757=ADVANCED_FACE('',(#330),#282,.T.);
#1758=ADVANCED_FACE('',(#331),#31,.T.);
#1759=ADVANCED_FACE('',(#332),#1704,.T.);
#1760=ADVANCED_FACE('',(#333),#283,.T.);
#1761=ADVANCED_FACE('',(#334),#32,.T.);
#1762=ADVANCED_FACE('',(#335),#1705,.T.);
#1763=ADVANCED_FACE('',(#336),#284,.T.);
#1764=ADVANCED_FACE('',(#337),#33,.T.);
#1765=ADVANCED_FACE('',(#338),#1706,.T.);
#1766=ADVANCED_FACE('',(#339),#285,.T.);
#1767=ADVANCED_FACE('',(#340),#34,.T.);
#1768=ADVANCED_FACE('',(#341),#1707,.T.);
#1769=ADVANCED_FACE('',(#342),#286,.T.);
#1770=ADVANCED_FACE('',(#343),#35,.T.);
#1771=ADVANCED_FACE('',(#344),#1708,.T.);
#1772=ADVANCED_FACE('',(#345),#287,.T.);
#1773=ADVANCED_FACE('',(#346),#36,.T.);
#1774=ADVANCED_FACE('',(#347),#1709,.T.);
#1775=ADVANCED_FACE('',(#348),#288,.T.);
#1776=ADVANCED_FACE('',(#349),#37,.T.);
#1777=ADVANCED_FACE('',(#350),#1710,.T.);
#1778=ADVANCED_FACE('',(#351),#289,.T.);
#1779=ADVANCED_FACE('',(#352),#38,.T.);
#1780=ADVANCED_FACE('',(#353),#1711,.T.);
#1781=ADVANCED_FACE('',(#354),#290,.T.);
#1782=ADVANCED_FACE('',(#355),#39,.T.);
#1783=ADVANCED_FACE('',(#356),#1712,.T.);
#1784=ADVANCED_FACE('',(#357),#291,.T.);
#1785=ADVANCED_FACE('',(#358),#40,.T.);
#1786=ADVANCED_FACE('',(#359),#1713,.T.);
#1787=ADVANCED_FACE('',(#360),#292,.T.);
#1788=ADVANCED_FACE('',(#361),#41,.T.);
#1789=ADVANCED_FACE('',(#362),#1714,.T.);
#1790=ADVANCED_FACE('',(#363),#293,.T.);
#1791=ADVANCED_FACE('',(#364),#42,.T.);
#1792=ADVANCED_FACE('',(#365),#1715,.T.);
#1793=ADVANCED_FACE('',(#366),#294,.T.);
#1794=ADVANCED_FACE('',(#367),#43,.T.);
#1795=ADVANCED_FACE('',(#368),#1716,.T.);
#1796=ADVANCED_FACE('',(#369),#295,.T.);
#1797=ADVANCED_FACE('',(#370),#44,.T.);
#1798=ADVANCED_FACE('',(#371),#1717,.T.);
#1799=ADVANCED_FACE('',(#372),#46,.F.);
#1800=ADVANCED_FACE('',(#373),#1718,.F.);
#1801=ADVANCED_FACE('',(#374),#47,.F.);
#1802=ADVANCED_FACE('',(#375),#48,.F.);
#1803=ADVANCED_FACE('',(#376,#19),#49,.F.);
#1804=ADVANCED_FACE('',(#377),#50,.F.);
#1805=ADVANCED_FACE('',(#378),#51,.F.);
#1806=ADVANCED_FACE('',(#379),#1719,.T.);
#1807=ADVANCED_FACE('',(#380),#52,.F.);
#1808=ADVANCED_FACE('',(#381),#53,.F.);
#1809=ADVANCED_FACE('',(#382),#1720,.T.);
#1810=ADVANCED_FACE('',(#383),#54,.F.);
#1811=ADVANCED_FACE('',(#384,#20),#55,.T.);
#1812=ADVANCED_FACE('',(#385),#1721,.T.);
#1813=ADVANCED_FACE('',(#386),#56,.F.);
#1814=ADVANCED_FACE('',(#387),#1722,.T.);
#1815=ADVANCED_FACE('',(#388,#21),#57,.F.);
#1816=CLOSED_SHELL('',(#1723,#1724,#1725,#1726,#1727,#1728,#1729,#1730,
#1731,#1732,#1733,#1734,#1735,#1736,#1737,#1738,#1739,#1740,#1741,#1742,
#1743,#1744,#1745,#1746,#1747,#1748,#1749,#1750,#1751,#1752,#1753,#1754,
#1755,#1756,#1757,#1758,#1759,#1760,#1761,#1762,#1763,#1764,#1765,#1766,
#1767,#1768,#1769,#1770,#1771,#1772,#1773,#1774,#1775,#1776,#1777,#1778,
#1779,#1780,#1781,#1782,#1783,#1784,#1785,#1786,#1787,#1788,#1789,#1790,
#1791,#1792,#1793,#1794,#1795,#1796,#1797,#1798,#1799));
#1817=CLOSED_SHELL('',(#1800,#1801,#1802,#1803,#1804,#1805,#1806,#1807,
#1808,#1809,#1810,#1811,#1812,#1813,#1814,#1815));
#1818=DERIVED_UNIT_ELEMENT(#1822,1.);
#1819=DERIVED_UNIT_ELEMENT(#6521,-3.);
#1820=DERIVED_UNIT_ELEMENT(#1822,1.);
#1821=DERIVED_UNIT_ELEMENT(#6521,-3.);
#1822=(
MASS_UNIT()
NAMED_UNIT(*)
SI_UNIT(.KILO.,.GRAM.)
);
#1823=DERIVED_UNIT((#1818,#1819));
#1824=DERIVED_UNIT((#1820,#1821));
#1825=MEASURE_REPRESENTATION_ITEM('density measure',
POSITIVE_RATIO_MEASURE(7850.),#1823);
#1826=MEASURE_REPRESENTATION_ITEM('density measure',
POSITIVE_RATIO_MEASURE(8000.),#1824);
#1827=PROPERTY_DEFINITION_REPRESENTATION(#1837,#1831);
#1828=PROPERTY_DEFINITION_REPRESENTATION(#1838,#1832);
#1829=PROPERTY_DEFINITION_REPRESENTATION(#1839,#1833);
#1830=PROPERTY_DEFINITION_REPRESENTATION(#1840,#1834);
#1831=REPRESENTATION('material name',(#1835),#6517);
#1832=REPRESENTATION('density',(#1825),#6517);
#1833=REPRESENTATION('material name',(#1836),#6518);
#1834=REPRESENTATION('density',(#1826),#6518);
#1835=DESCRIPTIVE_REPRESENTATION_ITEM('\X2\94A2\X0\','\X2\94A2\X0\');
#1836=DESCRIPTIVE_REPRESENTATION_ITEM('\X2\4E0D950894A2\X0\ AISI 302',
'\X2\4E0D950894A2\X0\ AISI 302');
#1837=PROPERTY_DEFINITION('material property','material name',#6537);
#1838=PROPERTY_DEFINITION('material property','density of part',#6537);
#1839=PROPERTY_DEFINITION('material property','material name',#6538);
#1840=PROPERTY_DEFINITION('material property','density of part',#6538);
#1841=AXIS2_PLACEMENT_3D('',#2314,#1964,#1965);
#1842=AXIS2_PLACEMENT_3D('',#2315,#1966,#1967);
#1843=AXIS2_PLACEMENT_3D('',#2316,#1968,#1969);
#1844=AXIS2_PLACEMENT_3D('',#2334,#1970,#1971);
#1845=AXIS2_PLACEMENT_3D('',#2351,#1972,#1973);
#1846=AXIS2_PLACEMENT_3D('',#2360,#1974,#1975);
#1847=AXIS2_PLACEMENT_3D('',#2378,#1976,#1977);
#1848=AXIS2_PLACEMENT_3D('',#2395,#1978,#1979);
#1849=AXIS2_PLACEMENT_3D('',#2404,#1980,#1981);
#1850=AXIS2_PLACEMENT_3D('',#2422,#1982,#1983);
#1851=AXIS2_PLACEMENT_3D('',#2439,#1984,#1985);
#1852=AXIS2_PLACEMENT_3D('',#2448,#1986,#1987);
#1853=AXIS2_PLACEMENT_3D('',#2466,#1988,#1989);
#1854=AXIS2_PLACEMENT_3D('',#2483,#1990,#1991);
#1855=AXIS2_PLACEMENT_3D('',#2492,#1992,#1993);
#1856=AXIS2_PLACEMENT_3D('',#2510,#1994,#1995);
#1857=AXIS2_PLACEMENT_3D('',#2527,#1996,#1997);
#1858=AXIS2_PLACEMENT_3D('',#2536,#1998,#1999);
#1859=AXIS2_PLACEMENT_3D('',#2554,#2000,#2001);
#1860=AXIS2_PLACEMENT_3D('',#2571,#2002,#2003);
#1861=AXIS2_PLACEMENT_3D('',#2580,#2004,#2005);
#1862=AXIS2_PLACEMENT_3D('',#2598,#2006,#2007);
#1863=AXIS2_PLACEMENT_3D('',#2615,#2008,#2009);
#1864=AXIS2_PLACEMENT_3D('',#2624,#2010,#2011);
#1865=AXIS2_PLACEMENT_3D('',#2642,#2012,#2013);
#1866=AXIS2_PLACEMENT_3D('',#2659,#2014,#2015);
#1867=AXIS2_PLACEMENT_3D('',#2668,#2016,#2017);
#1868=AXIS2_PLACEMENT_3D('',#2686,#2018,#2019);
#1869=AXIS2_PLACEMENT_3D('',#2703,#2020,#2021);
#1870=AXIS2_PLACEMENT_3D('',#2712,#2022,#2023);
#1871=AXIS2_PLACEMENT_3D('',#2730,#2024,#2025);
#1872=AXIS2_PLACEMENT_3D('',#2747,#2026,#2027);
#1873=AXIS2_PLACEMENT_3D('',#2756,#2028,#2029);
#1874=AXIS2_PLACEMENT_3D('',#2774,#2030,#2031);
#1875=AXIS2_PLACEMENT_3D('',#2791,#2032,#2033);
#1876=AXIS2_PLACEMENT_3D('',#2800,#2034,#2035);
#1877=AXIS2_PLACEMENT_3D('',#2818,#2036,#2037);
#1878=AXIS2_PLACEMENT_3D('',#2835,#2038,#2039);
#1879=AXIS2_PLACEMENT_3D('',#2844,#2040,#2041);
#1880=AXIS2_PLACEMENT_3D('',#2862,#2042,#2043);
#1881=AXIS2_PLACEMENT_3D('',#2879,#2044,#2045);
#1882=AXIS2_PLACEMENT_3D('',#2888,#2046,#2047);
#1883=AXIS2_PLACEMENT_3D('',#2906,#2048,#2049);
#1884=AXIS2_PLACEMENT_3D('',#2923,#2050,#2051);
#1885=AXIS2_PLACEMENT_3D('',#2932,#2052,#2053);
#1886=AXIS2_PLACEMENT_3D('',#2950,#2054,#2055);
#1887=AXIS2_PLACEMENT_3D('',#2967,#2056,#2057);
#1888=AXIS2_PLACEMENT_3D('',#3606,#2088,#2089);
#1889=AXIS2_PLACEMENT_3D('',#3609,#2091,#2092);
#1890=AXIS2_PLACEMENT_3D('',#3612,#2094,#2095);
#1891=AXIS2_PLACEMENT_3D('',#3615,#2097,#2098);
#1892=AXIS2_PLACEMENT_3D('',#3618,#2100,#2101);
#1893=AXIS2_PLACEMENT_3D('',#3621,#2103,#2104);
#1894=AXIS2_PLACEMENT_3D('',#3624,#2106,#2107);
#1895=AXIS2_PLACEMENT_3D('',#3627,#2109,#2110);
#1896=AXIS2_PLACEMENT_3D('',#3630,#2112,#2113);
#1897=AXIS2_PLACEMENT_3D('',#3633,#2115,#2116);
#1898=AXIS2_PLACEMENT_3D('',#3636,#2118,#2119);
#1899=AXIS2_PLACEMENT_3D('',#3639,#2121,#2122);
#1900=AXIS2_PLACEMENT_3D('',#3642,#2124,#2125);
#1901=AXIS2_PLACEMENT_3D('',#3645,#2127,#2128);
#1902=AXIS2_PLACEMENT_3D('',#3648,#2130,#2131);
#1903=AXIS2_PLACEMENT_3D('',#3651,#2133,#2134);
#1904=AXIS2_PLACEMENT_3D('',#3835,#2137,#2138);
#1905=AXIS2_PLACEMENT_3D('',#3837,#2139,#2140);
#1906=AXIS2_PLACEMENT_3D('',#4042,#2143,#2144);
#1907=AXIS2_PLACEMENT_3D('',#4044,#2145,#2146);
#1908=AXIS2_PLACEMENT_3D('',#4249,#2149,#2150);
#1909=AXIS2_PLACEMENT_3D('',#4250,#2151,#2152);
#1910=AXIS2_PLACEMENT_3D('',#4412,#2155,#2156);
#1911=AXIS2_PLACEMENT_3D('',#4414,#2157,#2158);
#1912=AXIS2_PLACEMENT_3D('',#4597,#2161,#2162);
#1913=AXIS2_PLACEMENT_3D('',#4599,#2163,#2164);
#1914=AXIS2_PLACEMENT_3D('',#4782,#2167,#2168);
#1915=AXIS2_PLACEMENT_3D('',#4784,#2169,#2170);
#1916=AXIS2_PLACEMENT_3D('',#4989,#2173,#2174);
#1917=AXIS2_PLACEMENT_3D('',#4991,#2175,#2176);
#1918=AXIS2_PLACEMENT_3D('',#5174,#2179,#2180);
#1919=AXIS2_PLACEMENT_3D('',#5175,#2181,#2182);
#1920=AXIS2_PLACEMENT_3D('',#5337,#2185,#2186);
#1921=AXIS2_PLACEMENT_3D('',#5339,#2187,#2188);
#1922=AXIS2_PLACEMENT_3D('',#5544,#2191,#2192);
#1923=AXIS2_PLACEMENT_3D('',#5546,#2193,#2194);
#1924=AXIS2_PLACEMENT_3D('',#5729,#2197,#2198);
#1925=AXIS2_PLACEMENT_3D('',#5731,#2199,#2200);
#1926=AXIS2_PLACEMENT_3D('',#5914,#2203,#2204);
#1927=AXIS2_PLACEMENT_3D('',#5915,#2205,#2206);
#1928=AXIS2_PLACEMENT_3D('',#6077,#2209,#2210);
#1929=AXIS2_PLACEMENT_3D('',#6078,#2211,#2212);
#1930=AXIS2_PLACEMENT_3D('',#6262,#2215,#2216);
#1931=AXIS2_PLACEMENT_3D('',#6263,#2217,#2218);
#1932=AXIS2_PLACEMENT_3D('',#6425,#2221,#2222);
#1933=AXIS2_PLACEMENT_3D('',#6426,#2223,#2224);
#1934=AXIS2_PLACEMENT_3D('',#6427,#2225,#2226);
#1935=AXIS2_PLACEMENT_3D('',#6428,#2227,#2228);
#1936=AXIS2_PLACEMENT_3D('',#6429,#2229,#2230);
#1937=AXIS2_PLACEMENT_3D('',#6431,#2231,#2232);
#1938=AXIS2_PLACEMENT_3D('',#6434,#2234,#2235);
#1939=AXIS2_PLACEMENT_3D('',#6435,#2236,#2237);
#1940=AXIS2_PLACEMENT_3D('',#6444,#2242,#2243);
#1941=AXIS2_PLACEMENT_3D('',#6450,#2247,#2248);
#1942=AXIS2_PLACEMENT_3D('',#6456,#2252,#2253);
#1943=AXIS2_PLACEMENT_3D('',#6459,#2256,#2257);
#1944=AXIS2_PLACEMENT_3D('',#6460,#2258,#2259);
#1945=AXIS2_PLACEMENT_3D('',#6463,#2260,#2261);
#1946=AXIS2_PLACEMENT_3D('',#6467,#2263,#2264);
#1947=AXIS2_PLACEMENT_3D('',#6469,#2266,#2267);
#1948=AXIS2_PLACEMENT_3D('',#6475,#2271,#2272);
#1949=AXIS2_PLACEMENT_3D('',#6479,#2274,#2275);
#1950=AXIS2_PLACEMENT_3D('',#6483,#2277,#2278);
#1951=AXIS2_PLACEMENT_3D('',#6486,#2280,#2281);
#1952=AXIS2_PLACEMENT_3D('',#6487,#2282,#2283);
#1953=AXIS2_PLACEMENT_3D('',#6491,#2285,#2286);
#1954=AXIS2_PLACEMENT_3D('',#6493,#2288,#2289);
#1955=AXIS2_PLACEMENT_3D('',#6497,#2292,#2293);
#1956=AXIS2_PLACEMENT_3D('',#6499,#2294,#2295);
#1957=AXIS2_PLACEMENT_3D('',#6502,#2297,#2298);
#1958=AXIS2_PLACEMENT_3D('',#6504,#2300,#2301);
#1959=AXIS2_PLACEMENT_3D('',#6506,#2303,#2304);
#1960=AXIS2_PLACEMENT_3D('',#6508,#2306,#2307);
#1961=AXIS2_PLACEMENT_3D('',#6509,#2308,#2309);
#1962=AXIS2_PLACEMENT_3D('',#6510,#2310,#2311);
#1963=AXIS2_PLACEMENT_3D('',#6511,#2312,#2313);
#1964=DIRECTION('axis',(0.,0.,1.));
#1965=DIRECTION('refdir',(1.,0.,0.));
#1966=DIRECTION('axis',(0.,0.,1.));
#1967=DIRECTION('refdir',(1.,0.,0.));
#1968=DIRECTION('center_axis',(0.,0.,-1.));
#1969=DIRECTION('ref_axis',(-1.,0.,0.));
#1970=DIRECTION('center_axis',(0.,0.,-1.));
#1971=DIRECTION('ref_axis',(-1.,0.,0.));
#1972=DIRECTION('center_axis',(0.,0.,1.));
#1973=DIRECTION('ref_axis',(-1.,0.,0.));
#1974=DIRECTION('center_axis',(0.,0.,-1.));
#1975=DIRECTION('ref_axis',(-1.,0.,0.));
#1976=DIRECTION('center_axis',(0.,0.,-1.));
#1977=DIRECTION('ref_axis',(-1.,0.,0.));
#1978=DIRECTION('center_axis',(0.,0.,1.));
#1979=DIRECTION('ref_axis',(-1.,0.,0.));
#1980=DIRECTION('center_axis',(0.,0.,-1.));
#1981=DIRECTION('ref_axis',(-1.,0.,0.));
#1982=DIRECTION('center_axis',(0.,0.,-1.));
#1983=DIRECTION('ref_axis',(-1.,0.,0.));
#1984=DIRECTION('center_axis',(0.,0.,1.));
#1985=DIRECTION('ref_axis',(-1.,0.,0.));
#1986=DIRECTION('center_axis',(0.,0.,-1.));
#1987=DIRECTION('ref_axis',(-1.,0.,0.));
#1988=DIRECTION('center_axis',(0.,0.,-1.));
#1989=DIRECTION('ref_axis',(-1.,0.,0.));
#1990=DIRECTION('center_axis',(0.,0.,1.));
#1991=DIRECTION('ref_axis',(-1.,0.,0.));
#1992=DIRECTION('center_axis',(0.,0.,-1.));
#1993=DIRECTION('ref_axis',(-1.,0.,0.));
#1994=DIRECTION('center_axis',(0.,0.,-1.));
#1995=DIRECTION('ref_axis',(-1.,0.,0.));
#1996=DIRECTION('center_axis',(0.,0.,1.));
#1997=DIRECTION('ref_axis',(-1.,0.,0.));
#1998=DIRECTION('center_axis',(0.,0.,-1.));
#1999=DIRECTION('ref_axis',(-1.,0.,0.));
#2000=DIRECTION('center_axis',(0.,0.,-1.));
#2001=DIRECTION('ref_axis',(-1.,0.,0.));
#2002=DIRECTION('center_axis',(0.,0.,1.));
#2003=DIRECTION('ref_axis',(-1.,0.,0.));
#2004=DIRECTION('center_axis',(0.,0.,-1.));
#2005=DIRECTION('ref_axis',(-1.,0.,0.));
#2006=DIRECTION('center_axis',(0.,0.,-1.));
#2007=DIRECTION('ref_axis',(-1.,0.,0.));
#2008=DIRECTION('center_axis',(0.,0.,1.));
#2009=DIRECTION('ref_axis',(-1.,0.,0.));
#2010=DIRECTION('center_axis',(0.,0.,-1.));
#2011=DIRECTION('ref_axis',(0.999366422748892,-0.0355914748511844,0.));
#2012=DIRECTION('center_axis',(0.,0.,-1.));
#2013=DIRECTION('ref_axis',(-1.,0.,0.));
#2014=DIRECTION('center_axis',(0.,0.,1.));
#2015=DIRECTION('ref_axis',(-1.,0.,0.));
#2016=DIRECTION('center_axis',(0.,0.,-1.));
#2017=DIRECTION('ref_axis',(-1.,0.,0.));
#2018=DIRECTION('center_axis',(0.,0.,-1.));
#2019=DIRECTION('ref_axis',(-1.,0.,0.));
#2020=DIRECTION('center_axis',(0.,0.,1.));
#2021=DIRECTION('ref_axis',(-1.,0.,0.));
#2022=DIRECTION('center_axis',(0.,0.,-1.));
#2023=DIRECTION('ref_axis',(-1.,0.,0.));
#2024=DIRECTION('center_axis',(0.,0.,-1.));
#2025=DIRECTION('ref_axis',(-1.,0.,0.));
#2026=DIRECTION('center_axis',(0.,0.,1.));
#2027=DIRECTION('ref_axis',(-1.,0.,0.));
#2028=DIRECTION('center_axis',(0.,0.,-1.));
#2029=DIRECTION('ref_axis',(-1.,0.,0.));
#2030=DIRECTION('center_axis',(0.,0.,-1.));
#2031=DIRECTION('ref_axis',(-1.,0.,0.));
#2032=DIRECTION('center_axis',(0.,0.,1.));
#2033=DIRECTION('ref_axis',(-1.,0.,0.));
#2034=DIRECTION('center_axis',(0.,0.,-1.));
#2035=DIRECTION('ref_axis',(-1.,0.,0.));
#2036=DIRECTION('center_axis',(0.,0.,-1.));
#2037=DIRECTION('ref_axis',(-1.,0.,0.));
#2038=DIRECTION('center_axis',(0.,0.,1.));
#2039=DIRECTION('ref_axis',(-1.,0.,0.));
#2040=DIRECTION('center_axis',(0.,0.,-1.));
#2041=DIRECTION('ref_axis',(-1.,0.,0.));
#2042=DIRECTION('center_axis',(0.,0.,-1.));
#2043=DIRECTION('ref_axis',(-1.,0.,0.));
#2044=DIRECTION('center_axis',(0.,0.,1.));
#2045=DIRECTION('ref_axis',(-1.,0.,0.));
#2046=DIRECTION('center_axis',(0.,0.,-1.));
#2047=DIRECTION('ref_axis',(-1.,0.,0.));
#2048=DIRECTION('center_axis',(0.,0.,-1.));
#2049=DIRECTION('ref_axis',(-1.,0.,0.));
#2050=DIRECTION('center_axis',(0.,0.,1.));
#2051=DIRECTION('ref_axis',(-1.,0.,0.));
#2052=DIRECTION('center_axis',(0.,0.,-1.));
#2053=DIRECTION('ref_axis',(-1.,0.,0.));
#2054=DIRECTION('center_axis',(0.,0.,-1.));
#2055=DIRECTION('ref_axis',(-1.,0.,0.));
#2056=DIRECTION('center_axis',(0.,0.,1.));
#2057=DIRECTION('ref_axis',(-1.,0.,0.));
#2058=DIRECTION('',(-0.951056516295154,0.309016994374948,0.));
#2059=DIRECTION('',(0.951056516295154,-0.309016994374948,0.));
#2060=DIRECTION('',(0.207911690817759,-0.978147600733806,0.));
#2061=DIRECTION('',(-0.207911690817759,0.978147600733806,0.));
#2062=DIRECTION('',(-0.743144825477394,0.669130606358858,0.));
#2063=DIRECTION('',(0.743144825477394,-0.669130606358858,0.));
#2064=DIRECTION('',(0.587785252292473,-0.809016994374947,0.));
#2065=DIRECTION('',(-0.587785252292473,0.809016994374947,0.));
#2066=DIRECTION('',(0.866025403784438,-0.5,0.));
#2067=DIRECTION('',(-0.866025403784438,0.5,0.));
#2068=DIRECTION('',(0.994521895368273,-0.104528463267654,0.));
#2069=DIRECTION('',(-0.994521895368273,0.104528463267654,0.));
#2070=DIRECTION('',(0.743144825477395,0.669130606358858,0.));
#2071=DIRECTION('',(-0.743144825477395,-0.669130606358858,0.));
#2072=DIRECTION('',(0.951056516295154,0.309016994374947,0.));
#2073=DIRECTION('',(-0.951056516295154,-0.309016994374947,0.));
#2074=DIRECTION('',(0.406736643075801,0.913545457642601,0.));
#2075=DIRECTION('',(-0.406736643075801,-0.913545457642601,0.));
#2076=DIRECTION('',(-0.866025403784439,-0.5,0.));
#2077=DIRECTION('',(0.866025403784439,0.5,0.));
#2078=DIRECTION('',(-0.587785252292473,-0.809016994374947,0.));
#2079=DIRECTION('',(0.587785252292473,0.809016994374947,0.));
#2080=DIRECTION('',(-0.20791169081776,-0.978147600733805,0.));
#2081=DIRECTION('',(0.20791169081776,0.978147600733805,0.));
#2082=DIRECTION('',(-0.994521895368273,-0.104528463267653,0.));
#2083=DIRECTION('',(0.994521895368273,0.104528463267653,0.));
#2084=DIRECTION('',(-0.4067366430758,0.913545457642601,0.));
#2085=DIRECTION('',(0.4067366430758,-0.913545457642601,0.));
#2086=DIRECTION('',(0.,1.,0.));
#2087=DIRECTION('',(0.,-1.,0.));
#2088=DIRECTION('center_axis',(0.,0.,1.));
#2089=DIRECTION('ref_axis',(-1.,0.,0.));
#2090=DIRECTION('',(-0.951056516295154,0.309016994374948,0.));
#2091=DIRECTION('center_axis',(0.,0.,1.));
#2092=DIRECTION('ref_axis',(-1.,0.,0.));
#2093=DIRECTION('',(-0.994521895368273,-0.104528463267653,0.));
#2094=DIRECTION('center_axis',(0.,0.,1.));
#2095=DIRECTION('ref_axis',(-1.,0.,0.));
#2096=DIRECTION('',(-0.866025403784439,-0.5,0.));
#2097=DIRECTION('center_axis',(0.,0.,1.));
#2098=DIRECTION('ref_axis',(-1.,0.,0.));
#2099=DIRECTION('',(-0.587785252292473,-0.809016994374947,0.));
#2100=DIRECTION('center_axis',(0.,0.,1.));
#2101=DIRECTION('ref_axis',(-1.,0.,0.));
#2102=DIRECTION('',(-0.20791169081776,-0.978147600733805,0.));
#2103=DIRECTION('center_axis',(0.,0.,1.));
#2104=DIRECTION('ref_axis',(-1.,0.,0.));
#2105=DIRECTION('',(0.207911690817759,-0.978147600733806,0.));
#2106=DIRECTION('center_axis',(0.,0.,1.));
#2107=DIRECTION('ref_axis',(-1.,0.,0.));
#2108=DIRECTION('',(0.587785252292473,-0.809016994374947,0.));
#2109=DIRECTION('center_axis',(0.,0.,1.));
#2110=DIRECTION('ref_axis',(-1.,0.,0.));
#2111=DIRECTION('',(0.866025403784438,-0.5,0.));
#2112=DIRECTION('center_axis',(0.,0.,1.));
#2113=DIRECTION('ref_axis',(-1.,0.,0.));
#2114=DIRECTION('',(0.994521895368273,-0.104528463267654,0.));
#2115=DIRECTION('center_axis',(0.,0.,1.));
#2116=DIRECTION('ref_axis',(-1.,0.,0.));
#2117=DIRECTION('',(0.951056516295154,0.309016994374947,0.));
#2118=DIRECTION('center_axis',(0.,0.,1.));
#2119=DIRECTION('ref_axis',(-1.,0.,0.));
#2120=DIRECTION('',(0.743144825477395,0.669130606358858,0.));
#2121=DIRECTION('center_axis',(0.,0.,1.));
#2122=DIRECTION('ref_axis',(-1.,0.,0.));
#2123=DIRECTION('',(0.406736643075801,0.913545457642601,0.));
#2124=DIRECTION('center_axis',(0.,0.,1.));
#2125=DIRECTION('ref_axis',(-1.,0.,0.));
#2126=DIRECTION('',(0.,1.,0.));
#2127=DIRECTION('center_axis',(0.,0.,1.));
#2128=DIRECTION('ref_axis',(-1.,0.,0.));
#2129=DIRECTION('',(-0.4067366430758,0.913545457642601,0.));
#2130=DIRECTION('center_axis',(0.,0.,1.));
#2131=DIRECTION('ref_axis',(-1.,0.,0.));
#2132=DIRECTION('',(-0.743144825477394,0.669130606358858,0.));
#2133=DIRECTION('center_axis',(0.,0.,1.));
#2134=DIRECTION('ref_axis',(-1.,0.,0.));
#2135=DIRECTION('',(-0.951056516295154,0.309016994374948,0.));
#2136=DIRECTION('',(-0.951056516295154,0.309016994374948,0.));
#2137=DIRECTION('center_axis',(0.,0.,1.));
#2138=DIRECTION('ref_axis',(-1.,0.,0.));
#2139=DIRECTION('center_axis',(0.,0.,1.));
#2140=DIRECTION('ref_axis',(-1.,0.,0.));
#2141=DIRECTION('',(0.207911690817759,-0.978147600733806,0.));
#2142=DIRECTION('',(0.207911690817759,-0.978147600733806,0.));
#2143=DIRECTION('center_axis',(0.,0.,1.));
#2144=DIRECTION('ref_axis',(-1.,0.,0.));
#2145=DIRECTION('center_axis',(0.,0.,1.));
#2146=DIRECTION('ref_axis',(-1.,0.,0.));
#2147=DIRECTION('',(-0.743144825477394,0.669130606358858,0.));
#2148=DIRECTION('',(-0.743144825477394,0.669130606358858,0.));
#2149=DIRECTION('center_axis',(0.,0.,1.));
#2150=DIRECTION('ref_axis',(-1.,0.,0.));
#2151=DIRECTION('center_axis',(0.,0.,1.));
#2152=DIRECTION('ref_axis',(-1.,0.,0.));
#2153=DIRECTION('',(0.587785252292473,-0.809016994374947,0.));
#2154=DIRECTION('',(0.587785252292473,-0.809016994374947,0.));
#2155=DIRECTION('center_axis',(0.,0.,1.));
#2156=DIRECTION('ref_axis',(-1.,0.,0.));
#2157=DIRECTION('center_axis',(0.,0.,1.));
#2158=DIRECTION('ref_axis',(-1.,0.,0.));
#2159=DIRECTION('',(0.866025403784438,-0.5,0.));
#2160=DIRECTION('',(0.866025403784438,-0.5,0.));
#2161=DIRECTION('center_axis',(0.,0.,1.));
#2162=DIRECTION('ref_axis',(0.986709804267141,-0.162492344936926,0.));
#2163=DIRECTION('center_axis',(0.,0.,1.));
#2164=DIRECTION('ref_axis',(-1.,0.,0.));
#2165=DIRECTION('',(0.994521895368273,-0.104528463267654,0.));
#2166=DIRECTION('',(0.994521895368273,-0.104528463267654,0.));
#2167=DIRECTION('center_axis',(0.,0.,1.));
#2168=DIRECTION('ref_axis',(0.967495850604825,0.252886889858778,0.));
#2169=DIRECTION('center_axis',(0.,0.,1.));
#2170=DIRECTION('ref_axis',(-1.,0.,0.));
#2171=DIRECTION('',(0.743144825477395,0.669130606358858,0.));
#2172=DIRECTION('',(0.743144825477395,0.669130606358858,0.));
#2173=DIRECTION('center_axis',(0.,0.,1.));
#2174=DIRECTION('ref_axis',(-1.,0.,0.));
#2175=DIRECTION('center_axis',(0.,0.,1.));
#2176=DIRECTION('ref_axis',(-1.,0.,0.));
#2177=DIRECTION('',(0.951056516295154,0.309016994374947,0.));
#2178=DIRECTION('',(0.951056516295154,0.309016994374947,0.));
#2179=DIRECTION('center_axis',(0.,0.,1.));
#2180=DIRECTION('ref_axis',(-1.,0.,0.));
#2181=DIRECTION('center_axis',(0.,0.,1.));
#2182=DIRECTION('ref_axis',(-1.,0.,0.));
#2183=DIRECTION('',(0.406736643075801,0.913545457642601,0.));
#2184=DIRECTION('',(0.406736643075801,0.913545457642601,0.));
#2185=DIRECTION('center_axis',(0.,0.,1.));
#2186=DIRECTION('ref_axis',(-1.,0.,0.));
#2187=DIRECTION('center_axis',(0.,0.,1.));
#2188=DIRECTION('ref_axis',(-1.,0.,0.));
#2189=DIRECTION('',(-0.866025403784439,-0.5,0.));
#2190=DIRECTION('',(-0.866025403784439,-0.5,0.));
#2191=DIRECTION('center_axis',(0.,0.,1.));
#2192=DIRECTION('ref_axis',(-1.,0.,0.));
#2193=DIRECTION('center_axis',(0.,0.,1.));
#2194=DIRECTION('ref_axis',(-1.,0.,0.));
#2195=DIRECTION('',(-0.587785252292473,-0.809016994374947,0.));
#2196=DIRECTION('',(-0.587785252292473,-0.809016994374947,0.));
#2197=DIRECTION('center_axis',(0.,0.,1.));
#2198=DIRECTION('ref_axis',(-1.,0.,0.));
#2199=DIRECTION('center_axis',(0.,0.,1.));
#2200=DIRECTION('ref_axis',(-1.,0.,0.));
#2201=DIRECTION('',(-0.20791169081776,-0.978147600733805,0.));
#2202=DIRECTION('',(-0.20791169081776,-0.978147600733805,0.));
#2203=DIRECTION('center_axis',(0.,0.,1.));
#2204=DIRECTION('ref_axis',(-1.,0.,0.));
#2205=DIRECTION('center_axis',(0.,0.,1.));
#2206=DIRECTION('ref_axis',(-1.,0.,0.));
#2207=DIRECTION('',(-0.994521895368273,-0.104528463267653,0.));
#2208=DIRECTION('',(-0.994521895368273,-0.104528463267653,0.));
#2209=DIRECTION('center_axis',(0.,0.,1.));
#2210=DIRECTION('ref_axis',(-1.,0.,0.));
#2211=DIRECTION('center_axis',(0.,0.,1.));
#2212=DIRECTION('ref_axis',(-1.,0.,0.));
#2213=DIRECTION('',(-0.4067366430758,0.913545457642601,0.));
#2214=DIRECTION('',(-0.4067366430758,0.913545457642601,0.));
#2215=DIRECTION('center_axis',(0.,0.,1.));
#2216=DIRECTION('ref_axis',(-1.,0.,0.));
#2217=DIRECTION('center_axis',(0.,0.,1.));
#2218=DIRECTION('ref_axis',(-1.,0.,0.));
#2219=DIRECTION('',(0.,1.,0.));
#2220=DIRECTION('',(0.,1.,0.));
#2221=DIRECTION('center_axis',(0.,0.,1.));
#2222=DIRECTION('ref_axis',(-1.,0.,0.));
#2223=DIRECTION('center_axis',(0.,0.,1.));
#2224=DIRECTION('ref_axis',(-1.,0.,0.));
#2225=DIRECTION('center_axis',(0.,0.,1.));
#2226=DIRECTION('ref_axis',(-1.,0.,0.));
#2227=DIRECTION('axis',(0.,0.,1.));
#2228=DIRECTION('refdir',(1.,0.,0.));
#2229=DIRECTION('center_axis',(0.,0.,-1.));
#2230=DIRECTION('ref_axis',(-1.,0.,0.));
#2231=DIRECTION('center_axis',(0.,0.,-1.));
#2232=DIRECTION('ref_axis',(-1.,0.,0.));
#2233=DIRECTION('',(0.,0.,-1.));
#2234=DIRECTION('center_axis',(0.,0.,1.));
#2235=DIRECTION('ref_axis',(-1.,0.,0.));
#2236=DIRECTION('center_axis',(0.,0.,-1.));
#2237=DIRECTION('ref_axis',(1.,0.,0.));
#2238=DIRECTION('',(1.,0.,0.));
#2239=DIRECTION('',(0.,-1.,0.));
#2240=DIRECTION('',(1.,0.,0.));
#2241=DIRECTION('',(0.,-1.,0.));
#2242=DIRECTION('center_axis',(-1.,0.,-9.25185853854297E-17));
#2243=DIRECTION('ref_axis',(9.25185853854297E-17,0.,-1.));
#2244=DIRECTION('',(9.25185853854297E-17,0.,-1.));
#2245=DIRECTION('',(0.,-1.,0.));
#2246=DIRECTION('',(9.25185853854297E-17,0.,-1.));
#2247=DIRECTION('center_axis',(0.,0.,1.));
#2248=DIRECTION('ref_axis',(-1.,0.,0.));
#2249=DIRECTION('',(-1.,0.,0.));
#2250=DIRECTION('',(0.,-1.,0.));
#2251=DIRECTION('',(-1.,0.,0.));
#2252=DIRECTION('center_axis',(1.,0.,0.));
#2253=DIRECTION('ref_axis',(0.,0.,1.));
#2254=DIRECTION('',(0.,0.,1.));
#2255=DIRECTION('',(0.,0.,1.));
#2256=DIRECTION('center_axis',(0.,-1.,0.));
#2257=DIRECTION('ref_axis',(0.,0.,-1.));
#2258=DIRECTION('center_axis',(0.,0.,-1.));
#2259=DIRECTION('ref_axis',(-0.707106781186548,0.707106781186547,0.));
#2260=DIRECTION('center_axis',(0.,0.,1.));
#2261=DIRECTION('ref_axis',(-0.707106781186548,0.707106781186547,0.));
#2262=DIRECTION('',(0.,0.,1.));
#2263=DIRECTION('center_axis',(0.,0.,-1.));
#2264=DIRECTION('ref_axis',(-0.707106781186548,0.707106781186547,0.));
#2265=DIRECTION('',(0.,0.,-1.));
#2266=DIRECTION('center_axis',(1.,0.,0.));
#2267=DIRECTION('ref_axis',(0.,0.,-1.));
#2268=DIRECTION('',(0.,1.,0.));
#2269=DIRECTION('',(0.,0.,-1.));
#2270=DIRECTION('',(0.,-1.,0.));
#2271=DIRECTION('center_axis',(0.,0.,1.));
#2272=DIRECTION('ref_axis',(0.,1.,0.));
#2273=DIRECTION('',(1.,0.,0.));
#2274=DIRECTION('center_axis',(0.,0.,1.));
#2275=DIRECTION('ref_axis',(0.707106781186545,0.70710678118655,0.));
#2276=DIRECTION('',(0.,-1.,0.));
#2277=DIRECTION('center_axis',(0.,0.,1.));
#2278=DIRECTION('ref_axis',(0.707106781186548,-0.707106781186547,0.));
#2279=DIRECTION('',(-1.,0.,0.));
#2280=DIRECTION('center_axis',(0.,0.,1.));
#2281=DIRECTION('ref_axis',(-0.707106781186548,-0.707106781186547,0.));
#2282=DIRECTION('center_axis',(0.,0.,-1.));
#2283=DIRECTION('ref_axis',(0.707106781186545,0.70710678118655,0.));
#2284=DIRECTION('',(0.,0.,1.));
#2285=DIRECTION('center_axis',(0.,0.,-1.));
#2286=DIRECTION('ref_axis',(0.707106781186545,0.70710678118655,0.));
#2287=DIRECTION('',(0.,0.,-1.));
#2288=DIRECTION('center_axis',(-1.,0.,0.));
#2289=DIRECTION('ref_axis',(0.,0.,1.));
#2290=DIRECTION('',(0.,1.,0.));
#2291=DIRECTION('',(0.,0.,1.));
#2292=DIRECTION('center_axis',(0.,0.,1.));
#2293=DIRECTION('ref_axis',(0.,1.,0.));
#2294=DIRECTION('center_axis',(0.,0.,-1.));
#2295=DIRECTION('ref_axis',(-0.707106781186548,-0.707106781186547,0.));
#2296=DIRECTION('',(1.,0.,0.));
#2297=DIRECTION('center_axis',(0.,0.,-1.));
#2298=DIRECTION('ref_axis',(0.707106781186548,-0.707106781186547,0.));
#2299=DIRECTION('',(-1.,0.,0.));
#2300=DIRECTION('center_axis',(0.,0.,-1.));
#2301=DIRECTION('ref_axis',(0.707106781186548,-0.707106781186547,0.));
#2302=DIRECTION('',(0.,0.,-1.));
#2303=DIRECTION('center_axis',(0.,1.,0.));
#2304=DIRECTION('ref_axis',(0.,0.,-1.));
#2305=DIRECTION('',(0.,0.,1.));
#2306=DIRECTION('center_axis',(0.,0.,-1.));
#2307=DIRECTION('ref_axis',(-0.707106781186548,-0.707106781186547,0.));
#2308=DIRECTION('center_axis',(0.,-1.,0.));
#2309=DIRECTION('ref_axis',(0.,0.,1.));
#2310=DIRECTION('',(0.,0.,1.));
#2311=DIRECTION('',(0.228220080539909,-0.973609570021967,0.));
#2312=DIRECTION('',(0.,0.,1.));
#2313=DIRECTION('',(1.,0.,0.));
#2314=CARTESIAN_POINT('',(0.,0.,0.));
#2315=CARTESIAN_POINT('',(0.,0.,0.));
#2316=CARTESIAN_POINT('Origin',(15.0000002235174,15.0000002235174,5.6));
#2317=CARTESIAN_POINT('',(13.2160690467265,25.8543813462012,0.600000000000001));
#2318=CARTESIAN_POINT('',(15.2710084549515,25.9966612866991,5.17981594070737));
#2319=CARTESIAN_POINT('Ctrl Pts',(13.2160690467265,25.8543813462012,0.599999999999982));
#2320=CARTESIAN_POINT('Ctrl Pts',(13.4060852097952,25.8856107413699,0.815805908760154));
#2321=CARTESIAN_POINT('Ctrl Pts',(13.7299246778836,25.9280011847453,1.24100610813925));
#2322=CARTESIAN_POINT('Ctrl Pts',(13.9818395118173,25.9529891718912,1.7053713708688));
#2323=CARTESIAN_POINT('Ctrl Pts',(14.0381669250174,25.9579603858197,1.83255650471761));
#2324=CARTESIAN_POINT('Ctrl Pts',(14.215408610853,25.9727892915712,2.36519835174058));
#2325=CARTESIAN_POINT('Ctrl Pts',(14.2139038090083,25.9718855012705,2.73163789774568));
#2326=CARTESIAN_POINT('Ctrl Pts',(14.1833254803155,25.9696537832963,3.34904837859769));
#2327=CARTESIAN_POINT('Ctrl Pts',(14.1534314684536,25.9678498566277,3.55908144613954));
#2328=CARTESIAN_POINT('Ctrl Pts',(14.2947416649675,25.9774398716107,4.04912086629164));
#2329=CARTESIAN_POINT('Ctrl Pts',(14.3714887931973,25.9832917105183,4.29319184993141));
#2330=CARTESIAN_POINT('Ctrl Pts',(14.7253727561846,25.9981734371842,4.77561903991281));
#2331=CARTESIAN_POINT('Ctrl Pts',(15.0397538569442,26.0023604620441,5.0306624521612));
#2332=CARTESIAN_POINT('Ctrl Pts',(15.2710084549165,25.9966612866999,5.17981594068479));
#2333=CARTESIAN_POINT('',(12.4999997363679,25.7121427526407,0.600000000000001));
#2334=CARTESIAN_POINT('Origin',(15.0000002235174,15.0000002235174,0.600000000000001));
#2335=CARTESIAN_POINT('',(15.000000142786,26.0000002235174,5.6));
#2336=CARTESIAN_POINT('Ctrl Pts',(15.0000002235174,26.0000002235174,5.59999987483025));
#2337=CARTESIAN_POINT('Ctrl Pts',(14.7397370364971,26.0000002235174,5.43213656478695));
#2338=CARTESIAN_POINT('Ctrl Pts',(14.4690659310789,25.9888241893675,5.20157956332426));
#2339=CARTESIAN_POINT('Ctrl Pts',(14.1468818320481,25.9676715892907,4.84585578463628));
#2340=CARTESIAN_POINT('Ctrl Pts',(13.9691429030472,25.952523538625,4.61656722094804));
#2341=CARTESIAN_POINT('Ctrl Pts',(13.6663148282274,25.9200461757907,3.75778950995124));
#2342=CARTESIAN_POINT('Ctrl Pts',(13.6761044179128,25.9200493544361,3.4349785439407));
#2343=CARTESIAN_POINT('Ctrl Pts',(13.7010813708875,25.9230471325573,2.97544832666107));
#2344=CARTESIAN_POINT('Ctrl Pts',(13.7215052524594,25.9255095961618,2.72844150277197));
#2345=CARTESIAN_POINT('Ctrl Pts',(13.6486916827888,25.9167465656584,2.18712224156292));
#2346=CARTESIAN_POINT('Ctrl Pts',(13.5621168974338,25.9063123698834,1.96714147745883));
#2347=CARTESIAN_POINT('Ctrl Pts',(13.3555833641341,25.8767281745178,1.61247365454931));
#2348=CARTESIAN_POINT('Ctrl Pts',(12.9897921221925,25.826450529991,1.01666678544562));
#2349=CARTESIAN_POINT('Ctrl Pts',(12.4999997363679,25.7121427526407,0.6));
#2350=CARTESIAN_POINT('',(15.9999996454086,25.9544514263946,5.6));
#2351=CARTESIAN_POINT('Origin',(15.0000002235174,15.0000002235174,5.6));
#2352=CARTESIAN_POINT('Ctrl Pts',(15.2710084549515,25.9966612866991,5.17981594070737));
#2353=CARTESIAN_POINT('Ctrl Pts',(15.2983611274461,25.99598719123,5.22162396763058));
#2354=CARTESIAN_POINT('Ctrl Pts',(15.3392797212634,25.994817548311,5.25894127913423));
#2355=CARTESIAN_POINT('Ctrl Pts',(15.4255608351362,25.9918924644963,5.32847167177711));
#2356=CARTESIAN_POINT('Ctrl Pts',(15.4877946688143,25.9893375686271,5.36767720346178));
#2357=CARTESIAN_POINT('Ctrl Pts',(15.667599092868,25.9803901969733,5.46912536095001));
#2358=CARTESIAN_POINT('Ctrl Pts',(15.823749124949,25.9705408146044,5.53995598083504));
#2359=CARTESIAN_POINT('Ctrl Pts',(15.9999996423721,25.9544514266718,5.59999987483025));
#2360=CARTESIAN_POINT('Origin',(15.0000002235174,15.0000002235174,5.6));
#2361=CARTESIAN_POINT('',(10.0631857156612,5.17005299502119,0.600000000000001));
#2362=CARTESIAN_POINT('',(8.31707476127472,6.26280918370902,5.17981594070737));
#2363=CARTESIAN_POINT('Ctrl Pts',(10.0631857156612,5.17005299502119,0.599999999999996));
#2364=CARTESIAN_POINT('Ctrl Pts',(9.89110323261364,5.25647658195505,0.815805908761256));
#2365=CARTESIAN_POINT('Ctrl Pts',(9.60419512202545,5.41253005631857,1.24100610814176));
#2366=CARTESIAN_POINT('Ctrl Pts',(9.38570416990916,5.54038617428235,1.70537137087376));
#2367=CARTESIAN_POINT('Ctrl Pts',(9.33721232914814,5.56947280051014,1.83255650472284));
#2368=CARTESIAN_POINT('Ctrl Pts',(9.18510458108725,5.66165601277481,2.36519835174976));
#2369=CARTESIAN_POINT('Ctrl Pts',(9.1868532259646,5.66150269415433,2.73163789775771));
#2370=CARTESIAN_POINT('Ctrl Pts',(9.21290338444924,5.64533470127661,3.3490483786002));
#2371=CARTESIAN_POINT('Ctrl Pts',(9.23814846956609,5.62922284930485,3.55908144614187));
#2372=CARTESIAN_POINT('Ctrl Pts',(9.11818924973397,5.70452441371514,4.0491208662875));
#2373=CARTESIAN_POINT('Ctrl Pts',(9.05265989411776,5.74490100671991,4.29319184993108));
#2374=CARTESIAN_POINT('Ctrl Pts',(8.75761449455764,5.94086921141091,4.77561903991584));
#2375=CARTESIAN_POINT('Ctrl Pts',(8.50081376987131,6.12227041176794,5.03066245216167));
#2376=CARTESIAN_POINT('Ctrl Pts',(8.31707476130252,6.26280918368775,5.17981594068481));
#2377=CARTESIAN_POINT('',(10.7261037044933,4.86423145421957,0.600000000000001));
#2378=CARTESIAN_POINT('Origin',(15.0000002235174,15.0000002235174,0.600000000000001));
#2379=CARTESIAN_POINT('',(8.53436244830021,6.100813285393,5.6));
#2380=CARTESIAN_POINT('Ctrl Pts',(8.53436244830021,6.100813285393,5.59999987483025));
#2381=CARTESIAN_POINT('Ctrl Pts',(8.74491978961052,5.94783442234732,5.43213656478641));
#2382=CARTESIAN_POINT('Ctrl Pts',(8.97046642182937,5.79777953991996,5.20157956332628));
#2383=CARTESIAN_POINT('Ctrl Pts',(9.24355201964371,5.6255172909185,4.84585578462959));
#2384=CARTESIAN_POINT('Ctrl Pts',(9.39624963454398,5.53330000011745,4.61656722094418));
#2385=CARTESIAN_POINT('Ctrl Pts',(9.66033240835186,5.38157686222501,3.75778950996367));
#2386=CARTESIAN_POINT('Ctrl Pts',(9.65241059557045,5.38732846708839,3.43497854395647));
#2387=CARTESIAN_POINT('Ctrl Pts',(9.63044176637766,5.39958429824828,2.97544832667761));
#2388=CARTESIAN_POINT('Ctrl Pts',(9.61247109930252,5.40959697972749,2.72844150278723));
#2389=CARTESIAN_POINT('Ctrl Pts',(9.67652929467968,5.37388767790932,2.18712224157378));
#2390=CARTESIAN_POINT('Ctrl Pts',(9.75270283371133,5.33144173756243,1.96714147746959));
#2391=CARTESIAN_POINT('Ctrl Pts',(9.93718112579501,5.23397848940102,1.61247365455638));
#2392=CARTESIAN_POINT('Ctrl Pts',(10.2626649148931,5.0596472608284,1.01666678544913));
#2393=CARTESIAN_POINT('Ctrl Pts',(10.7261037044933,4.86423145421957,0.6));
#2394=CARTESIAN_POINT('',(7.75211883283354,6.72544794882736,5.6));
#2395=CARTESIAN_POINT('Origin',(15.0000002235174,15.0000002235174,5.6));
#2396=CARTESIAN_POINT('Ctrl Pts',(8.31707476127472,6.26280918370902,5.17981594070737));
#2397=CARTESIAN_POINT('Ctrl Pts',(8.29534220776044,6.27943203590241,5.22162396763054));
#2398=CARTESIAN_POINT('Ctrl Pts',(8.26292586883447,6.3044296428916,5.2589412791342));
#2399=CARTESIAN_POINT('Ctrl Pts',(8.19484230254577,6.35751085169345,5.3284716717771));
#2400=CARTESIAN_POINT('Ctrl Pts',(8.14599580358812,6.39615793550011,5.36767720346178));
#2401=CARTESIAN_POINT('Ctrl Pts',(8.00579010197168,6.50908289997715,5.46912536094861));
#2402=CARTESIAN_POINT('Ctrl Pts',(7.88525139404719,6.60883390369935,5.53995598083393));
#2403=CARTESIAN_POINT('Ctrl Pts',(7.75211883512721,6.72544794681829,5.59999987483025));
#2404=CARTESIAN_POINT('Origin',(15.0000002235174,15.0000002235174,5.6));
#2405=CARTESIAN_POINT('',(4.39155212082157,12.0912498298932,0.600000000000001));
#2406=CARTESIAN_POINT('',(4.03525194627484,14.120059761494,5.17981594070737));
#2407=CARTESIAN_POINT('Ctrl Pts',(4.39155212082157,12.0912498298932,0.600000000000011));
#2408=CARTESIAN_POINT('Ctrl Pts',(4.34063170995609,12.2769606895182,0.815805892102184));
#2409=CARTESIAN_POINT('Ctrl Pts',(4.26462304046159,12.5945951351972,1.24100610324964));
#2410=CARTESIAN_POINT('Ctrl Pts',(4.21343966904561,12.8425180004733,1.70537137237051));
#2411=CARTESIAN_POINT('Ctrl Pts',(4.20260787002472,12.8980172127781,1.83255650628777));
#2412=CARTESIAN_POINT('Ctrl Pts',(4.16933339765051,13.072737906762,2.36519835276737));
#2413=CARTESIAN_POINT('Ctrl Pts',(4.17038953151626,13.0713358201617,2.73163789822988));
#2414=CARTESIAN_POINT('Ctrl Pts',(4.17580532960924,13.0411582808264,3.34904837859785));
#2415=CARTESIAN_POINT('Ctrl Pts',(4.18072414929937,13.0116165931738,3.55908144613789));
#2416=CARTESIAN_POINT('Ctrl Pts',(4.15641573173715,13.1511502481108,4.04912086627942));
#2417=CARTESIAN_POINT('Ctrl Pts',(4.14257369044125,13.2268652638137,4.293191849926));
#2418=CARTESIAN_POINT('Ctrl Pts',(4.0907825406035,13.5772550494155,4.77561903992083));
#2419=CARTESIAN_POINT('Ctrl Pts',(4.05375667936131,13.8894762743384,5.03066245216632));
#2420=CARTESIAN_POINT('Ctrl Pts',(4.03525194627764,14.1200597614591,5.1798159406848));
#2421=CARTESIAN_POINT('',(4.60786114108873,11.3939712037426,0.600000000000001));
#2422=CARTESIAN_POINT('Origin',(15.0000002235174,15.0000002235174,0.600000000000001));
#2423=CARTESIAN_POINT('',(4.06025937446641,13.8501871275732,5.6));
#2424=CARTESIAN_POINT('Ctrl Pts',(4.06025937446641,13.8501871275732,5.59999987483025));
#2425=CARTESIAN_POINT('Ctrl Pts',(4.08746428545136,13.5913496895178,5.43213656478345));
#2426=CARTESIAN_POINT('Ctrl Pts',(4.12687193081754,13.3233295624105,5.20157956331825));
#2427=CARTESIAN_POINT('Ctrl Pts',(4.18158606349846,13.0051214703679,4.84585578463249));
#2428=CARTESIAN_POINT('Ctrl Pts',(4.21522990866886,12.8299396162755,4.61656722094347));
#2429=CARTESIAN_POINT('Ctrl Pts',(4.27918351040639,12.5321652741641,3.7577895099457));
#2430=CARTESIAN_POINT('Ctrl Pts',(4.27815705840791,12.5419009031952,3.4349785439368));
#2431=CARTESIAN_POINT('Ctrl Pts',(4.27256489991721,12.5664276766685,2.97544832665417));
#2432=CARTESIAN_POINT('Ctrl Pts',(4.26798104899151,12.5864822765428,2.7284415027659));
#2433=CARTESIAN_POINT('Ctrl Pts',(4.28430716523984,12.5149835733366,2.18712224155709));
#2434=CARTESIAN_POINT('Ctrl Pts',(4.30373373066999,12.4299737241622,1.96714147745253));
#2435=CARTESIAN_POINT('Ctrl Pts',(4.35474449356661,12.2276639936482,1.61247365454745));
#2436=CARTESIAN_POINT('Ctrl Pts',(4.44298230829292,11.8691320393228,1.01666678544463));
#2437=CARTESIAN_POINT('Ctrl Pts',(4.60786114108873,11.3939712037426,0.600000000000002));
#2438=CARTESIAN_POINT('',(4.00103024767391,14.8494695937666,5.6));
#2439=CARTESIAN_POINT('Origin',(15.0000002235174,15.0000002235174,5.6));
#2440=CARTESIAN_POINT('Ctrl Pts',(4.03525194627484,14.120059761494,5.17981594070737));
#2441=CARTESIAN_POINT('Ctrl Pts',(4.03306321615659,14.1473330553465,5.22162396762495));
#2442=CARTESIAN_POINT('Ctrl Pts',(4.02994929391882,14.188149753797,5.25894127912685));
#2443=CARTESIAN_POINT('Ctrl Pts',(4.02383952157556,14.2742639652247,5.3284716717765));
#2444=CARTESIAN_POINT('Ctrl Pts',(4.01987521446027,14.3364239347885,5.3676772034609));
#2445=CARTESIAN_POINT('Ctrl Pts',(4.00997889134076,14.5161786264055,5.46912536095042));
#2446=CARTESIAN_POINT('Ctrl Pts',(4.00345219486998,14.6725027930756,5.53995598083528));
#2447=CARTESIAN_POINT('Ctrl Pts',(4.00103024771564,14.8494695907178,5.59999987483025));
#2448=CARTESIAN_POINT('Origin',(15.0000002235174,15.0000002235174,5.6));
#2449=CARTESIAN_POINT('',(6.49179601731049,8.02787994447154,0.600000000000001));
#2450=CARTESIAN_POINT('',(5.34110827027789,9.73636970498321,5.17981594070737));
#2451=CARTESIAN_POINT('Ctrl Pts',(6.49179601731048,8.02787994447155,0.600000000000006));
#2452=CARTESIAN_POINT('Ctrl Pts',(6.36974248621528,8.1768240712342,0.815805908759974));
#2453=CARTESIAN_POINT('Ctrl Pts',(6.17111155132719,8.43608205566321,1.24100610814358));
#2454=CARTESIAN_POINT('Ctrl Pts',(6.02351390270162,8.64175270786865,1.70537137088327));
#2455=CARTESIAN_POINT('Ctrl Pts',(5.99104499855224,8.68804807166452,1.83255650473289));
#2456=CARTESIAN_POINT('Ctrl Pts',(5.88958194654538,8.83412942132925,2.36519835175869));
#2457=CARTESIAN_POINT('Ctrl Pts',(5.89111705282944,8.83327811985203,2.73163789776561));
#2458=CARTESIAN_POINT('Ctrl Pts',(5.90833894163611,8.80791236938502,3.34904837860371));
#2459=CARTESIAN_POINT('Ctrl Pts',(5.92484819388647,8.78292535902917,3.55908144614949));
#2460=CARTESIAN_POINT('Ctrl Pts',(5.84588789903316,8.90050857153002,4.04912086629077));
#2461=CARTESIAN_POINT('Ctrl Pts',(5.80244649376539,8.96404761479088,4.29319184993142));
#2462=CARTESIAN_POINT('Ctrl Pts',(5.61261655892718,9.26307925339639,4.77561903991214));
#2463=CARTESIAN_POINT('Ctrl Pts',(5.45179993865244,9.53324776069384,5.03066245216076));
#2464=CARTESIAN_POINT('Ctrl Pts',(5.34110827029465,9.73636970495245,5.17981594068479));
#2465=CARTESIAN_POINT('',(6.97301290791169,7.47886502761084,0.600000000000001));
#2466=CARTESIAN_POINT('Origin',(15.0000002235174,15.0000002235174,0.600000000000001));
#2467=CARTESIAN_POINT('',(5.47372078188859,9.50000022351742,5.6));
#2468=CARTESIAN_POINT('Ctrl Pts',(5.47372078188859,9.50000022351742,5.59999987483025));
#2469=CARTESIAN_POINT('Ctrl Pts',(5.60385237539827,9.27460569188875,5.4321365647876));
#2470=CARTESIAN_POINT('Ctrl Pts',(5.7488666575951,9.04578565560047,5.2015795633248));
#2471=CARTESIAN_POINT('Ctrl Pts',(5.92827739613724,8.77734234117671,4.84585578462818));
#2472=CARTESIAN_POINT('Ctrl Pts',(6.03026545732965,8.630989938757,4.61656722094118));
#2473=CARTESIAN_POINT('Ctrl Pts',(6.20980571600053,8.38497181440304,3.75778950994922));
#2474=CARTESIAN_POINT('Ctrl Pts',(6.20490816837021,8.39344825844058,3.43497854394413));
#2475=CARTESIAN_POINT('Ctrl Pts',(6.1898235398746,8.41358004516569,2.97544832665753));
#2476=CARTESIAN_POINT('Ctrl Pts',(6.17747904305162,8.43003641364811,2.72844150276913));
#2477=CARTESIAN_POINT('Ctrl Pts',(6.22147483491716,8.3713595278246,2.18712224155928));
#2478=CARTESIAN_POINT('Ctrl Pts',(6.273798506205,8.30160066226608,1.96714147745464));
#2479=CARTESIAN_POINT('Ctrl Pts',(6.40268593759057,8.13752947337982,1.61247365454923));
#2480=CARTESIAN_POINT('Ctrl Pts',(6.62912327596399,7.84588378763989,1.0166667854456));
#2481=CARTESIAN_POINT('Ctrl Pts',(6.97301290791169,7.47886502761084,0.600000000000001));
#2482=CARTESIAN_POINT('',(5.01316748636317,10.3887995252064,5.6));
#2483=CARTESIAN_POINT('Origin',(15.0000002235174,15.0000002235174,5.6));
#2484=CARTESIAN_POINT('Ctrl Pts',(5.34110827027789,9.7363697049832,5.17981594070737));
#2485=CARTESIAN_POINT('Ctrl Pts',(5.32801571783211,9.76039486195815,5.22162396762834));
#2486=CARTESIAN_POINT('Ctrl Pts',(5.30856936140562,9.7964162251487,5.25894127913131));
#2487=CARTESIAN_POINT('Ctrl Pts',(5.2679620013594,9.87260040353957,5.32847167177681));
#2488=CARTESIAN_POINT('Ctrl Pts',(5.23905768924725,9.92777393241398,5.36767720346138));
#2489=CARTESIAN_POINT('Ctrl Pts',(5.15690412836937,10.0879628171848,5.46912536094997));
#2490=CARTESIAN_POINT('Ctrl Pts',(5.08735892767204,10.2281174029531,5.539955980835));
#2491=CARTESIAN_POINT('Ctrl Pts',(5.01316748764137,10.3887995224381,5.59999987483025));
#2492=CARTESIAN_POINT('Origin',(15.0000002235174,15.0000002235174,5.6));
#2493=CARTESIAN_POINT('',(17.7851725407188,25.6415609719929,0.600000000000001));
#2494=CARTESIAN_POINT('',(19.7203235682086,24.9357210087228,5.17981594070737));
#2495=CARTESIAN_POINT('Ctrl Pts',(17.7851725407188,25.6415609719929,0.600000000000007));
#2496=CARTESIAN_POINT('Ctrl Pts',(17.9714630827293,25.5928039077965,0.815805908765038));
#2497=CARTESIAN_POINT('Ctrl Pts',(18.284546904442,25.4998121266441,1.24100610814322));
#2498=CARTESIAN_POINT('Ctrl Pts',(18.5248460867024,25.4201767949021,1.70537137087068));
#2499=CARTESIAN_POINT('Ctrl Pts',(18.5783257140376,25.4018078018473,1.83255650472035));
#2500=CARTESIAN_POINT('Ctrl Pts',(18.7462755103815,25.3432639930292,2.36519835174013));
#2501=CARTESIAN_POINT('Ctrl Pts',(18.74453320086,25.3430503975556,2.73163789774129));
#2502=CARTESIAN_POINT('Ctrl Pts',(18.7156907861027,25.3534489485012,3.3490483785974));
#2503=CARTESIAN_POINT('Ctrl Pts',(18.6876475242784,25.3639599695197,3.55908144614081));
#2504=CARTESIAN_POINT('Ctrl Pts',(18.8206414229235,25.3152448491838,4.04912086629239));
#2505=CARTESIAN_POINT('Ctrl Pts',(18.8931335706183,25.2893749007347,4.29319184993457));
#2506=CARTESIAN_POINT('Ctrl Pts',(19.2224756010869,25.1590324593876,4.77561903991357));
#2507=CARTESIAN_POINT('Ctrl Pts',(19.5113800440852,25.0349871833624,5.03066245215897));
#2508=CARTESIAN_POINT('Ctrl Pts',(19.720323568177,24.9357210087379,5.17981594068481));
#2509=CARTESIAN_POINT('',(17.0731570268228,25.8028711784492,0.600000000000001));
#2510=CARTESIAN_POINT('Origin',(15.0000002235174,15.0000002235174,0.600000000000001));
#2511=CARTESIAN_POINT('',(19.4741032973512,25.049000257586,5.6));
#2512=CARTESIAN_POINT('Ctrl Pts',(19.4741032973512,25.049000257586,5.59999987483025));
#2513=CARTESIAN_POINT('Ctrl Pts',(19.23634104505,25.1548588325941,5.43213656478182));
#2514=CARTESIAN_POINT('Ctrl Pts',(18.9845249835667,25.2547408741571,5.20157956331638));
#2515=CARTESIAN_POINT('Ctrl Pts',(18.6815916258243,25.3664610913318,4.84585578462593));
#2516=CARTESIAN_POINT('Ctrl Pts',(18.513057767316,25.4249155937783,4.61656722093788));
#2517=CARTESIAN_POINT('Ctrl Pts',(18.2232008215851,25.5184173210652,3.75778950994171));
#2518=CARTESIAN_POINT('Ctrl Pts',(18.2321453496476,25.514438440056,3.4349785439383));
#2519=CARTESIAN_POINT('Ctrl Pts',(18.2561822377946,25.507018004634,2.97544832664557));
#2520=CARTESIAN_POINT('Ctrl Pts',(18.2758419562106,25.5009604360459,2.72844150275828));
#2521=CARTESIAN_POINT('Ctrl Pts',(18.2057592047704,25.5225709562334,2.1871222415491));
#2522=CARTESIAN_POINT('Ctrl Pts',(18.1224252330971,25.5482519816501,1.96714147744514));
#2523=CARTESIAN_POINT('Ctrl Pts',(17.9217144855908,25.6052302303722,1.61247365454267));
#2524=CARTESIAN_POINT('Ctrl Pts',(17.5670977977139,25.7080800184071,1.01666678544252));
#2525=CARTESIAN_POINT('Ctrl Pts',(17.0731570268229,25.8028711784492,0.599999999999998));
#2526=CARTESIAN_POINT('',(20.3691218620273,24.6006529529356,5.6));
#2527=CARTESIAN_POINT('Origin',(15.0000002235174,15.0000002235174,5.6));
#2528=CARTESIAN_POINT('Ctrl Pts',(19.7203235682086,24.9357210087228,5.17981594070737));
#2529=CARTESIAN_POINT('Ctrl Pts',(19.7450372985914,24.9239798576799,5.22162396762911));
#2530=CARTESIAN_POINT('Ctrl Pts',(19.7819425574706,24.9062682442162,5.25894127913229));
#2531=CARTESIAN_POINT('Ctrl Pts',(19.8595745383599,24.8685023565656,5.32847167177694));
#2532=CARTESIAN_POINT('Ctrl Pts',(19.9153888046585,24.8408555624538,5.3676772034614));
#2533=CARTESIAN_POINT('Ctrl Pts',(20.0760090956071,24.7595486838713,5.46912536095029));
#2534=CARTESIAN_POINT('Ctrl Pts',(20.2146531434042,24.6870388854828,5.53995598083519));
#2535=CARTESIAN_POINT('Ctrl Pts',(20.3691218593661,24.6006529544239,5.59999987483025));
#2536=CARTESIAN_POINT('Origin',(15.0000002235174,15.0000002235174,5.6));
#2537=CARTESIAN_POINT('',(24.7718650701732,20.0508078241584,0.600000000000001));
#2538=CARTESIAN_POINT('',(25.5421925342741,18.1404112289468,5.17981594070737));
#2539=CARTESIAN_POINT('Ctrl Pts',(24.7718650701732,20.0508078241584,0.599999999999995));
#2540=CARTESIAN_POINT('Ctrl Pts',(24.8602842067202,19.879742141101,0.815805892108699));
#2541=CARTESIAN_POINT('Ctrl Pts',(25.0006718190824,19.5848518611443,1.24100610325472));
#2542=CARTESIAN_POINT('Ctrl Pts',(25.1022827731404,19.352988326605,1.70537137236455));
#2543=CARTESIAN_POINT('Ctrl Pts',(25.1244168064339,19.3009539628948,1.83255650628215));
#2544=CARTESIAN_POINT('Ctrl Pts',(25.1932906266601,19.136969487087,2.36519835276116));
#2545=CARTESIAN_POINT('Ctrl Pts',(25.1919660616578,19.1381213521526,2.7316378982251));
#2546=CARTESIAN_POINT('Ctrl Pts',(25.1803943485194,19.1665134321104,3.34904837859423));
#2547=CARTESIAN_POINT('Ctrl Pts',(25.169440954611,19.1943868828921,3.55908144613185));
#2548=CARTESIAN_POINT('Ctrl Pts',(25.2222288530508,19.0629563772909,4.049120866275));
#2549=CARTESIAN_POINT('Ctrl Pts',(25.2515104494687,18.991773838552,4.29319184992221));
#2550=CARTESIAN_POINT('Ctrl Pts',(25.3750199711925,18.6598088959735,4.7756190399237));
#2551=CARTESIAN_POINT('Ctrl Pts',(25.4761511713157,18.3621085633276,5.03066245216978));
#2552=CARTESIAN_POINT('Ctrl Pts',(25.5421925342641,18.1404112289804,5.17981594068478));
#2553=CARTESIAN_POINT('',(24.4153105428478,20.6878760652277,0.600000000000001));
#2554=CARTESIAN_POINT('Origin',(15.0000002235174,15.0000002235174,0.600000000000001));
#2555=CARTESIAN_POINT('',(25.4616219027641,18.3991871616418,5.6));
#2556=CARTESIAN_POINT('Ctrl Pts',(25.4616219027641,18.3991871616418,5.59999987483025));
#2557=CARTESIAN_POINT('Ctrl Pts',(25.3811961549663,18.6467121616042,5.43213656479045));
#2558=CARTESIAN_POINT('Ctrl Pts',(25.2869251434007,18.9006820957053,5.20157956332822));
#2559=CARTESIAN_POINT('Ctrl Pts',(25.1672474633436,19.2005608696349,4.84585578464061));
#2560=CARTESIAN_POINT('Ctrl Pts',(25.0979164614241,19.3649196311769,4.61656722095149));
#2561=CARTESIAN_POINT('Ctrl Pts',(24.9734496323743,19.6428901880053,3.75778950994309));
#2562=CARTESIAN_POINT('Ctrl Pts',(24.9764778050274,19.6335807171965,3.43497854393077));
#2563=CARTESIAN_POINT('Ctrl Pts',(24.9870471643811,19.6107525876971,2.97544832665088));
#2564=CARTESIAN_POINT('Ctrl Pts',(24.9957004329347,19.5920892651428,2.72844150276312));
#2565=CARTESIAN_POINT('Ctrl Pts',(24.964865665222,19.6586311597064,2.18712224155733));
#2566=CARTESIAN_POINT('Ctrl Pts',(24.9281890753787,19.7377443296483,1.96714147745357));
#2567=CARTESIAN_POINT('Ctrl Pts',(24.8362304618984,19.9250273731945,1.61247365454512));
#2568=CARTESIAN_POINT('Ctrl Pts',(24.6753778702939,20.2573788708501,1.01666678544356));
#2569=CARTESIAN_POINT('Ctrl Pts',(24.4153105428478,20.6878760652277,0.6));
#2570=CARTESIAN_POINT('',(25.7273192381805,17.4340558427765,5.6));
#2571=CARTESIAN_POINT('Origin',(15.0000002235174,15.0000002235174,5.6));
#2572=CARTESIAN_POINT('Ctrl Pts',(25.5421925342741,18.1404112289468,5.17981594070737));
#2573=CARTESIAN_POINT('Ctrl Pts',(25.5500038720289,18.1141889845741,5.22162396763519));
#2574=CARTESIAN_POINT('Ctrl Pts',(25.5615360163859,18.0749116497426,5.25894127914046));
#2575=CARTESIAN_POINT('Ctrl Pts',(25.5854164268413,17.9919495335594,5.32847167177711));
#2576=CARTESIAN_POINT('Ctrl Pts',(25.6022178887082,17.9319721342631,5.36767720346193));
#2577=CARTESIAN_POINT('Ctrl Pts',(25.6492710552881,17.7582030752176,5.46912536094699));
#2578=CARTESIAN_POINT('Ctrl Pts',(25.6881567495898,17.6066519431521,5.53995598083293));
#2579=CARTESIAN_POINT('Ctrl Pts',(25.7273192375058,17.4340558457501,5.59999987483025));
#2580=CARTESIAN_POINT('Origin',(15.0000002235174,15.0000002235174,5.6));
#2581=CARTESIAN_POINT('',(21.8726944385708,23.5887180688289,0.600000000000001));
#2582=CARTESIAN_POINT('',(23.3534518923773,22.156804343795,5.17981594070737));
#2583=CARTESIAN_POINT('Ctrl Pts',(21.8726944385708,23.5887180688289,0.600000000000019));
#2584=CARTESIAN_POINT('Ctrl Pts',(22.0230480324076,23.468405084611,0.815805908763288));
#2585=CARTESIAN_POINT('Ctrl Pts',(22.2712411706966,23.2561102026952,1.24100610814318));
#2586=CARTESIAN_POINT('Ctrl Pts',(22.458374789623,23.0856212243878,1.70537137087237));
#2587=CARTESIAN_POINT('Ctrl Pts',(22.4997595176794,23.0470881901261,1.83255650472129));
#2588=CARTESIAN_POINT('Ctrl Pts',(22.6293773789703,22.9252944231365,2.36519835174293));
#2589=CARTESIAN_POINT('Ctrl Pts',(22.6276988229142,22.9258079550889,2.73163789774838));
#2590=CARTESIAN_POINT('Ctrl Pts',(22.6055794376301,22.9470387710275,3.34904837859635));
#2591=CARTESIAN_POINT('Ctrl Pts',(22.5842358605776,22.9680472887092,3.55908144613784));
#2592=CARTESIAN_POINT('Ctrl Pts',(22.6859176080643,22.8694503199256,4.04912086628477));
#2593=CARTESIAN_POINT('Ctrl Pts',(22.7416202243169,22.8163317332278,4.29319184992926));
#2594=CARTESIAN_POINT('Ctrl Pts',(22.9894740932217,22.5633025160972,4.77561903991769));
#2595=CARTESIAN_POINT('Ctrl Pts',(23.2029476756589,22.3324734943236,5.03066245216346));
#2596=CARTESIAN_POINT('Ctrl Pts',(23.3534518923545,22.1568043438216,5.1798159406848));
#2597=CARTESIAN_POINT('',(21.287846671948,24.0256850751483,0.600000000000001));
#2598=CARTESIAN_POINT('Origin',(15.0000002235174,15.0000002235174,0.600000000000001));
#2599=CARTESIAN_POINT('',(23.1745933037688,22.3604368934649,5.6));
#2600=CARTESIAN_POINT('Ctrl Pts',(23.1745933037688,22.3604368934649,5.59999987483025));
#2601=CARTESIAN_POINT('Ctrl Pts',(23.0004432396199,22.5538501341668,5.43213656478212));
#2602=CARTESIAN_POINT('Ctrl Pts',(22.811023506779,22.7475197390574,5.20157956331612));
#2603=CARTESIAN_POINT('Ctrl Pts',(22.579720819947,22.9727953329835,4.84585578463314));
#2604=CARTESIAN_POINT('Ctrl Pts',(22.4495330671425,23.0947450740296,4.6165672209436));
#2605=CARTESIAN_POINT('Ctrl Pts',(22.222766149681,23.2980585933544,3.7577895099429));
#2606=CARTESIAN_POINT('Ctrl Pts',(22.2293190259583,23.2907856373638,3.43497854393438));
#2607=CARTESIAN_POINT('Ctrl Pts',(22.2482596529468,23.2742300490957,2.97544832664746));
#2608=CARTESIAN_POINT('Ctrl Pts',(22.2637558642919,23.2606998569551,2.72844150275949));
#2609=CARTESIAN_POINT('Ctrl Pts',(22.2085218754905,23.3089472725682,2.18712224154906));
#2610=CARTESIAN_POINT('Ctrl Pts',(22.1428379182702,23.3663030365776,1.96714147744554));
#2611=CARTESIAN_POINT('Ctrl Pts',(21.9826546681984,23.4999916725527,1.61247365454148));
#2612=CARTESIAN_POINT('Ctrl Pts',(21.7005289813107,23.7381852304371,1.01666678544205));
#2613=CARTESIAN_POINT('Ctrl Pts',(21.287846671948,24.0256850751483,0.600000000000002));
#2614=CARTESIAN_POINT('',(23.8098741704088,21.5868144033683,5.6));
#2615=CARTESIAN_POINT('Origin',(15.0000002235174,15.0000002235174,5.6));
#2616=CARTESIAN_POINT('Ctrl Pts',(23.3534518923773,22.156804343795,5.17981594070737));
#2617=CARTESIAN_POINT('Ctrl Pts',(23.3712534521501,22.1360262888569,5.22162396763208));
#2618=CARTESIAN_POINT('Ctrl Pts',(23.3977641215605,22.104835203719,5.25894127913624));
#2619=CARTESIAN_POINT('Ctrl Pts',(23.453323694701,22.0387585773033,5.32847167177713));
#2620=CARTESIAN_POINT('Ctrl Pts',(23.4930675999214,21.9908002668135,5.36767720346195));
#2621=CARTESIAN_POINT('Ctrl Pts',(23.6067310502692,21.8511925792589,5.46912536095097));
#2622=CARTESIAN_POINT('Ctrl Pts',(23.7038962983773,21.7285599677223,5.53995598083591));
#2623=CARTESIAN_POINT('Ctrl Pts',(23.809874168583,21.5868144058103,5.59999987483025));
#2624=CARTESIAN_POINT('Origin',(15.0000002235174,15.0000002235174,5.6));
#2625=CARTESIAN_POINT('',(25.9813914951837,15.6395670601905,0.600000000000001));
#2626=CARTESIAN_POINT('',(25.9080923528306,13.5810125215216,5.17981594070737));
#2627=CARTESIAN_POINT('Ctrl Pts',(25.9813914951837,15.6395670601905,0.599999999999971));
#2628=CARTESIAN_POINT('Ctrl Pts',(25.9925877140726,15.4473274796924,0.815805892108396));
#2629=CARTESIAN_POINT('Ctrl Pts',(26.0008954971102,15.1208310177539,1.24100610325321));
#2630=CARTESIAN_POINT('Ctrl Pts',(25.9994143269463,14.8676842406278,1.70537137236581));
#2631=CARTESIAN_POINT('Ctrl Pts',(25.9984704901009,14.8111457616198,1.83255650628314));
#2632=CARTESIAN_POINT('Ctrl Pts',(25.9946913605124,14.6333249821899,2.36519835275449));
#2633=CARTESIAN_POINT('Ctrl Pts',(25.9939498159012,14.6349160124078,2.73163789821242));
#2634=CARTESIAN_POINT('Ctrl Pts',(25.9949266292184,14.6655601078434,3.34904837859142));
#2635=CARTESIAN_POINT('Ctrl Pts',(25.9962573597696,14.6954789188632,3.55908144613111));
#2636=CARTESIAN_POINT('Ctrl Pts',(25.9910239019618,14.5539404048676,4.04912086627761));
#2637=CARTESIAN_POINT('Ctrl Pts',(25.9888214245096,14.4770020217081,4.29319184992508));
#2638=CARTESIAN_POINT('Ctrl Pts',(25.9666306806927,14.1235011080657,4.77561903992282));
#2639=CARTESIAN_POINT('Ctrl Pts',(25.9379329952488,13.8104045565938,5.03066245216762));
#2640=CARTESIAN_POINT('Ctrl Pts',(25.9080923528351,13.5810125215563,5.1798159406848));
#2641=CARTESIAN_POINT('',(25.9147817241263,16.3665816495456,0.600000000000001));
#2642=CARTESIAN_POINT('Origin',(15.0000002235174,15.0000002235174,0.600000000000001));
#2643=CARTESIAN_POINT('',(25.9397410725684,13.8501871275732,5.6));
#2644=CARTESIAN_POINT('Ctrl Pts',(25.9397410725684,13.8501871275732,5.59999987483025));
#2645=CARTESIAN_POINT('Ctrl Pts',(25.9669459835528,14.1090245656234,5.4321365647869));
#2646=CARTESIAN_POINT('Ctrl Pts',(25.9841240075876,14.3793811200793,5.20157956332506));
#2647=CARTESIAN_POINT('Ctrl Pts',(25.9967646924287,14.7020113096971,4.84585578462432));
#2648=CARTESIAN_POINT('Ctrl Pts',(26.0002784014804,14.8803599686974,4.61656722093868));
#2649=CARTESIAN_POINT('Ctrl Pts',(25.9996331063331,15.1849239284624,3.75778950995369));
#2650=CARTESIAN_POINT('Ctrl Pts',(25.9986129767996,15.1751876349157,3.43497854395039));
#2651=CARTESIAN_POINT('Ctrl Pts',(25.9989835302671,15.1500341551622,2.97544832666235));
#2652=CARTESIAN_POINT('Ctrl Pts',(25.9992976272836,15.1294647602141,2.72844150277421));
#2653=CARTESIAN_POINT('Ctrl Pts',(25.9981936921209,15.2027954356424,2.18712224156744));
#2654=CARTESIAN_POINT('Ctrl Pts',(25.9968661852331,15.2899866257133,1.96714147746334));
#2655=CARTESIAN_POINT('Ctrl Pts',(25.9890326880342,15.4984811371869,1.61247365455132));
#2656=CARTESIAN_POINT('Ctrl Pts',(25.9772660661018,15.8675239813513,1.01666678544655));
#2657=CARTESIAN_POINT('Ctrl Pts',(25.9147817241263,16.3665816495456,0.6));
#2658=CARTESIAN_POINT('',(25.7899133936833,12.8604269529137,5.6));
#2659=CARTESIAN_POINT('Origin',(15.0000002235174,15.0000002235174,5.6));
#2660=CARTESIAN_POINT('Ctrl Pts',(25.9080923528306,13.5810125215216,5.17981594070737));
#2661=CARTESIAN_POINT('Ctrl Pts',(25.9045628173048,13.5538801519911,5.22162396763259));
#2662=CARTESIAN_POINT('Ctrl Pts',(25.899122424081,13.5133079754869,5.25894127913689));
#2663=CARTESIAN_POINT('Ctrl Pts',(25.8871945319398,13.427805273103,5.32847167177716));
#2664=CARTESIAN_POINT('Ctrl Pts',(25.87814842506,13.3661794222169,5.36767720346154));
#2665=CARTESIAN_POINT('Ctrl Pts',(25.8504553879083,13.1882952406151,5.46912536095294));
#2666=CARTESIAN_POINT('Ctrl Pts',(25.8243378385936,13.034030155551,5.53995598083691));
#2667=CARTESIAN_POINT('Ctrl Pts',(25.7899133942763,12.8604269559046,5.59999987483025));
#2668=CARTESIAN_POINT('Origin',(15.0000002235174,15.0000002235174,5.6));
#2669=CARTESIAN_POINT('',(25.2921356065153,11.1177393798795,0.600000000000001));
#2670=CARTESIAN_POINT('',(24.3878839453229,9.26696967886999,5.17981594070737));
#2671=CARTESIAN_POINT('Ctrl Pts',(25.2921356065153,11.1177393798795,0.599999999999989));
#2672=CARTESIAN_POINT('Ctrl Pts',(25.2241729745402,10.9375658579435,0.815805908765475));
#2673=CARTESIAN_POINT('Ctrl Pts',(25.0989644413383,10.6359174301476,1.24100610814119));
#2674=CARTESIAN_POINT('Ctrl Pts',(24.9946472560302,10.4052587908,1.70537137086436));
#2675=CARTESIAN_POINT('Ctrl Pts',(24.9707887469798,10.3539922130746,1.83255650471339));
#2676=CARTESIAN_POINT('Ctrl Pts',(24.8950101131519,10.1930819576532,2.3651983517412));
#2677=CARTESIAN_POINT('Ctrl Pts',(24.8949798087147,10.1948370494299,2.73163789774795));
#2678=CARTESIAN_POINT('Ctrl Pts',(24.9083362486012,10.2224345178697,3.34904837859677));
#2679=CARTESIAN_POINT('Ctrl Pts',(24.9217210082105,10.2492254548974,3.55908144613484));
#2680=CARTESIAN_POINT('Ctrl Pts',(24.8593711065531,10.1220522274143,4.0491208662825));
#2681=CARTESIAN_POINT('Ctrl Pts',(24.8260653835912,10.0526613452463,4.29319184992519));
#2682=CARTESIAN_POINT('Ctrl Pts',(24.6620113554394,9.73874797996863,4.77561903991845));
#2683=CARTESIAN_POINT('Ctrl Pts',(24.5084468749514,9.46439244780633,5.03066245216681));
#2684=CARTESIAN_POINT('Ctrl Pts',(24.3878839453411,9.2669696788999,5.17981594068478));
#2685=CARTESIAN_POINT('',(25.5269880262726,11.8089928903007,0.600000000000001));
#2686=CARTESIAN_POINT('Origin',(15.0000002235174,15.0000002235174,0.600000000000001));
#2687=CARTESIAN_POINT('',(24.5262796651462,9.50000022351741,5.6));
#2688=CARTESIAN_POINT('Ctrl Pts',(24.5262796651462,9.50000022351741,5.59999987483025));
#2689=CARTESIAN_POINT('Ctrl Pts',(24.6564112586546,9.7253947551438,5.4321365647893));
#2690=CARTESIAN_POINT('Ctrl Pts',(24.7820680818769,9.96539082558207,5.20157956332707));
#2691=CARTESIAN_POINT('Ctrl Pts',(24.9248414423723,10.2549867400817,4.84585578463297));
#2692=CARTESIAN_POINT('Ctrl Pts',(25.0005923101773,10.4164871931687,4.61656722094551));
#2693=CARTESIAN_POINT('Ctrl Pts',(25.1238801263247,10.6949826803586,3.75778950995045));
#2694=CARTESIAN_POINT('Ctrl Pts',(25.1189880842694,10.6865030576754,3.43497854394092));
#2695=CARTESIAN_POINT('Ctrl Pts',(25.10909575979,10.6633734928296,2.97544832666217));
#2696=CARTESIAN_POINT('Ctrl Pts',(25.1010163750415,10.6444546607424,2.72844150277409));
#2697=CARTESIAN_POINT('Ctrl Pts',(25.1298341528462,10.7118945770678,2.1871222415666));
#2698=CARTESIAN_POINT('Ctrl Pts',(25.1640852669144,10.7920876383998,1.96714147746195));
#2699=CARTESIAN_POINT('Ctrl Pts',(25.2417313688268,10.9857430226526,1.61247365455231));
#2700=CARTESIAN_POINT('Ctrl Pts',(25.3810852723953,11.3276663529197,1.01666678544703));
#2701=CARTESIAN_POINT('Ctrl Pts',(25.5269880262726,11.8089928903007,0.6));
#2702=CARTESIAN_POINT('',(23.9868335387804,8.65674971895127,5.6));
#2703=CARTESIAN_POINT('Origin',(15.0000002235174,15.0000002235174,5.6));
#2704=CARTESIAN_POINT('Ctrl Pts',(24.3878839453229,9.26696967886999,5.17981594070737));
#2705=CARTESIAN_POINT('Ctrl Pts',(24.3736238252749,9.24361861736301,5.2216239676303));
#2706=CARTESIAN_POINT('Ctrl Pts',(24.3521515878851,9.20876689708971,5.25894127913388));
#2707=CARTESIAN_POINT('Ctrl Pts',(24.3064778340569,9.13550780251616,5.328471671777));
#2708=CARTESIAN_POINT('Ctrl Pts',(24.2731483124913,9.0828891695109,5.36767720346152));
#2709=CARTESIAN_POINT('Ctrl Pts',(24.1754974493142,8.93164765639295,5.46912536095074));
#2710=CARTESIAN_POINT('Ctrl Pts',(24.0888926179306,8.80134245299366,5.53995598083547));
#2711=CARTESIAN_POINT('Ctrl Pts',(23.9868335405388,8.65674972144237,5.59999987483025));
#2712=CARTESIAN_POINT('Origin',(15.0000002235174,15.0000002235174,5.6));
#2713=CARTESIAN_POINT('',(22.8232760090119,7.2671898686661,0.600000000000001));
#2714=CARTESIAN_POINT('',(21.2444251560688,5.94421990033539,5.17981594070737));
#2715=CARTESIAN_POINT('Ctrl Pts',(22.8232760090119,7.2671898686661,0.599999999999988));
#2716=CARTESIAN_POINT('Ctrl Pts',(22.6879058817967,7.13023605889656,0.815805908768014));
#2717=CARTESIAN_POINT('Ctrl Pts',(22.4508307261206,6.90559340635712,1.24100610814486));
#2718=CARTESIAN_POINT('Ctrl Pts',(22.2617149146646,6.73730587588332,1.70537137086799));
#2719=CARTESIAN_POINT('Ctrl Pts',(22.2190670863697,6.7001756565536,1.83255650471678));
#2720=CARTESIAN_POINT('Ctrl Pts',(22.0843917625247,6.58399877076651,2.36519835174116));
#2721=CARTESIAN_POINT('Ctrl Pts',(22.0850779381808,6.58561445281146,2.73163789774811));
#2722=CARTESIAN_POINT('Ctrl Pts',(22.10850455484,6.60539344122432,3.34904837859449));
#2723=CARTESIAN_POINT('Ctrl Pts',(22.131628996974,6.62442410785998,3.55908144613304));
#2724=CARTESIAN_POINT('Ctrl Pts',(22.0229435158961,6.53360557325624,4.0491208662788));
#2725=CARTESIAN_POINT('Ctrl Pts',(21.9642934094975,6.48376050600235,4.29319184992544));
#2726=CARTESIAN_POINT('Ctrl Pts',(21.6867425288577,6.26371316175001,4.77561903992203));
#2727=CARTESIAN_POINT('Ctrl Pts',(21.4348639470944,6.07553721285559,5.03066245216715));
#2728=CARTESIAN_POINT('Ctrl Pts',(21.2444251560976,5.94421990035526,5.17981594068479));
#2729=CARTESIAN_POINT('',(23.3189825026407,7.8031582883605,0.600000000000001));
#2730=CARTESIAN_POINT('Origin',(15.0000002235174,15.0000002235174,0.600000000000001));
#2731=CARTESIAN_POINT('',(21.4656379987346,6.100813285393,5.6));
#2732=CARTESIAN_POINT('Ctrl Pts',(21.4656379987346,6.10081328539299,5.59999987483025));
#2733=CARTESIAN_POINT('Ctrl Pts',(21.6761953404969,6.25379214876707,5.43213656442607));
#2734=CARTESIAN_POINT('Ctrl Pts',(21.8886037575241,6.42193023506284,5.20157956196602));
#2735=CARTESIAN_POINT('Ctrl Pts',(22.1368229810128,6.62841810871517,4.84585578452067));
#2736=CARTESIAN_POINT('Ctrl Pts',(22.2717129952293,6.74514546107663,4.61656722015635));
#2737=CARTESIAN_POINT('Ctrl Pts',(22.497616339418,6.94941807612529,3.75778950471871));
#2738=CARTESIAN_POINT('Ctrl Pts',(22.4896982624511,6.94366132725826,3.43497853917265));
#2739=CARTESIAN_POINT('Ctrl Pts',(22.4712535324065,6.92655498884721,2.97544831913885));
#2740=CARTESIAN_POINT('Ctrl Pts',(22.4561776654544,6.91255795805687,2.72844149592987));
#2741=CARTESIAN_POINT('Ctrl Pts',(22.5099343017178,6.96244614207948,2.18712223566012));
#2742=CARTESIAN_POINT('Ctrl Pts',(22.573841708696,7.02177496654488,1.96714147163061));
#2743=CARTESIAN_POINT('Ctrl Pts',(22.7235416915439,7.1671064467184,1.61247365508081));
#2744=CARTESIAN_POINT('Ctrl Pts',(22.9899205726861,7.422788622236,1.01666677513319));
#2745=CARTESIAN_POINT('Ctrl Pts',(23.3189825026407,7.8031582883605,0.600000000000001));
#2746=CARTESIAN_POINT('',(20.629848560851,5.54987812385003,5.6));
#2747=CARTESIAN_POINT('Origin',(15.0000002235174,15.0000002235174,5.6));
#2748=CARTESIAN_POINT('Ctrl Pts',(21.2444251560688,5.94421990033539,5.17981594070737));
#2749=CARTESIAN_POINT('Ctrl Pts',(21.2219001558027,5.92868775752192,5.22162396763245));
#2750=CARTESIAN_POINT('Ctrl Pts',(21.1881088191588,5.90558267252931,5.25894127913666));
#2751=CARTESIAN_POINT('Ctrl Pts',(21.1165866106165,5.85723434876117,5.32847167177726));
#2752=CARTESIAN_POINT('Ctrl Pts',(21.0647366514332,5.8227211733089,5.36767720346158));
#2753=CARTESIAN_POINT('Ctrl Pts',(20.9140126835975,5.72427336027107,5.46912536095494));
#2754=CARTESIAN_POINT('Ctrl Pts',(20.78189533227,5.64045899198925,5.5399559808384));
#2755=CARTESIAN_POINT('Ctrl Pts',(20.6298485634706,5.5498781254106,5.59999987483025));
#2756=CARTESIAN_POINT('Origin',(15.0000002235174,15.0000002235174,5.6));
#2757=CARTESIAN_POINT('',(8.95542345970734,24.1903806153406,0.600000000000001));
#2758=CARTESIAN_POINT('',(10.7748335564469,25.1561789653217,5.17981594070737));
#2759=CARTESIAN_POINT('Ctrl Pts',(8.95542345970734,24.1903806153406,0.599999999999995));
#2760=CARTESIAN_POINT('Ctrl Pts',(9.11630972300605,24.2961966237418,0.81580590876662));
#2761=CARTESIAN_POINT('Ctrl Pts',(9.39491005144036,24.4666395988765,1.24100610813992));
#2762=CARTESIAN_POINT('Ctrl Pts',(9.61488217368112,24.5919302549227,1.70537137085772));
#2763=CARTESIAN_POINT('Ctrl Pts',(9.66431785128608,24.6193821077846,1.83255650470626));
#2764=CARTESIAN_POINT('Ctrl Pts',(9.82020472894148,24.7050196755862,2.36519835172372));
#2765=CARTESIAN_POINT('Ctrl Pts',(9.81919762868788,24.7035819640133,2.73163789772427));
#2766=CARTESIAN_POINT('Ctrl Pts',(9.79217065688591,24.6891058614322,3.34904837858793));
#2767=CARTESIAN_POINT('Ctrl Pts',(9.76559484121392,24.675298902384,3.55908144612443));
#2768=CARTESIAN_POINT('Ctrl Pts',(9.89078751885348,24.7415358519714,4.04912086627788));
#2769=CARTESIAN_POINT('Ctrl Pts',(9.95851935192168,24.7780976421262,4.29319184992521));
#2770=CARTESIAN_POINT('Ctrl Pts',(10.2757554953062,24.9356303510736,4.77561903992353));
#2771=CARTESIAN_POINT('Ctrl Pts',(10.5612539054396,25.067325702185,5.03066245216773));
#2772=CARTESIAN_POINT('Ctrl Pts',(10.7748335564146,25.1561789653082,5.1798159406848));
#2773=CARTESIAN_POINT('',(8.35911524193259,23.7691875667871,0.600000000000001));
#2774=CARTESIAN_POINT('Origin',(15.0000002235174,15.0000002235174,0.600000000000001));
#2775=CARTESIAN_POINT('',(10.5258971496836,25.049000257586,5.6));
#2776=CARTESIAN_POINT('Ctrl Pts',(10.5258971496836,25.049000257586,5.59999987483025));
#2777=CARTESIAN_POINT('Ctrl Pts',(10.2881348968817,24.943141682355,5.43213656442838));
#2778=CARTESIAN_POINT('Ctrl Pts',(10.0454102395917,24.8228400097876,5.20157956197959));
#2779=CARTESIAN_POINT('Ctrl Pts',(9.75968395871945,24.6724720700354,4.84585578452602));
#2780=CARTESIAN_POINT('Ctrl Pts',(9.60347263376642,24.5863407013183,4.6165672201689));
#2781=CARTESIAN_POINT('Ctrl Pts',(9.34003515486848,24.4334998792653,3.75778950477758));
#2782=CARTESIAN_POINT('Ctrl Pts',(9.34897709823564,24.4374845685807,3.43497853922169));
#2783=CARTESIAN_POINT('Ctrl Pts',(9.37057537441183,24.4503822174412,2.97544831922841));
#2784=CARTESIAN_POINT('Ctrl Pts',(9.38823194384541,24.4609389305419,2.72844149601252));
#2785=CARTESIAN_POINT('Ctrl Pts',(9.32527768238432,24.4233175561827,2.18712223572964));
#2786=CARTESIAN_POINT('Ctrl Pts',(9.25043164937981,24.3785723059238,1.96714147169892));
#2787=CARTESIAN_POINT('Ctrl Pts',(9.07378685655604,24.2675410438317,1.61247365512292));
#2788=CARTESIAN_POINT('Ctrl Pts',(8.76006967964978,24.0728294208729,1.01666677515377));
#2789=CARTESIAN_POINT('Ctrl Pts',(8.35911524193259,23.7691875667871,0.599999999999999));
#2790=CARTESIAN_POINT('',(11.4579684440355,25.4141257688112,5.6));
#2791=CARTESIAN_POINT('Origin',(15.0000002235174,15.0000002235174,5.6));
#2792=CARTESIAN_POINT('Ctrl Pts',(10.7748335564469,25.1561789653217,5.17981594070737));
#2793=CARTESIAN_POINT('Ctrl Pts',(10.8000956454862,25.1666884826572,5.22162396762944));
#2794=CARTESIAN_POINT('Ctrl Pts',(10.8379523776346,25.1822630521697,5.25894127913273));
#2795=CARTESIAN_POINT('Ctrl Pts',(10.9179638360665,25.2146845457557,5.32847167177695));
#2796=CARTESIAN_POINT('Ctrl Pts',(10.9758564419033,25.2376633128353,5.36767720346124));
#2797=CARTESIAN_POINT('Ctrl Pts',(11.1437551806775,25.3026225299549,5.46912536095248));
#2798=CARTESIAN_POINT('Ctrl Pts',(11.2904114379173,25.3571366112959,5.53995598083666));
#2799=CARTESIAN_POINT('Ctrl Pts',(11.4579684411487,25.4141257678293,5.59999987483025));
#2800=CARTESIAN_POINT('Origin',(15.0000002235174,15.0000002235174,5.6));
#2801=CARTESIAN_POINT('',(14.4881954919721,4.01191322364488,0.600000000000001));
#2802=CARTESIAN_POINT('',(12.4485797771652,4.29998836810644,5.17981594070737));
#2803=CARTESIAN_POINT('Ctrl Pts',(14.4881954919721,4.01191322364489,0.600000000000045));
#2804=CARTESIAN_POINT('Ctrl Pts',(14.2958386816071,4.02087284743481,0.815805908766864));
#2805=CARTESIAN_POINT('Ctrl Pts',(13.9702624141208,4.04673874831686,1.24100610814326));
#2806=CARTESIAN_POINT('Ctrl Pts',(13.7186572290643,4.07467284770791,1.70537137086762));
#2807=CARTESIAN_POINT('Ctrl Pts',(13.6625271314938,4.08152139444876,1.83255650471612));
#2808=CARTESIAN_POINT('Ctrl Pts',(13.4860754988753,4.10386715445201,2.36519835173963));
#2809=CARTESIAN_POINT('Ctrl Pts',(13.4877353257589,4.10443832887034,2.73163789774609));
#2810=CARTESIAN_POINT('Ctrl Pts',(13.5181094448612,4.10026368643142,3.34904837859351));
#2811=CARTESIAN_POINT('Ctrl Pts',(13.547725258284,4.09581287842279,3.55908144613195));
#2812=CARTESIAN_POINT('Ctrl Pts',(13.4075091523802,4.11581247016226,4.049120866277));
#2813=CARTESIAN_POINT('Ctrl Pts',(13.3312224673177,4.12604513317049,4.29319184992131));
#2814=CARTESIAN_POINT('Ctrl Pts',(12.9819776330206,4.18506522103692,4.77561903992109));
#2815=CARTESIAN_POINT('Ctrl Pts',(12.6735959821693,4.24633319893859,5.03066245216989));
#2816=CARTESIAN_POINT('Ctrl Pts',(12.4485797771993,4.2999883680983,5.17981594068476));
#2817=CARTESIAN_POINT('',(15.2181900363452,4.00216438160842,0.600000000000001));
#2818=CARTESIAN_POINT('Origin',(15.0000002235174,15.0000002235174,0.600000000000001));
#2819=CARTESIAN_POINT('',(12.7129716245221,4.24037661544556,5.6));
#2820=CARTESIAN_POINT('Ctrl Pts',(12.7129716245221,4.24037661544556,5.59999987483025));
#2821=CARTESIAN_POINT('Ctrl Pts',(12.9675474370079,4.18626485605921,5.43213656442923));
#2822=CARTESIAN_POINT('Ctrl Pts',(13.2346273586797,4.14092097969352,5.20157956197396));
#2823=CARTESIAN_POINT('Ctrl Pts',(13.5541688330445,4.09462550427422,4.84585578451996));
#2824=CARTESIAN_POINT('Ctrl Pts',(13.7311731979401,4.07248853226615,4.61656722015964));
#2825=CARTESIAN_POINT('Ctrl Pts',(14.0341361764745,4.04129468974419,3.75778950474905));
#2826=CARTESIAN_POINT('Ctrl Pts',(14.0245598507068,4.04332695080933,3.43497853919915));
#2827=CARTESIAN_POINT('Ctrl Pts',(13.9995054304384,4.04558768190537,2.97544831918526));
#2828=CARTESIAN_POINT('Ctrl Pts',(13.9790158854351,4.04742539272091,2.72844149597324));
#2829=CARTESIAN_POINT('Ctrl Pts',(14.0520602418533,4.04085813747265,2.18712223569522));
#2830=CARTESIAN_POINT('Ctrl Pts',(14.1389125527336,4.0330644109566,1.96714147166526));
#2831=CARTESIAN_POINT('Ctrl Pts',(14.347083730497,4.01906138478031,1.61247365510272));
#2832=CARTESIAN_POINT('Ctrl Pts',(14.7153348784634,3.99218806678113,1.01666677514398));
#2833=CARTESIAN_POINT('Ctrl Pts',(15.2181900363452,4.00216438160842,0.600000000000001));
#2834=CARTESIAN_POINT('',(11.7442947166885,4.49284163268974,5.6));
#2835=CARTESIAN_POINT('Origin',(15.0000002235174,15.0000002235174,5.6));
#2836=CARTESIAN_POINT('Ctrl Pts',(12.4485797771652,4.29998836810643,5.17981594070737));
#2837=CARTESIAN_POINT('Ctrl Pts',(12.4219649785195,4.30633467335896,5.22162396763085));
#2838=CARTESIAN_POINT('Ctrl Pts',(12.3821837365884,4.31598621080037,5.25894127913455));
#2839=CARTESIAN_POINT('Ctrl Pts',(12.298396231187,4.33678622678651,5.32847167177722));
#2840=CARTESIAN_POINT('Ctrl Pts',(12.2380535488102,4.35222443363721,5.36767720346194));
#2841=CARTESIAN_POINT('Ctrl Pts',(12.0640385459928,4.39835972557392,5.46912536094835));
#2842=CARTESIAN_POINT('Ctrl Pts',(11.9133485685009,4.4404592924977,5.53995598083376));
#2843=CARTESIAN_POINT('Ctrl Pts',(11.744294719601,4.49284163178728,5.59999987483025));
#2844=CARTESIAN_POINT('Origin',(15.0000002235174,15.0000002235174,5.6));
#2845=CARTESIAN_POINT('',(19.0017009559672,4.7537135181831,0.600000000000001));
#2846=CARTESIAN_POINT('',(17.021248567157,4.18729680886045,5.17981594070737));
#2847=CARTESIAN_POINT('Ctrl Pts',(19.0017009559672,4.7537135181831,0.599999999999992));
#2848=CARTESIAN_POINT('Ctrl Pts',(18.8223300721551,4.68365998388589,0.815805892107125));
#2849=CARTESIAN_POINT('Ctrl Pts',(18.514380730623,4.57486585734888,1.24100610325397));
#2850=CARTESIAN_POINT('Ctrl Pts',(18.2731661319044,4.49804787768136,1.7053713723719));
#2851=CARTESIAN_POINT('Ctrl Pts',(18.2191031813977,4.48147416901408,1.83255650628925));
#2852=CARTESIAN_POINT('Ctrl Pts',(18.0488177551217,4.43011869203838,2.36519835276518));
#2853=CARTESIAN_POINT('Ctrl Pts',(18.0501017648937,4.43131559824964,2.7316378982263));
#2854=CARTESIAN_POINT('Ctrl Pts',(18.0795478834591,4.43985613984595,3.34904837859431));
#2855=CARTESIAN_POINT('Ctrl Pts',(18.1084135819924,4.44783596093985,3.55908144613412));
#2856=CARTESIAN_POINT('Ctrl Pts',(17.9721852285514,4.40907546890841,4.04912086627306));
#2857=CARTESIAN_POINT('Ctrl Pts',(17.8983318749319,4.38739488152529,4.29319184992282));
#2858=CARTESIAN_POINT('Ctrl Pts',(17.5552752105356,4.29926174319035,4.77561903992509));
#2859=CARTESIAN_POINT('Ctrl Pts',(17.2486346225264,4.22980270864933,5.03066245216927));
#2860=CARTESIAN_POINT('Ctrl Pts',(17.0212485671914,4.18729680886688,5.1798159406848));
#2861=CARTESIAN_POINT('',(19.6725493673669,5.04172303826536,0.600000000000001));
#2862=CARTESIAN_POINT('Origin',(15.0000002235174,15.0000002235174,0.600000000000001));
#2863=CARTESIAN_POINT('',(17.2870288225128,4.24037661544555,5.6));
#2864=CARTESIAN_POINT('Ctrl Pts',(17.2870288225128,4.24037661544555,5.59999987483025));
#2865=CARTESIAN_POINT('Ctrl Pts',(17.5416046344603,4.29448837471748,5.43213656478414));
#2866=CARTESIAN_POINT('Ctrl Pts',(17.8040372986554,4.36169587288999,5.20157956332032));
#2867=CARTESIAN_POINT('Ctrl Pts',(18.114783029264,4.44937207868685,4.84585578463914));
#2868=CARTESIAN_POINT('Ctrl Pts',(18.2854884793985,4.50114310935449,4.61656722094982));
#2869=CARTESIAN_POINT('Ctrl Pts',(18.5749466107999,4.59587226095242,3.75778950994832));
#2870=CARTESIAN_POINT('Ctrl Pts',(18.5653716080131,4.59383378162377,3.43497854393431));
#2871=CARTESIAN_POINT('Ctrl Pts',(18.5415637345054,4.5857085116226,2.97544832665922));
#2872=CARTESIAN_POINT('Ctrl Pts',(18.5220981387199,4.57905349500534,2.72844150277128));
#2873=CARTESIAN_POINT('Ctrl Pts',(18.5914986207046,4.60276382465178,2.18712224156903));
#2874=CARTESIAN_POINT('Ctrl Pts',(18.674012147995,4.63096991821904,1.96714147746501));
#2875=CARTESIAN_POINT('Ctrl Pts',(18.8698815279864,4.70284836405561,1.6124736545499));
#2876=CARTESIAN_POINT('Ctrl Pts',(19.2172260435771,4.82807959701839,1.01666678544576));
#2877=CARTESIAN_POINT('Ctrl Pts',(19.6725493673669,5.04172303826536,0.600000000000001));
#2878=CARTESIAN_POINT('',(16.2994116598301,4.07701849144537,5.6));
#2879=CARTESIAN_POINT('Origin',(15.0000002235174,15.0000002235174,5.6));
#2880=CARTESIAN_POINT('Ctrl Pts',(17.021248567157,4.18729680886045,5.17981594070737));
#2881=CARTESIAN_POINT('Ctrl Pts',(16.994353463853,4.18226923333929,5.22162396763212));
#2882=CARTESIAN_POINT('Ctrl Pts',(16.9540858570468,4.17490586272749,5.25894127913619));
#2883=CARTESIAN_POINT('Ctrl Pts',(16.8690820334039,4.15982817417221,5.32847167177739));
#2884=CARTESIAN_POINT('Ctrl Pts',(16.8076769655873,4.14938809785074,5.36767720346187));
#2885=CARTESIAN_POINT('Ctrl Pts',(16.6299414364253,4.12075650614463,5.46912536095219));
#2886=CARTESIAN_POINT('Ctrl Pts',(16.4751558554488,4.09792523868652,5.53995598083639));
#2887=CARTESIAN_POINT('Ctrl Pts',(16.2994116628579,4.07701849180556,5.59999987483025));
#2888=CARTESIAN_POINT('Origin',(15.0000002235174,15.0000002235174,5.6));
#2889=CARTESIAN_POINT('',(5.7399401084069,20.937279622749,0.600000000000001));
#2890=CARTESIAN_POINT('',(7.00922835911297,22.559601073499,5.17981594070737));
#2891=CARTESIAN_POINT('Ctrl Pts',(5.73994010840688,20.937279622749,0.599999999999972));
#2892=CARTESIAN_POINT('Ctrl Pts',(5.84387777539828,21.0993856952187,0.815805908763613));
#2893=CARTESIAN_POINT('Ctrl Pts',(6.02906643639821,21.368410063292,1.24100610814141));
#2894=CARTESIAN_POINT('Ctrl Pts',(6.17906066863221,21.5723394955809,1.7053713708704));
#2895=CARTESIAN_POINT('Ctrl Pts',(6.21305673287405,21.6175253126234,1.83255650471956));
#2896=CARTESIAN_POINT('Ctrl Pts',(6.32063454501191,21.7591640290072,2.36519835174095));
#2897=CARTESIAN_POINT('Ctrl Pts',(6.32029928312681,21.7574409895516,2.73163789774348));
#2898=CARTESIAN_POINT('Ctrl Pts',(6.30149687717139,21.7332235520103,3.3490483785956));
#2899=CARTESIAN_POINT('Ctrl Pts',(6.28283445765753,21.7098009092373,3.55908144613664));
#2900=CARTESIAN_POINT('Ctrl Pts',(6.3702626651223,21.8212318231014,4.04912086628285));
#2901=CARTESIAN_POINT('Ctrl Pts',(6.4172677537672,21.8821816988321,4.29319184992604));
#2902=CARTESIAN_POINT('Ctrl Pts',(6.64300306633944,22.1551265535378,4.77561903991773));
#2903=CARTESIAN_POINT('Ctrl Pts',(6.85025351706281,22.3915589082815,5.03066245216577));
#2904=CARTESIAN_POINT('Ctrl Pts',(7.00922835908889,22.5596010734736,5.17981594068478));
#2905=CARTESIAN_POINT('',(5.36650009135933,20.3099602237161,0.600000000000001));
#2906=CARTESIAN_POINT('Origin',(15.0000002235174,15.0000002235174,0.600000000000001));
#2907=CARTESIAN_POINT('',(6.82540714326608,22.3604368934649,5.6));
#2908=CARTESIAN_POINT('Ctrl Pts',(6.82540714326608,22.3604368934649,5.59999987483025));
#2909=CARTESIAN_POINT('Ctrl Pts',(6.65125707875354,22.1670236523589,5.43213656443156));
#2910=CARTESIAN_POINT('Ctrl Pts',(6.47844816908277,21.9583975935382,5.20157956198237));
#2911=CARTESIAN_POINT('Ctrl Pts',(6.27858437410314,21.7048142968809,4.84585578452634));
#2912=CARTESIAN_POINT('Ctrl Pts',(6.17091101153461,21.5625925063061,4.61656722016884));
#2913=CARTESIAN_POINT('Ctrl Pts',(5.99241486220142,21.3158157917499,3.75778950477387));
#2914=CARTESIAN_POINT('Ctrl Pts',(5.99896301479146,21.3230930026023,3.43497853921928));
#2915=CARTESIAN_POINT('Ctrl Pts',(6.01344807548436,21.3436604014816,2.975448319223));
#2916=CARTESIAN_POINT('Ctrl Pts',(6.02528435223911,21.3604860125615,2.72844149600711));
#2917=CARTESIAN_POINT('Ctrl Pts',(5.98307476415644,21.3005113719309,2.1871222357282));
#2918=CARTESIAN_POINT('Ctrl Pts',(5.93289904356662,21.2291919275942,1.96714147169699));
#2919=CARTESIAN_POINT('Ctrl Pts',(5.81668647828587,21.0559119124033,1.61247365512195));
#2920=CARTESIAN_POINT('Ctrl Pts',(5.60928792822897,20.7504337222891,1.01666677515303));
#2921=CARTESIAN_POINT('Ctrl Pts',(5.36650009135933,20.3099602237161,0.600000000000001));
#2922=CARTESIAN_POINT('',(7.52838671568321,23.073103195086,5.6));
#2923=CARTESIAN_POINT('Origin',(15.0000002235174,15.0000002235174,5.6));
#2924=CARTESIAN_POINT('Ctrl Pts',(7.00922835911297,22.559601073499,5.17981594070737));
#2925=CARTESIAN_POINT('Ctrl Pts',(7.02803182000516,22.579477012617,5.22162396763201));
#2926=CARTESIAN_POINT('Ctrl Pts',(7.05628091758149,22.6091028100037,5.25894127913621));
#2927=CARTESIAN_POINT('Ctrl Pts',(7.11618801252362,22.6712649102062,5.32847167177693));
#2928=CARTESIAN_POINT('Ctrl Pts',(7.15972923303336,22.7158041026514,5.36767720346155));
#2929=CARTESIAN_POINT('Ctrl Pts',(7.2866910692718,22.8434378697641,5.46912536094918));
#2930=CARTESIAN_POINT('Ctrl Pts',(7.39849535246242,22.9528894349062,5.53995598083441));
#2931=CARTESIAN_POINT('Ctrl Pts',(7.52838671344539,23.0731031930149,5.59999987483025));
#2932=CARTESIAN_POINT('Origin',(15.0000002235174,15.0000002235174,5.6));
#2933=CARTESIAN_POINT('',(4.12560527601424,16.6575690835402,0.600000000000001));
#2934=CARTESIAN_POINT('',(4.62530021101796,18.6558995178968,5.17981594070737));
#2935=CARTESIAN_POINT('Ctrl Pts',(4.12560527601423,16.6575690835402,0.599999999999962));
#2936=CARTESIAN_POINT('Ctrl Pts',(4.15462257983335,16.8479356074604,0.815805908761268));
#2937=CARTESIAN_POINT('Ctrl Pts',(4.21437877152039,17.1690246112169,1.24100610813629));
#2938=CARTESIAN_POINT('Ctrl Pts',(4.26845974833643,17.4163315682628,1.70537137085812));
#2939=CARTESIAN_POINT('Ctrl Pts',(4.28113797086384,17.4714383112198,1.83255650470616));
#2940=CARTESIAN_POINT('Ctrl Pts',(4.32180553645484,17.6445875553808,2.36519835172743));
#2941=CARTESIAN_POINT('Ctrl Pts',(4.32220008276704,17.6428771172204,2.7316378977314));
#2942=CARTESIAN_POINT('Ctrl Pts',(4.31487334946342,17.6131057596799,3.34904837859113));
#2943=CARTESIAN_POINT('Ctrl Pts',(4.30735122798059,17.5841174209006,3.55908144612825));
#2944=CARTESIAN_POINT('Ctrl Pts',(4.34189783394049,17.7214748817189,4.04912086628363));
#2945=CARTESIAN_POINT('Ctrl Pts',(4.3600485713075,17.7962740557993,4.29319184992627));
#2946=CARTESIAN_POINT('Ctrl Pts',(4.45525136678977,18.1374364112626,4.77561903991837));
#2947=CARTESIAN_POINT('Ctrl Pts',(4.54841837235941,18.4377244675812,5.03066245216594));
#2948=CARTESIAN_POINT('Ctrl Pts',(4.62530021100632,18.6558995178638,5.17981594068478));
#2949=CARTESIAN_POINT('',(4.03960463123741,15.9325925571386,0.600000000000001));
#2950=CARTESIAN_POINT('Origin',(15.0000002235174,15.0000002235174,0.600000000000001));
#2951=CARTESIAN_POINT('',(4.53837854427073,18.3991871616418,5.6));
#2952=CARTESIAN_POINT('Ctrl Pts',(4.53837854427073,18.3991871616418,5.59999987483025));
#2953=CARTESIAN_POINT('Ctrl Pts',(4.45795279630049,18.1516621611488,5.43213656443054));
#2954=CARTESIAN_POINT('Ctrl Pts',(4.38493986465406,17.8907850569561,5.20157956198201));
#2955=CARTESIAN_POINT('Ctrl Pts',(4.30549682142713,17.5778332591242,4.84585578453398));
#2956=CARTESIAN_POINT('Ctrl Pts',(4.26497912381331,17.4041124863239,4.61656722017577));
#2957=CARTESIAN_POINT('Ctrl Pts',(4.20228790985057,17.106069815105,3.75778950477861));
#2958=CARTESIAN_POINT('Ctrl Pts',(4.20531003659202,17.1153812516259,3.43497853921828));
#2959=CARTESIAN_POINT('Ctrl Pts',(4.21017728321455,17.1400621104075,2.97544831923265));
#2960=CARTESIAN_POINT('Ctrl Pts',(4.21414666751106,17.1602473184562,2.72844149601591));
#2961=CARTESIAN_POINT('Ctrl Pts',(4.19998017404935,17.0882895717741,2.18712223573641));
#2962=CARTESIAN_POINT('Ctrl Pts',(4.18315060379633,17.0027277132033,1.96714147170477));
#2963=CARTESIAN_POINT('Ctrl Pts',(4.14746447435393,16.7971606337403,1.61247365512708));
#2964=CARTESIAN_POINT('Ctrl Pts',(4.08224564460737,16.4337358307228,1.01666677515557));
#2965=CARTESIAN_POINT('Ctrl Pts',(4.03960463123741,15.9325925571386,0.600000000000001));
#2966=CARTESIAN_POINT('',(4.89071484031331,19.3361677757386,5.6));
#2967=CARTESIAN_POINT('Origin',(15.0000002235174,15.0000002235174,5.6));
#2968=CARTESIAN_POINT('Ctrl Pts',(4.62530021101796,18.6558995178968,5.17981594070737));
#2969=CARTESIAN_POINT('Ctrl Pts',(4.63439375454834,18.6817051483537,5.2216239676283));
#2970=CARTESIAN_POINT('Ctrl Pts',(4.64815069194289,18.7202596041,5.25894127913125));
#2971=CARTESIAN_POINT('Ctrl Pts',(4.67759494244702,18.8014139190764,5.32847167177693));
#2972=CARTESIAN_POINT('Ctrl Pts',(4.69925610504338,18.8598123058872,5.36767720346146));
#2973=CARTESIAN_POINT('Ctrl Pts',(4.76332818385506,19.0280515851469,5.46912536095007));
#2974=CARTESIAN_POINT('Ctrl Pts',(4.8209485167237,19.1735154641408,5.53995598083501));
#2975=CARTESIAN_POINT('Ctrl Pts',(4.89071483911134,19.3361677729363,5.59999987483025));
#2976=CARTESIAN_POINT('Ctrl Pts',(9.68249071624602,17.7792254105216,5.59999987483025));
#2977=CARTESIAN_POINT('Ctrl Pts',(4.37186710091432,19.5047516224225,5.59999987483025));
#2978=CARTESIAN_POINT('Ctrl Pts',(9.67666014768615,17.7612807656525,5.5935720062146));
#2979=CARTESIAN_POINT('Ctrl Pts',(4.36603653235445,19.4868069775534,5.5935720062146));
#2980=CARTESIAN_POINT('Ctrl Pts',(9.66502294462887,17.7254651373843,5.5804051692574));
#2981=CARTESIAN_POINT('Ctrl Pts',(4.35439932929717,19.4509913492852,5.5804051692574));
#2982=CARTESIAN_POINT('Ctrl Pts',(9.64763860376605,17.6719616377062,5.55972113881702));
#2983=CARTESIAN_POINT('Ctrl Pts',(4.33701498843436,19.3974878496071,5.55972113881702));
#2984=CARTESIAN_POINT('Ctrl Pts',(9.62460768879483,17.6010797698532,5.53024827215879));
#2985=CARTESIAN_POINT('Ctrl Pts',(4.31398407346313,19.3266059817541,5.53024827215879));
#2986=CARTESIAN_POINT('Ctrl Pts',(9.59616300393746,17.5135360315475,5.49015705360758));
#2987=CARTESIAN_POINT('Ctrl Pts',(4.28553938860575,19.2390622434484,5.49015705360758));
#2988=CARTESIAN_POINT('Ctrl Pts',(9.56838520243919,17.4280447491774,5.44696581034255));
#2989=CARTESIAN_POINT('Ctrl Pts',(4.25776158710749,19.1535709610782,5.44696581034255));
#2990=CARTESIAN_POINT('Ctrl Pts',(9.54181382609208,17.3462664616338,5.40115380224695));
#2991=CARTESIAN_POINT('Ctrl Pts',(4.23119021076038,19.0717926735346,5.40115380224695));
#2992=CARTESIAN_POINT('Ctrl Pts',(9.51754878076992,17.2715863311169,5.35419623836458));
#2993=CARTESIAN_POINT('Ctrl Pts',(4.20692516543822,18.9971125430178,5.35419623836458));
#2994=CARTESIAN_POINT('Ctrl Pts',(9.49673628255639,17.2075320479977,5.30800986336659));
#2995=CARTESIAN_POINT('Ctrl Pts',(4.18611266722469,18.9330582598986,5.30800986336659));
#2996=CARTESIAN_POINT('Ctrl Pts',(9.47961493225261,17.1548379500335,5.26329110064774));
#2997=CARTESIAN_POINT('Ctrl Pts',(4.16899131692091,18.8803641619344,5.26329110064774));
#2998=CARTESIAN_POINT('Ctrl Pts',(9.46888571246817,17.1218168069362,5.2289827729466));
#2999=CARTESIAN_POINT('Ctrl Pts',(4.15826209713647,18.8473430188371,5.2289827729466));
#3000=CARTESIAN_POINT('Ctrl Pts',(9.46243930432321,17.1019768027146,5.20408032330184));
#3001=CARTESIAN_POINT('Ctrl Pts',(4.15181568899151,18.8275030146154,5.20408032330184));
#3002=CARTESIAN_POINT('Ctrl Pts',(9.45884297883115,17.0909084509533,5.18784337689345));
#3003=CARTESIAN_POINT('Ctrl Pts',(4.14821936349945,18.8164346628542,5.18784337689345));
#3004=CARTESIAN_POINT('Ctrl Pts',(9.45722005058347,17.0859135914034,5.17981594070737));
#3005=CARTESIAN_POINT('Ctrl Pts',(4.14659643525177,18.8114398033043,5.17981594070737));
#3006=CARTESIAN_POINT('',(9.68249071624603,17.7792254105216,5.59999987483025));
#3007=CARTESIAN_POINT('',(9.60267794053767,17.8051581533602,5.59999987483025));
#3008=CARTESIAN_POINT('',(9.38323114551632,17.1099540439625,5.17981594070736));
#3009=CARTESIAN_POINT('Ctrl Pts',(9.38323114551632,17.1099540439625,5.17981594070737));
#3010=CARTESIAN_POINT('Ctrl Pts',(9.3911186437638,17.1309508334798,5.21406384622004));
#3011=CARTESIAN_POINT('Ctrl Pts',(9.40245807758372,17.1606718206788,5.24575961891716));
#3012=CARTESIAN_POINT('Ctrl Pts',(9.44304678427422,17.2642117751787,5.34039648515637));
#3013=CARTESIAN_POINT('Ctrl Pts',(9.48540804514965,17.3667984023365,5.40480708047399));
#3014=CARTESIAN_POINT('Ctrl Pts',(9.57685421096289,17.5693831838259,5.51335916386322));
#3015=CARTESIAN_POINT('Ctrl Pts',(9.62816055674064,17.6752751653049,5.56060046455545));
#3016=CARTESIAN_POINT('Ctrl Pts',(9.68249071624602,17.7792254105216,5.59999987483025));
#3017=CARTESIAN_POINT('',(9.37740727487512,17.1118463342421,5.17981594070737));
#3018=CARTESIAN_POINT('Ctrl Pts',(15.2518753623699,9.00528931185303,5.59999987483025));
#3019=CARTESIAN_POINT('Ctrl Pts',(16.4128376356337,3.54339124508778,5.59999987483025));
#3020=CARTESIAN_POINT('Ctrl Pts',(15.2703311649684,9.00921221379622,5.5935720062146));
#3021=CARTESIAN_POINT('Ctrl Pts',(16.4312934382322,3.54731414703097,5.5935720062146));
#3022=CARTESIAN_POINT('Ctrl Pts',(15.3071670104298,9.0170419144537,5.5804051692574));
#3023=CARTESIAN_POINT('Ctrl Pts',(16.4681292836935,3.55514384768845,5.5804051692574));
#3024=CARTESIAN_POINT('Ctrl Pts',(15.3621945707738,9.02873838347752,5.55972113881702));
#3025=CARTESIAN_POINT('Ctrl Pts',(16.5231568440376,3.56684031671227,5.55972113881702));
#3026=CARTESIAN_POINT('Ctrl Pts',(15.4350955264878,9.04423395996654,5.53024827215879));
#3027=CARTESIAN_POINT('Ctrl Pts',(16.5960577997516,3.5823358932013,5.53024827215879));
#3028=CARTESIAN_POINT('Ctrl Pts',(15.5251329702315,9.06337200943026,5.49015705360758));
#3029=CARTESIAN_POINT('Ctrl Pts',(16.6860952434953,3.60147394266501,5.49015705360758));
#3030=CARTESIAN_POINT('Ctrl Pts',(15.6130594933153,9.08206136885654,5.44696581034255));
#3031=CARTESIAN_POINT('Ctrl Pts',(16.774021766579,3.62016330209129,5.44696581034255));
#3032=CARTESIAN_POINT('Ctrl Pts',(15.6971672559796,9.09993902569823,5.40115380224695));
#3033=CARTESIAN_POINT('Ctrl Pts',(16.8581295292433,3.63804095893298,5.40115380224695));
#3034=CARTESIAN_POINT('Ctrl Pts',(15.7739746688262,9.11626494528367,5.35419623836458));
#3035=CARTESIAN_POINT('Ctrl Pts',(16.9349369420899,3.65436687851842,5.35419623836458));
#3036=CARTESIAN_POINT('Ctrl Pts',(15.8398535543354,9.13026793467416,5.30800986336659));
#3037=CARTESIAN_POINT('Ctrl Pts',(17.0008158275992,3.66836986790892,5.30800986336659));
#3038=CARTESIAN_POINT('Ctrl Pts',(15.8940486569537,9.14178745934607,5.26329110064774));
#3039=CARTESIAN_POINT('Ctrl Pts',(17.0550109302175,3.67988939258083,5.26329110064774));
#3040=CARTESIAN_POINT('Ctrl Pts',(15.9280104156302,9.14900625399861,5.2289827729466));
#3041=CARTESIAN_POINT('Ctrl Pts',(17.088972688894,3.68710818723337,5.2289827729466));
#3042=CARTESIAN_POINT('Ctrl Pts',(15.9484155673699,9.15334350289275,5.20408032330184));
#3043=CARTESIAN_POINT('Ctrl Pts',(17.1093778406336,3.6914454361275,5.20408032330184));
#3044=CARTESIAN_POINT('Ctrl Pts',(15.9597992039191,9.15576316953696,5.18784337689344));
#3045=CARTESIAN_POINT('Ctrl Pts',(17.1207614771829,3.69386510277171,5.18784337689344));
#3046=CARTESIAN_POINT('Ctrl Pts',(15.9649363433015,9.1568551022209,5.17981594070737));
#3047=CARTESIAN_POINT('Ctrl Pts',(17.1258986165653,3.69495703545565,5.17981594070737));
#3048=CARTESIAN_POINT('',(15.2518753623699,9.00528931185303,5.59999987483025));
#3049=CARTESIAN_POINT('',(15.269323336136,8.92320304912372,5.59999987483025));
#3050=CARTESIAN_POINT('',(15.9811111532005,9.08075860455503,5.17981594070736));
#3051=CARTESIAN_POINT('Ctrl Pts',(15.9811111532005,9.08075860455504,5.17981594070737));
#3052=CARTESIAN_POINT('Ctrl Pts',(15.9589836509568,9.07709098365097,5.21406384622011));
#3053=CARTESIAN_POINT('Ctrl Pts',(15.9275748041069,9.07205072780407,5.24575961891729));
#3054=CARTESIAN_POINT('Ctrl Pts',(15.8176122198632,9.05543160165562,5.34039648515202));
#3055=CARTESIAN_POINT('Ctrl Pts',(15.7075889642244,9.04082421613152,5.40480708046849));
#3056=CARTESIAN_POINT('Ctrl Pts',(15.4864223141162,9.01872652805862,5.51335916386345));
#3057=CARTESIAN_POINT('Ctrl Pts',(15.3690639952095,9.01021313613803,5.56060046455559));
#3058=CARTESIAN_POINT('Ctrl Pts',(15.2518753623699,9.00528931185304,5.59999987483025));
#3059=CARTESIAN_POINT('',(15.9823843170676,9.07476883949159,5.17981594070737));
#3060=CARTESIAN_POINT('Ctrl Pts',(11.2726262900921,19.7017747353822,5.59999987483025));
#3061=CARTESIAN_POINT('Ctrl Pts',(7.12296494802414,23.4381465902466,5.59999987483025));
#3062=CARTESIAN_POINT('Ctrl Pts',(11.2600010560535,19.6877529924563,5.5935720062146));
#3063=CARTESIAN_POINT('Ctrl Pts',(7.11033971398555,23.4241248473207,5.5935720062146));
#3064=CARTESIAN_POINT('Ctrl Pts',(11.2348024136494,19.6597670648456,5.5804051692574));
#3065=CARTESIAN_POINT('Ctrl Pts',(7.08514107158147,23.39613891971,5.5804051692574));
#3066=CARTESIAN_POINT('Ctrl Pts',(11.1971591941682,19.6179600341913,5.55972113881702));
#3067=CARTESIAN_POINT('Ctrl Pts',(7.04749785210024,23.3543318890557,5.55972113881702));
#3068=CARTESIAN_POINT('Ctrl Pts',(11.1472891534254,19.5625737428273,5.53024827215879));
#3069=CARTESIAN_POINT('Ctrl Pts',(6.99762781135745,23.2989455976917,5.53024827215879));
#3070=CARTESIAN_POINT('Ctrl Pts',(11.0856963945391,19.4941680539853,5.49015705360758));
#3071=CARTESIAN_POINT('Ctrl Pts',(6.93603505247115,23.2305399088497,5.49015705360758));
#3072=CARTESIAN_POINT('Ctrl Pts',(11.0255476729536,19.4273661310415,5.44696581034255));
#3073=CARTESIAN_POINT('Ctrl Pts',(6.87588633088566,23.1637379859059,5.44696581034255));
#3074=CARTESIAN_POINT('Ctrl Pts',(10.9680112866364,19.3634655003396,5.40115380224695));
#3075=CARTESIAN_POINT('Ctrl Pts',(6.81834994456846,23.0998373552039,5.40115380224695));
#3076=CARTESIAN_POINT('Ctrl Pts',(10.915468919112,19.3051112894082,5.35419623836458));
#3077=CARTESIAN_POINT('Ctrl Pts',(6.76580757704403,23.0414831442726,5.35419623836458));
#3078=CARTESIAN_POINT('Ctrl Pts',(10.8704025318163,19.2550599956794,5.30800986336659));
#3079=CARTESIAN_POINT('Ctrl Pts',(6.72074118974832,22.9914318505438,5.30800986336659));
#3080=CARTESIAN_POINT('Ctrl Pts',(10.8333287795017,19.2138854223872,5.26329110064774));
#3081=CARTESIAN_POINT('Ctrl Pts',(6.68366743743375,22.9502572772516,5.26329110064774));
#3082=CARTESIAN_POINT('Ctrl Pts',(10.8100962406096,19.1880830739424,5.2289827729466));
#3083=CARTESIAN_POINT('Ctrl Pts',(6.6604348985417,22.9244549288068,5.2289827729466));
#3084=CARTESIAN_POINT('Ctrl Pts',(10.796137497015,19.1725803186149,5.20408032330184));
#3085=CARTESIAN_POINT('Ctrl Pts',(6.64647615494703,22.9089521734793,5.20408032330184));
#3086=CARTESIAN_POINT('Ctrl Pts',(10.7883501859578,19.1639316334979,5.18784337689344));
#3087=CARTESIAN_POINT('Ctrl Pts',(6.63868884388981,22.9003034883623,5.18784337689344));
#3088=CARTESIAN_POINT('Ctrl Pts',(10.784835974823,19.1600287066319,5.17981594070737));
#3089=CARTESIAN_POINT('Ctrl Pts',(6.63517463275511,22.8964005614963,5.17981594070737));
#3090=CARTESIAN_POINT('',(11.2726262900921,19.7017747353822,5.59999987483025));
#3091=CARTESIAN_POINT('',(11.2102614881498,19.7579282552729,5.59999987483025));
#3092=CARTESIAN_POINT('',(10.7270218796549,19.2120847517388,5.17981594070736));
#3093=CARTESIAN_POINT('Ctrl Pts',(10.7270218796549,19.2120847517388,5.17981594070737));
#3094=CARTESIAN_POINT('Ctrl Pts',(10.7427676315345,19.2280581388678,5.21406384621972));
#3095=CARTESIAN_POINT('Ctrl Pts',(10.7652153343549,19.2505974484736,5.24575961891661));
#3096=CARTESIAN_POINT('Ctrl Pts',(10.8444084564979,19.3286769892823,5.34039648515226));
#3097=CARTESIAN_POINT('Ctrl Pts',(10.9248331343013,19.4051646594889,5.4048070804688));
#3098=CARTESIAN_POINT('Ctrl Pts',(11.0907720176663,19.5530405599067,5.5133591638625));
#3099=CARTESIAN_POINT('Ctrl Pts',(11.180712845876,19.6289095277382,5.56060046455518));
#3100=CARTESIAN_POINT('Ctrl Pts',(11.2726262900921,19.7017747353822,5.59999987483025));
#3101=CARTESIAN_POINT('',(10.7224711728808,19.2161822265226,5.17981594070737));
#3102=CARTESIAN_POINT('Ctrl Pts',(17.6683682049295,9.62600614873702,5.59999987483025));
#3103=CARTESIAN_POINT('Ctrl Pts',(20.9505141006623,5.10851987750168,5.59999987483025));
#3104=CARTESIAN_POINT('Ctrl Pts',(17.683632831593,9.63709654918217,5.5935720062146));
#3105=CARTESIAN_POINT('Ctrl Pts',(20.9657787273258,5.11961027794682,5.5935720062146));
#3106=CARTESIAN_POINT('Ctrl Pts',(17.7140994247309,9.65923182478032,5.5804051692574));
#3107=CARTESIAN_POINT('Ctrl Pts',(20.9962453204638,5.14174555354497,5.5804051692574));
#3108=CARTESIAN_POINT('Ctrl Pts',(17.7596122199818,9.69229880609847,5.55972113881702));
#3109=CARTESIAN_POINT('Ctrl Pts',(21.0417581157146,5.17481253486313,5.55972113881702));
#3110=CARTESIAN_POINT('Ctrl Pts',(17.8199079381685,9.73610620961772,5.53024827215879));
#3111=CARTESIAN_POINT('Ctrl Pts',(21.1020538339013,5.21861993838237,5.53024827215879));
#3112=CARTESIAN_POINT('Ctrl Pts',(17.8943770899243,9.79021121539286,5.49015705360758));
#3113=CARTESIAN_POINT('Ctrl Pts',(21.1765229856572,5.27272494415751,5.49015705360758));
#3114=CARTESIAN_POINT('Ctrl Pts',(17.9671003183795,9.84304773363941,5.44696581034255));
#3115=CARTESIAN_POINT('Ctrl Pts',(21.2492462141124,5.32556146240406,5.44696581034255));
#3116=CARTESIAN_POINT('Ctrl Pts',(18.0366650847842,9.89358949488312,5.40115380224695));
#3117=CARTESIAN_POINT('Ctrl Pts',(21.318810980517,5.37610322364777,5.40115380224695));
#3118=CARTESIAN_POINT('Ctrl Pts',(18.1001917981761,9.93974435382679,5.35419623836458));
#3119=CARTESIAN_POINT('Ctrl Pts',(21.382337693909,5.42225808259145,5.35419623836458));
#3120=CARTESIAN_POINT('Ctrl Pts',(18.1546796258899,9.9793320779195,5.30800986336659));
#3121=CARTESIAN_POINT('Ctrl Pts',(21.4368255216228,5.46184580668415,5.30800986336659));
#3122=CARTESIAN_POINT('Ctrl Pts',(18.1995039029185,10.0118988214679,5.26329110064774));
#3123=CARTESIAN_POINT('Ctrl Pts',(21.4816497986514,5.49441255023252,5.26329110064774));
#3124=CARTESIAN_POINT('Ctrl Pts',(18.227593364987,10.0323070102494,5.2289827729466));
#3125=CARTESIAN_POINT('Ctrl Pts',(21.5097392607198,5.51482073901403,5.2289827729466));
#3126=CARTESIAN_POINT('Ctrl Pts',(18.2444702806158,10.0445688071953,5.20408032330184));
#3127=CARTESIAN_POINT('Ctrl Pts',(21.5266161763487,5.52708253595996,5.20408032330184));
#3128=CARTESIAN_POINT('Ctrl Pts',(18.2538855829886,10.0514094247832,5.18784337689345));
#3129=CARTESIAN_POINT('Ctrl Pts',(21.5360314787215,5.53392315354784,5.18784337689345));
#3130=CARTESIAN_POINT('Ctrl Pts',(18.2581344643024,10.0544964177541,5.17981594070737));
#3131=CARTESIAN_POINT('Ctrl Pts',(21.5402803600352,5.53701014651871,5.17981594070737));
#3132=CARTESIAN_POINT('',(17.6683682049295,9.62600614873702,5.59999987483025));
#3133=CARTESIAN_POINT('',(17.7176952130537,9.55811334656389,5.59999987483025));
#3134=CARTESIAN_POINT('',(18.3038621224243,9.99155769584958,5.17981594070736));
#3135=CARTESIAN_POINT('Ctrl Pts',(18.3038621224243,9.99155769584959,5.17981594070737));
#3136=CARTESIAN_POINT('Ctrl Pts',(18.2851393990751,9.97920709145007,5.21406384622004));
#3137=CARTESIAN_POINT('Ctrl Pts',(18.2584960464493,9.96182745968533,5.245759618917));
#3138=CARTESIAN_POINT('Ctrl Pts',(18.1647998346775,9.90191932009947,5.34039648515761));
#3139=CARTESIAN_POINT('Ctrl Pts',(18.070229948199,9.84382431974355,5.40480708047569));
#3140=CARTESIAN_POINT('Ctrl Pts',(17.8771720990872,9.73368049636073,5.51335916386444));
#3141=CARTESIAN_POINT('Ctrl Pts',(17.7734226483853,9.67816919717396,5.56060046455608));
#3142=CARTESIAN_POINT('Ctrl Pts',(17.6683682049295,9.62600614873702,5.59999987483025));
#3143=CARTESIAN_POINT('',(18.3074614724266,9.98660361558092,5.17981594070737));
#3144=CARTESIAN_POINT('Ctrl Pts',(19.6234759821408,11.175935382354,5.59999987483025));
#3145=CARTESIAN_POINT('Ctrl Pts',(24.4592926576111,8.38397532301956,5.59999987483025));
#3146=CARTESIAN_POINT('Ctrl Pts',(19.6329100402444,11.192275650311,5.5935720062146));
#3147=CARTESIAN_POINT('Ctrl Pts',(24.4687267157147,8.40031559097657,5.5935720062146));
#3148=CARTESIAN_POINT('Ctrl Pts',(19.6517394303251,11.2248891106063,5.5804051692574));
#3149=CARTESIAN_POINT('Ctrl Pts',(24.4875561057954,8.43292905127181,5.5804051692574));
#3150=CARTESIAN_POINT('Ctrl Pts',(19.6798678847131,11.2736090227448,5.55972113881702));
#3151=CARTESIAN_POINT('Ctrl Pts',(24.5156845601834,8.4816489634103,5.55972113881702));
#3152=CARTESIAN_POINT('Ctrl Pts',(19.7171326879286,11.338153555248,5.53024827215879));
#3153=CARTESIAN_POINT('Ctrl Pts',(24.5529493633989,8.54619349591351,5.53024827215879));
#3154=CARTESIAN_POINT('Ctrl Pts',(19.7631571548271,11.4178702703075,5.49015705360758));
#3155=CARTESIAN_POINT('Ctrl Pts',(24.5989738302974,8.62591021097301,5.49015705360758));
#3156=CARTESIAN_POINT('Ctrl Pts',(19.808102581784,11.4957180333648,5.44696581034255));
#3157=CARTESIAN_POINT('Ctrl Pts',(24.6439192572543,8.70375797403029,5.44696581034255));
#3158=CARTESIAN_POINT('Ctrl Pts',(19.8510959718415,11.570184769334,5.40115380224695));
#3159=CARTESIAN_POINT('Ctrl Pts',(24.6869126473118,8.77822470999951,5.40115380224695));
#3160=CARTESIAN_POINT('Ctrl Pts',(19.8903576399113,11.6381879732208,5.35419623836458));
#3161=CARTESIAN_POINT('Ctrl Pts',(24.7261743153816,8.84622791388632,5.35419623836458));
#3162=CARTESIAN_POINT('Ctrl Pts',(19.9240329694116,11.6965153548769,5.30800986336659));
#3163=CARTESIAN_POINT('Ctrl Pts',(24.7598496448819,8.90455529554243,5.30800986336659));
#3164=CARTESIAN_POINT('Ctrl Pts',(19.9517358961364,11.7444982314826,5.26329110064774));
#3165=CARTESIAN_POINT('Ctrl Pts',(24.7875525716067,8.95253817214815,5.26329110064774));
#3166=CARTESIAN_POINT('Ctrl Pts',(19.9690961384204,11.7745670531502,5.2289827729466));
#3167=CARTESIAN_POINT('Ctrl Pts',(24.8049128138907,8.98260699381574,5.2289827729466));
#3168=CARTESIAN_POINT('Ctrl Pts',(19.9795266459043,11.7926332220611,5.20408032330184));
#3169=CARTESIAN_POINT('Ctrl Pts',(24.8153433213746,9.0006731627266,5.20408032330184));
#3170=CARTESIAN_POINT('Ctrl Pts',(19.9853456227851,11.8027119856666,5.18784337689344));
#3171=CARTESIAN_POINT('Ctrl Pts',(24.8211622982554,9.01075192633213,5.18784337689344));
#3172=CARTESIAN_POINT('Ctrl Pts',(19.9879715758511,11.8072602697953,5.17981594070737));
#3173=CARTESIAN_POINT('Ctrl Pts',(24.8237882513214,9.01530021046081,5.17981594070737));
#3174=CARTESIAN_POINT('',(19.6234759821408,11.175935382354,5.59999987483025));
#3175=CARTESIAN_POINT('',(19.6961529367967,11.1339753230196,5.59999987483025));
#3176=CARTESIAN_POINT('',(20.0553453546839,11.7683620004498,5.17981594070736));
#3177=CARTESIAN_POINT('Ctrl Pts',(20.0553453546839,11.7683620004498,5.17981594070737));
#3178=CARTESIAN_POINT('Ctrl Pts',(20.0432647391871,11.7494639442573,5.21406384621997));
#3179=CARTESIAN_POINT('Ctrl Pts',(20.0259937585012,11.7227500327957,5.24575961891702));
#3180=CARTESIAN_POINT('Ctrl Pts',(19.9647648454301,11.6299115413613,5.34039648515256));
#3181=CARTESIAN_POINT('Ctrl Pts',(19.9020003206363,11.5383740795174,5.40480708046919));
#3182=CARTESIAN_POINT('Ctrl Pts',(19.7704327284907,11.3592289885036,5.51335916386319));
#3183=CARTESIAN_POINT('Ctrl Pts',(19.6982313685523,11.2663181899832,5.56060046455548));
#3184=CARTESIAN_POINT('Ctrl Pts',(19.6234759821408,11.175935382354,5.59999987483025));
#3185=CARTESIAN_POINT('',(20.060648530507,11.7653002104608,5.17981594070737));
#3186=CARTESIAN_POINT('Ctrl Pts',(20.7791427977275,13.3870801675466,5.59999987483025));
#3187=CARTESIAN_POINT('Ctrl Pts',(26.3324736177311,12.8034015785328,5.59999987483025));
#3188=CARTESIAN_POINT('Ctrl Pts',(20.7811150529194,13.4058449222391,5.5935720062146));
#3189=CARTESIAN_POINT('Ctrl Pts',(26.334445872923,12.8221663332253,5.5935720062146));
#3190=CARTESIAN_POINT('Ctrl Pts',(20.7850514673382,13.4432974036624,5.5804051692574));
#3191=CARTESIAN_POINT('Ctrl Pts',(26.3383822873418,12.8596188146486,5.5804051692574));
#3192=CARTESIAN_POINT('Ctrl Pts',(20.7909319155607,13.4992461312059,5.55972113881702));
#3193=CARTESIAN_POINT('Ctrl Pts',(26.3442627355644,12.9155675421921,5.55972113881702));
#3194=CARTESIAN_POINT('Ctrl Pts',(20.7987223807889,13.5733674566546,5.53024827215879));
#3195=CARTESIAN_POINT('Ctrl Pts',(26.3520532007925,12.9896888676408,5.53024827215879));
#3196=CARTESIAN_POINT('Ctrl Pts',(20.8083441143841,13.6649121367611,5.49015705360758));
#3197=CARTESIAN_POINT('Ctrl Pts',(26.3616749343878,13.0812335477473,5.49015705360758));
#3198=CARTESIAN_POINT('Ctrl Pts',(20.8177402672055,13.7543105591718,5.44696581034255));
#3199=CARTESIAN_POINT('Ctrl Pts',(26.3710710872092,13.170631970158,5.44696581034255));
#3200=CARTESIAN_POINT('Ctrl Pts',(20.8267283331923,13.8398262947084,5.40115380224695));
#3201=CARTESIAN_POINT('Ctrl Pts',(26.380059153196,13.2561477056946,5.40115380224695));
#3202=CARTESIAN_POINT('Ctrl Pts',(20.8349362568496,13.9179194717966,5.35419623836458));
#3203=CARTESIAN_POINT('Ctrl Pts',(26.3882670768533,13.3342408827828,5.35419623836458));
#3204=CARTESIAN_POINT('Ctrl Pts',(20.841976317735,13.9849011768401,5.30800986336659));
#3205=CARTESIAN_POINT('Ctrl Pts',(26.3953071377387,13.4012225878263,5.30800986336659));
#3206=CARTESIAN_POINT('Ctrl Pts',(20.8477678064521,14.0400035112273,5.26329110064774));
#3207=CARTESIAN_POINT('Ctrl Pts',(26.4010986264558,13.4563249222135,5.26329110064774));
#3208=CARTESIAN_POINT('Ctrl Pts',(20.8513970853479,14.074533793348,5.2289827729466));
#3209=CARTESIAN_POINT('Ctrl Pts',(26.4047279053516,13.4908552043342,5.2289827729466));
#3210=CARTESIAN_POINT('Ctrl Pts',(20.8535776551847,14.0952805294931,5.20408032330184));
#3211=CARTESIAN_POINT('Ctrl Pts',(26.4069084751884,13.5116019404793,5.20408032330184));
#3212=CARTESIAN_POINT('Ctrl Pts',(20.854794152607,14.1068547293262,5.18784337689344));
#3213=CARTESIAN_POINT('Ctrl Pts',(26.4081249726107,13.5231761403124,5.18784337689344));
#3214=CARTESIAN_POINT('Ctrl Pts',(20.8553431262842,14.112077864967,5.17981594070737));
#3215=CARTESIAN_POINT('Ctrl Pts',(26.4086739462879,13.5283992759532,5.17981594070737));
#3216=CARTESIAN_POINT('',(20.7791427977275,13.3870801675466,5.59999987483025));
#3217=CARTESIAN_POINT('',(20.8626031932056,13.3783081265049,5.59999987483025));
#3218=CARTESIAN_POINT('',(20.9327134873961,14.1039459123301,5.17981594070736));
#3219=CARTESIAN_POINT('Ctrl Pts',(20.9327134873961,14.1039459123301,5.17981594070737));
#3220=CARTESIAN_POINT('Ctrl Pts',(20.9293638279199,14.0817680499437,5.21406384621994));
#3221=CARTESIAN_POINT('Ctrl Pts',(20.9244515286366,14.0503389367651,5.24575961891714));
#3222=CARTESIAN_POINT('Ctrl Pts',(20.9062769495786,13.9406227120604,5.3403964851516));
#3223=CARTESIAN_POINT('Ctrl Pts',(20.8861703429984,13.8314704474709,5.40480708046785));
#3224=CARTESIAN_POINT('Ctrl Pts',(20.8388422397636,13.6142999025503,5.51335916386191));
#3225=CARTESIAN_POINT('Ctrl Pts',(20.8106732416517,13.5000547258278,5.56060046455488));
#3226=CARTESIAN_POINT('Ctrl Pts',(20.7791427977275,13.3870801675466,5.59999987483025));
#3227=CARTESIAN_POINT('',(20.9388035217624,14.1033058239253,5.17981594070737));
#3228=CARTESIAN_POINT('Ctrl Pts',(20.0656345919363,18.2154859481776,5.59999987483025));
#3229=CARTESIAN_POINT('Ctrl Pts',(24.2152959340042,21.951857803042,5.59999987483025));
#3230=CARTESIAN_POINT('Ctrl Pts',(20.0530093578977,18.2295076911035,5.5935720062146));
#3231=CARTESIAN_POINT('Ctrl Pts',(24.2026706999656,21.9658795459679,5.5935720062146));
#3232=CARTESIAN_POINT('Ctrl Pts',(20.0278107154936,18.2574936187142,5.5804051692574));
#3233=CARTESIAN_POINT('Ctrl Pts',(24.1774720575616,21.9938654735786,5.5804051692574));
#3234=CARTESIAN_POINT('Ctrl Pts',(19.9901674960124,18.2993006493685,5.55972113881702));
#3235=CARTESIAN_POINT('Ctrl Pts',(24.1398288380803,22.0356725042329,5.55972113881702));
#3236=CARTESIAN_POINT('Ctrl Pts',(19.9402974552696,18.3546869407325,5.53024827215879));
#3237=CARTESIAN_POINT('Ctrl Pts',(24.0899587973375,22.0910587955969,5.53024827215879));
#3238=CARTESIAN_POINT('Ctrl Pts',(19.8787046963833,18.4230926295745,5.49015705360758));
#3239=CARTESIAN_POINT('Ctrl Pts',(24.0283660384512,22.1594644844389,5.49015705360758));
#3240=CARTESIAN_POINT('Ctrl Pts',(19.8185559747978,18.4898945525183,5.44696581034255));
#3241=CARTESIAN_POINT('Ctrl Pts',(23.9682173168657,22.2262664073827,5.44696581034255));
#3242=CARTESIAN_POINT('Ctrl Pts',(19.7610195884806,18.5537951832203,5.40115380224695));
#3243=CARTESIAN_POINT('Ctrl Pts',(23.9106809305485,22.2901670380846,5.40115380224695));
#3244=CARTESIAN_POINT('Ctrl Pts',(19.7084772209562,18.6121493941516,5.35419623836458));
#3245=CARTESIAN_POINT('Ctrl Pts',(23.8581385630241,22.348521249016,5.35419623836458));
#3246=CARTESIAN_POINT('Ctrl Pts',(19.6634108336605,18.6622006878804,5.30800986336659));
#3247=CARTESIAN_POINT('Ctrl Pts',(23.8130721757284,22.3985725427448,5.30800986336659));
#3248=CARTESIAN_POINT('Ctrl Pts',(19.6263370813459,18.7033752611726,5.26329110064774));
#3249=CARTESIAN_POINT('Ctrl Pts',(23.7759984234138,22.439747116037,5.26329110064774));
#3250=CARTESIAN_POINT('Ctrl Pts',(19.6031045424538,18.7291776096174,5.2289827729466));
#3251=CARTESIAN_POINT('Ctrl Pts',(23.7527658845218,22.4655494644818,5.2289827729466));
#3252=CARTESIAN_POINT('Ctrl Pts',(19.5891457988592,18.7446803649449,5.20408032330184));
#3253=CARTESIAN_POINT('Ctrl Pts',(23.7388071409271,22.4810522198093,5.20408032330184));
#3254=CARTESIAN_POINT('Ctrl Pts',(19.581358487802,18.7533290500619,5.18784337689345));
#3255=CARTESIAN_POINT('Ctrl Pts',(23.7310198298699,22.4897009049263,5.18784337689345));
#3256=CARTESIAN_POINT('Ctrl Pts',(19.5778442766672,18.7572319769279,5.17981594070737));
#3257=CARTESIAN_POINT('Ctrl Pts',(23.7275056187352,22.4936038317923,5.17981594070737));
#3258=CARTESIAN_POINT('',(20.0656345919363,18.2154859481776,5.59999987483025));
#3259=CARTESIAN_POINT('',(20.1279993938785,18.2716394680683,5.59999987483025));
#3260=CARTESIAN_POINT('',(19.6356583718354,18.8092880220347,5.17981594070736));
#3261=CARTESIAN_POINT('Ctrl Pts',(19.6356583718354,18.8092880220347,5.17981594070737));
#3262=CARTESIAN_POINT('Ctrl Pts',(19.6498983758316,18.7919588534215,5.21406384621987));
#3263=CARTESIAN_POINT('Ctrl Pts',(19.6699677888614,18.7672781220695,5.24575961891695));
#3264=CARTESIAN_POINT('Ctrl Pts',(19.7393416664161,18.6803572937234,5.34039648515132));
#3265=CARTESIAN_POINT('Ctrl Pts',(19.8070036611819,18.5923780520956,5.40480708046752));
#3266=CARTESIAN_POINT('Ctrl Pts',(19.9367241454715,18.4118909586695,5.51335916386238));
#3267=CARTESIAN_POINT('Ctrl Pts',(20.0027761186015,18.3145123691097,5.56060046455532));
#3268=CARTESIAN_POINT('Ctrl Pts',(20.0656345919363,18.2154859481776,5.59999987483025));
#3269=CARTESIAN_POINT('',(19.6402090786095,18.8133854968186,5.17981594070737));
#3270=CARTESIAN_POINT('Ctrl Pts',(20.9355433603712,15.8771134833353,5.59999987483025));
#3271=CARTESIAN_POINT('Ctrl Pts',(26.2461669757029,17.6026396952362,5.59999987483025));
#3272=CARTESIAN_POINT('Ctrl Pts',(20.9297127918113,15.8950581282044,5.5935720062146));
#3273=CARTESIAN_POINT('Ctrl Pts',(26.240336407143,17.6205843401053,5.5935720062146));
#3274=CARTESIAN_POINT('Ctrl Pts',(20.918075588754,15.9308737564725,5.5804051692574));
#3275=CARTESIAN_POINT('Ctrl Pts',(26.2286992040857,17.6563999683734,5.5804051692574));
#3276=CARTESIAN_POINT('Ctrl Pts',(20.9006912478912,15.9843772561507,5.55972113881702));
#3277=CARTESIAN_POINT('Ctrl Pts',(26.2113148632229,17.7099034680516,5.55972113881702));
#3278=CARTESIAN_POINT('Ctrl Pts',(20.87766033292,16.0552591240037,5.53024827215879));
#3279=CARTESIAN_POINT('Ctrl Pts',(26.1882839482517,17.7807853359046,5.53024827215879));
#3280=CARTESIAN_POINT('Ctrl Pts',(20.8492156480626,16.1428028623094,5.49015705360758));
#3281=CARTESIAN_POINT('Ctrl Pts',(26.1598392633943,17.8683290742103,5.49015705360758));
#3282=CARTESIAN_POINT('Ctrl Pts',(20.8214378465643,16.2282941446795,5.44696581034255));
#3283=CARTESIAN_POINT('Ctrl Pts',(26.132061461896,17.9538203565804,5.44696581034255));
#3284=CARTESIAN_POINT('Ctrl Pts',(20.7948664702172,16.3100724322231,5.40115380224695));
#3285=CARTESIAN_POINT('Ctrl Pts',(26.1054900855489,18.035598644124,5.40115380224695));
#3286=CARTESIAN_POINT('Ctrl Pts',(20.7706014248951,16.3847525627399,5.35419623836458));
#3287=CARTESIAN_POINT('Ctrl Pts',(26.0812250402268,18.1102787746408,5.35419623836458));
#3288=CARTESIAN_POINT('Ctrl Pts',(20.7497889266815,16.4488068458592,5.30800986336659));
#3289=CARTESIAN_POINT('Ctrl Pts',(26.0604125420132,18.1743330577601,5.30800986336659));
#3290=CARTESIAN_POINT('Ctrl Pts',(20.7326675763778,16.5015009438233,5.26329110064774));
#3291=CARTESIAN_POINT('Ctrl Pts',(26.0432911917095,18.2270271557242,5.26329110064774));
#3292=CARTESIAN_POINT('Ctrl Pts',(20.7219383565933,16.5345220869206,5.2289827729466));
#3293=CARTESIAN_POINT('Ctrl Pts',(26.032561971925,18.2600482988215,5.2289827729466));
#3294=CARTESIAN_POINT('Ctrl Pts',(20.7154919484483,16.5543620911423,5.20408032330184));
#3295=CARTESIAN_POINT('Ctrl Pts',(26.02611556378,18.2798883030432,5.20408032330184));
#3296=CARTESIAN_POINT('Ctrl Pts',(20.7118956229563,16.5654304429035,5.18784337689344));
#3297=CARTESIAN_POINT('Ctrl Pts',(26.022519238288,18.2909566548044,5.18784337689344));
#3298=CARTESIAN_POINT('Ctrl Pts',(20.7102726947086,16.5704253024534,5.17981594070737));
#3299=CARTESIAN_POINT('Ctrl Pts',(26.0208963100403,18.2959515143543,5.17981594070737));
#3300=CARTESIAN_POINT('',(20.9355433603712,15.8771134833353,5.59999987483025));
#3301=CARTESIAN_POINT('',(21.0153561360795,15.903046226174,5.59999987483025));
#3302=CARTESIAN_POINT('',(20.7842615997758,16.5944657550125,5.17981594070736));
#3303=CARTESIAN_POINT('Ctrl Pts',(20.7842615997758,16.5944657550125,5.17981594070737));
#3304=CARTESIAN_POINT('Ctrl Pts',(20.7902220828742,16.5728428403186,5.21406384621949));
#3305=CARTESIAN_POINT('Ctrl Pts',(20.7985178461662,16.5421329046168,5.24575961891629));
#3306=CARTESIAN_POINT('Ctrl Pts',(20.8265401509517,16.4345098786286,5.34039648515478));
#3307=CARTESIAN_POINT('Ctrl Pts',(20.8525680775258,16.3266162294523,5.40480708047189));
#3308=CARTESIAN_POINT('Ctrl Pts',(20.8976629222107,16.108970990784,5.51335916386107));
#3309=CARTESIAN_POINT('Ctrl Pts',(20.9183969616072,15.9931454647999,5.56060046455448));
#3310=CARTESIAN_POINT('Ctrl Pts',(20.9355433603712,15.8771134833353,5.59999987483025));
#3311=CARTESIAN_POINT('',(20.790085470417,16.5963580452921,5.17981594070737));
#3312=CARTESIAN_POINT('Ctrl Pts',(18.3198316213583,19.9978717194555,5.59999987483025));
#3313=CARTESIAN_POINT('Ctrl Pts',(20.5910165456291,25.0990365797046,5.59999987483025));
#3314=CARTESIAN_POINT('Ctrl Pts',(18.3025947395029,20.0055460737028,5.5935720062146));
#3315=CARTESIAN_POINT('Ctrl Pts',(20.5737796637737,25.1067109339519,5.5935720062146));
#3316=CARTESIAN_POINT('Ctrl Pts',(18.2681917319461,20.0208632795279,5.5804051692574));
#3317=CARTESIAN_POINT('Ctrl Pts',(20.539376656217,25.1220281397771,5.5804051692574));
#3318=CARTESIAN_POINT('Ctrl Pts',(18.2167984884727,20.0437450257533,5.55972113881702));
#3319=CARTESIAN_POINT('Ctrl Pts',(20.4879834127436,25.1449098860025,5.55972113881702));
#3320=CARTESIAN_POINT('Ctrl Pts',(18.1487123050579,20.0740589476828,5.53024827215879));
#3321=CARTESIAN_POINT('Ctrl Pts',(20.4198972293287,25.1752238079319,5.53024827215879));
#3322=CARTESIAN_POINT('Ctrl Pts',(18.0646214197068,20.1114986220141,5.49015705360758));
#3323=CARTESIAN_POINT('Ctrl Pts',(20.3358063439776,25.2126634822632,5.49015705360758));
#3324=CARTESIAN_POINT('Ctrl Pts',(17.9825020384301,20.1480605261782,5.44696581034255));
#3325=CARTESIAN_POINT('Ctrl Pts',(20.253686962701,25.2492253864274,5.44696581034255));
#3326=CARTESIAN_POINT('Ctrl Pts',(17.9039492060388,20.1830345004711,5.40115380224695));
#3327=CARTESIAN_POINT('Ctrl Pts',(20.1751341303096,25.2841993607202,5.40115380224695));
#3328=CARTESIAN_POINT('Ctrl Pts',(17.8322145689895,20.2149728186157,5.35419623836458));
#3329=CARTESIAN_POINT('Ctrl Pts',(20.1033994932603,25.3161376788648,5.35419623836458));
#3330=CARTESIAN_POINT('Ctrl Pts',(17.7706866803903,20.2423667995665,5.30800986336659));
#3331=CARTESIAN_POINT('Ctrl Pts',(20.0418716046611,25.3435316598156,5.30800986336659));
#3332=CARTESIAN_POINT('Ctrl Pts',(17.7200709146446,20.2649023904053,5.26329110064774));
#3333=CARTESIAN_POINT('Ctrl Pts',(19.9912558389154,25.3660672506545,5.26329110064774));
#3334=CARTESIAN_POINT('Ctrl Pts',(17.6883521736803,20.2790244837445,5.2289827729466));
#3335=CARTESIAN_POINT('Ctrl Pts',(19.9595370979512,25.3801893439936,5.2289827729466));
#3336=CARTESIAN_POINT('Ctrl Pts',(17.6692946882147,20.2875094229436,5.20408032330184));
#3337=CARTESIAN_POINT('Ctrl Pts',(19.9404796124855,25.3886742831928,5.20408032330184));
#3338=CARTESIAN_POINT('Ctrl Pts',(17.6586628884196,20.2922430051889,5.18784337689344));
#3339=CARTESIAN_POINT('Ctrl Pts',(19.9298478126904,25.393407865438,5.18784337689344));
#3340=CARTESIAN_POINT('Ctrl Pts',(17.6538650334287,20.2943791478588,5.17981594070737));
#3341=CARTESIAN_POINT('Ctrl Pts',(19.9250499576995,25.3955440081079,5.17981594070737));
#3342=CARTESIAN_POINT('',(18.3198316213583,19.9978717194555,5.59999987483025));
#3343=CARTESIAN_POINT('',(18.3539650087122,20.0745365626703,5.59999987483025));
#3344=CARTESIAN_POINT('',(17.6855077364187,20.3654498224001,5.17981594070736));
#3345=CARTESIAN_POINT('Ctrl Pts',(17.6855077364187,20.3654498224001,5.17981594070737));
#3346=CARTESIAN_POINT('Ctrl Pts',(17.7055650352553,20.3554107705515,5.21406384622007));
#3347=CARTESIAN_POINT('Ctrl Pts',(17.7339379141853,20.3410267662178,5.24575961891731));
#3348=CARTESIAN_POINT('Ctrl Pts',(17.8326679908369,20.2898375363826,5.34039648514927));
#3349=CARTESIAN_POINT('Ctrl Pts',(17.9302646802076,20.2369851124434,5.40480708046497));
#3350=CARTESIAN_POINT('Ctrl Pts',(18.1221809538986,20.1248640223951,5.51335916386316));
#3351=CARTESIAN_POINT('Ctrl Pts',(18.2221298745438,20.0627700120511,5.56060046455554));
#3352=CARTESIAN_POINT('Ctrl Pts',(18.3198316213583,19.9978717194555,5.59999987483025));
#3353=CARTESIAN_POINT('',(17.6879984207826,20.3710439910736,5.17981594070737));
#3354=CARTESIAN_POINT('Ctrl Pts',(9.37652504603933,12.9079851833497,5.59999987483025));
#3355=CARTESIAN_POINT('Ctrl Pts',(4.54070837056902,10.1160251240153,5.59999987483025));
#3356=CARTESIAN_POINT('Ctrl Pts',(9.38595910414294,12.8916449153927,5.5935720062146));
#3357=CARTESIAN_POINT('Ctrl Pts',(4.55014242867263,10.0996848560583,5.5935720062146));
#3358=CARTESIAN_POINT('Ctrl Pts',(9.40478849422361,12.8590314550975,5.5804051692574));
#3359=CARTESIAN_POINT('Ctrl Pts',(4.56897181875329,10.067071395763,5.5804051692574));
#3360=CARTESIAN_POINT('Ctrl Pts',(9.43291694861166,12.810311542959,5.55972113881702));
#3361=CARTESIAN_POINT('Ctrl Pts',(4.59710027314134,10.0183514836245,5.55972113881702));
#3362=CARTESIAN_POINT('Ctrl Pts',(9.47018175182711,12.7457670104558,5.53024827215879));
#3363=CARTESIAN_POINT('Ctrl Pts',(4.63436507635679,9.95380695112132,5.53024827215879));
#3364=CARTESIAN_POINT('Ctrl Pts',(9.51620621872562,12.6660502953963,5.49015705360758));
#3365=CARTESIAN_POINT('Ctrl Pts',(4.6803895432553,9.87409023606182,5.49015705360758));
#3366=CARTESIAN_POINT('Ctrl Pts',(9.56115164568256,12.588202532339,5.44696581034255));
#3367=CARTESIAN_POINT('Ctrl Pts',(4.72533497021224,9.79624247300454,5.44696581034255));
#3368=CARTESIAN_POINT('Ctrl Pts',(9.60414503574005,12.5137357963698,5.40115380224695));
#3369=CARTESIAN_POINT('Ctrl Pts',(4.76832836026974,9.72177573703532,5.40115380224695));
#3370=CARTESIAN_POINT('Ctrl Pts',(9.64340670380987,12.445732592483,5.35419623836458));
#3371=CARTESIAN_POINT('Ctrl Pts',(4.80759002833955,9.6537725331485,5.35419623836458));
#3372=CARTESIAN_POINT('Ctrl Pts',(9.67708203331014,12.3874052108269,5.30800986336659));
#3373=CARTESIAN_POINT('Ctrl Pts',(4.84126535783983,9.5954451514924,5.30800986336659));
#3374=CARTESIAN_POINT('Ctrl Pts',(9.70478496003495,12.3394223342211,5.26329110064774));
#3375=CARTESIAN_POINT('Ctrl Pts',(4.86896828456463,9.54746227488667,5.26329110064774));
#3376=CARTESIAN_POINT('Ctrl Pts',(9.72214520231894,12.3093535125536,5.2289827729466));
#3377=CARTESIAN_POINT('Ctrl Pts',(4.88632852684863,9.51739345321909,5.2289827729466));
#3378=CARTESIAN_POINT('Ctrl Pts',(9.73257570980285,12.2912873436427,5.20408032330184));
#3379=CARTESIAN_POINT('Ctrl Pts',(4.89675903433253,9.49932728430823,5.20408032330184));
#3380=CARTESIAN_POINT('Ctrl Pts',(9.73839468668361,12.2812085800372,5.18784337689344));
#3381=CARTESIAN_POINT('Ctrl Pts',(4.90257801121329,9.4892485207027,5.18784337689344));
#3382=CARTESIAN_POINT('Ctrl Pts',(9.74102063974965,12.2766602959085,5.17981594070737));
#3383=CARTESIAN_POINT('Ctrl Pts',(4.90520396427933,9.48470023657402,5.17981594070737));
#3384=CARTESIAN_POINT('',(9.37652504603933,12.9079851833497,5.59999987483025));
#3385=CARTESIAN_POINT('',(9.30384809138343,12.8660251240153,5.59999987483025));
#3386=CARTESIAN_POINT('',(9.67364686091686,12.2377620265631,5.17981594070736));
#3387=CARTESIAN_POINT('Ctrl Pts',(9.67364686091686,12.2377620265631,5.17981594070737));
#3388=CARTESIAN_POINT('Ctrl Pts',(9.66332097192037,12.257673174573,5.21406384622008));
#3389=CARTESIAN_POINT('Ctrl Pts',(9.64882153630299,12.2859872383263,5.24575961891735));
#3390=CARTESIAN_POINT('Ctrl Pts',(9.59903550080731,12.3854322782091,5.34039648515281));
#3391=CARTESIAN_POINT('Ctrl Pts',(9.55114399584935,12.4855566820592,5.40480708046938));
#3392=CARTESIAN_POINT('Ctrl Pts',(9.46178359214166,12.6890701046772,5.51335916386269));
#3393=CARTESIAN_POINT('Ctrl Pts',(9.41742116030596,12.7980537158325,5.56060046455529));
#3394=CARTESIAN_POINT('Ctrl Pts',(9.37652504603933,12.9079851833497,5.59999987483025));
#3395=CARTESIAN_POINT('',(9.66834368509375,12.234700236574,5.17981594070737));
#3396=CARTESIAN_POINT('Ctrl Pts',(10.7135991936683,10.8015759701447,5.59999987483025));
#3397=CARTESIAN_POINT('Ctrl Pts',(7.43145329793544,6.28408969890937,5.59999987483025));
#3398=CARTESIAN_POINT('Ctrl Pts',(10.7288638203318,10.7904855696996,5.5935720062146));
#3399=CARTESIAN_POINT('Ctrl Pts',(7.44671792459893,6.27299929846422,5.5935720062146));
#3400=CARTESIAN_POINT('Ctrl Pts',(10.7593304134697,10.7683502941014,5.5804051692574));
#3401=CARTESIAN_POINT('Ctrl Pts',(7.47718451773687,6.25086402286606,5.5804051692574));
#3402=CARTESIAN_POINT('Ctrl Pts',(10.8048432087206,10.7352833127833,5.55972113881702));
#3403=CARTESIAN_POINT('Ctrl Pts',(7.52269731298773,6.21779704154791,5.55972113881702));
#3404=CARTESIAN_POINT('Ctrl Pts',(10.8651389269072,10.691475909264,5.53024827215879));
#3405=CARTESIAN_POINT('Ctrl Pts',(7.5829930311744,6.17398963802867,5.53024827215879));
#3406=CARTESIAN_POINT('Ctrl Pts',(10.9396080786631,10.6373709034889,5.49015705360758));
#3407=CARTESIAN_POINT('Ctrl Pts',(7.6574621829303,6.11988463225352,5.49015705360758));
#3408=CARTESIAN_POINT('Ctrl Pts',(11.0123313071183,10.5845343852423,5.44696581034255));
#3409=CARTESIAN_POINT('Ctrl Pts',(7.73018541138549,6.06704811400698,5.44696581034255));
#3410=CARTESIAN_POINT('Ctrl Pts',(11.0818960735229,10.5339926239986,5.40115380224695));
#3411=CARTESIAN_POINT('Ctrl Pts',(7.79975017779011,6.01650635276327,5.40115380224695));
#3412=CARTESIAN_POINT('Ctrl Pts',(11.1454227869149,10.4878377650549,5.35419623836458));
#3413=CARTESIAN_POINT('Ctrl Pts',(7.86327689118208,5.97035149381959,5.35419623836458));
#3414=CARTESIAN_POINT('Ctrl Pts',(11.1999106146287,10.4482500409622,5.30800986336659));
#3415=CARTESIAN_POINT('Ctrl Pts',(7.91776471889588,5.93076376972689,5.30800986336659));
#3416=CARTESIAN_POINT('Ctrl Pts',(11.2447348916573,10.4156832974139,5.26329110064774));
#3417=CARTESIAN_POINT('Ctrl Pts',(7.96258899592447,5.89819702617852,5.26329110064774));
#3418=CARTESIAN_POINT('Ctrl Pts',(11.2728243537257,10.3952751086324,5.2289827729466));
#3419=CARTESIAN_POINT('Ctrl Pts',(7.9906784579929,5.87778883739701,5.2289827729466));
#3420=CARTESIAN_POINT('Ctrl Pts',(11.2897012693546,10.3830133116864,5.20408032330184));
#3421=CARTESIAN_POINT('Ctrl Pts',(8.00755537362178,5.86552704045108,5.20408032330184));
#3422=CARTESIAN_POINT('Ctrl Pts',(11.2991165717274,10.3761726940985,5.18784337689344));
#3423=CARTESIAN_POINT('Ctrl Pts',(8.01697067599458,5.8586864228632,5.18784337689344));
#3424=CARTESIAN_POINT('Ctrl Pts',(11.3033654530411,10.3730857011277,5.17981594070737));
#3425=CARTESIAN_POINT('Ctrl Pts',(8.0212195573083,5.85559942989233,5.17981594070737));
#3426=CARTESIAN_POINT('',(10.7135991936683,10.8015759701447,5.59999987483025));
#3427=CARTESIAN_POINT('',(10.664272185544,10.7336831679716,5.59999987483025));
#3428=CARTESIAN_POINT('',(11.2576377949192,10.3101469792232,5.17981594070736));
#3429=CARTESIAN_POINT('Ctrl Pts',(11.2576377949193,10.3101469792232,5.17981594070737));
#3430=CARTESIAN_POINT('Ctrl Pts',(11.2401060324291,10.3241368006169,5.21406384621993));
#3431=CARTESIAN_POINT('Ctrl Pts',(11.2153437716399,10.3441055331764,5.24575961891697));
#3432=CARTESIAN_POINT('Ctrl Pts',(11.1294140233649,10.414703292698,5.340396485154));
#3433=CARTESIAN_POINT('Ctrl Pts',(11.0449386926376,10.4866922570772,5.40480708047099));
#3434=CARTESIAN_POINT('Ctrl Pts',(10.8805275354026,10.6362648692497,5.513359163863));
#3435=CARTESIAN_POINT('Ctrl Pts',(10.7956728091581,10.7177825255741,5.56060046455532));
#3436=CARTESIAN_POINT('Ctrl Pts',(10.7135991936683,10.8015759701447,5.59999987483025));
#3437=CARTESIAN_POINT('',(11.2540384449169,10.3051928989545,5.17981594070737));
#3438=CARTESIAN_POINT('Ctrl Pts',(12.791831020089,9.42111245183476,5.59999987483025));
#3439=CARTESIAN_POINT('Ctrl Pts',(11.6308687468252,3.95921438506951,5.59999987483025));
#3440=CARTESIAN_POINT('Ctrl Pts',(12.8102868226875,9.41718954989157,5.5935720062146));
#3441=CARTESIAN_POINT('Ctrl Pts',(11.6493245494237,3.95529148312632,5.5935720062146));
#3442=CARTESIAN_POINT('Ctrl Pts',(12.8471226681488,9.40935984923409,5.5804051692574));
#3443=CARTESIAN_POINT('Ctrl Pts',(11.6861603948851,3.94746178246884,5.5804051692574));
#3444=CARTESIAN_POINT('Ctrl Pts',(12.9021502284929,9.39766338021027,5.55972113881702));
#3445=CARTESIAN_POINT('Ctrl Pts',(11.7411879552291,3.93576531344503,5.55972113881702));
#3446=CARTESIAN_POINT('Ctrl Pts',(12.9750511842069,9.38216780372124,5.53024827215879));
#3447=CARTESIAN_POINT('Ctrl Pts',(11.8140889109431,3.920269736956,5.53024827215879));
#3448=CARTESIAN_POINT('Ctrl Pts',(13.0650886279506,9.36302975425753,5.49015705360758));
#3449=CARTESIAN_POINT('Ctrl Pts',(11.9041263546868,3.90113168749228,5.49015705360758));
#3450=CARTESIAN_POINT('Ctrl Pts',(13.1530151510343,9.34434039483125,5.44696581034255));
#3451=CARTESIAN_POINT('Ctrl Pts',(11.9920528777706,3.882442328066,5.44696581034255));
#3452=CARTESIAN_POINT('Ctrl Pts',(13.2371229136986,9.32646273798956,5.40115380224695));
#3453=CARTESIAN_POINT('Ctrl Pts',(12.0761606404349,3.86456467122431,5.40115380224695));
#3454=CARTESIAN_POINT('Ctrl Pts',(13.3139303265452,9.31013681840412,5.35419623836458));
#3455=CARTESIAN_POINT('Ctrl Pts',(12.1529680532815,3.84823875163887,5.35419623836458));
#3456=CARTESIAN_POINT('Ctrl Pts',(13.3798092120545,9.29613382901363,5.30800986336659));
#3457=CARTESIAN_POINT('Ctrl Pts',(12.2188469387907,3.83423576224838,5.30800986336659));
#3458=CARTESIAN_POINT('Ctrl Pts',(13.4340043146728,9.28461430434172,5.26329110064774));
#3459=CARTESIAN_POINT('Ctrl Pts',(12.273042041409,3.82271623757647,5.26329110064774));
#3460=CARTESIAN_POINT('Ctrl Pts',(13.4679660733493,9.27739550968917,5.2289827729466));
#3461=CARTESIAN_POINT('Ctrl Pts',(12.3070038000855,3.81549744292393,5.2289827729466));
#3462=CARTESIAN_POINT('Ctrl Pts',(13.4883712250889,9.27305826079504,5.20408032330184));
#3463=CARTESIAN_POINT('Ctrl Pts',(12.3274089518252,3.81116019402979,5.20408032330184));
#3464=CARTESIAN_POINT('Ctrl Pts',(13.4997548616382,9.27063859415082,5.18784337689344));
#3465=CARTESIAN_POINT('Ctrl Pts',(12.3387925883744,3.80874052738558,5.18784337689344));
#3466=CARTESIAN_POINT('Ctrl Pts',(13.5048920010206,9.26954666146689,5.17981594070737));
#3467=CARTESIAN_POINT('Ctrl Pts',(12.3439297277568,3.80764859470164,5.17981594070737));
#3468=CARTESIAN_POINT('',(12.791831020089,9.42111245183476,5.59999987483025));
#3469=CARTESIAN_POINT('',(12.7743830463229,9.33902618910544,5.59999987483025));
#3470=CARTESIAN_POINT('',(13.4887171911216,9.19345016380102,5.17981594070736));
#3471=CARTESIAN_POINT('Ctrl Pts',(13.4887171911216,9.19345016380102,5.17981594070737));
#3472=CARTESIAN_POINT('Ctrl Pts',(13.4670109561432,9.19909969136603,5.21406384622013));
#3473=CARTESIAN_POINT('Ctrl Pts',(13.4362674900301,9.2072703174624,5.2457596189175));
#3474=CARTESIAN_POINT('Ctrl Pts',(13.3290520631078,9.23681380263743,5.3403964851481));
#3475=CARTESIAN_POINT('Ctrl Pts',(13.2225994587368,9.26821978160081,5.4048070804634));
#3476=CARTESIAN_POINT('Ctrl Pts',(13.0115657306749,9.33798911986493,5.51335916386241));
#3477=CARTESIAN_POINT('Ctrl Pts',(12.900890863069,9.37794567801624,5.56060046455512));
#3478=CARTESIAN_POINT('Ctrl Pts',(12.791831020089,9.42111245183476,5.59999987483025));
#3479=CARTESIAN_POINT('',(13.4874440272545,9.18746039873757,5.17981594070737));
#3480=CARTESIAN_POINT('Ctrl Pts',(9.01180084426451,15.3761228023598,5.59999987483025));
#3481=CARTESIAN_POINT('Ctrl Pts',(3.45847002426084,14.792444213346,5.59999987483025));
#3482=CARTESIAN_POINT('Ctrl Pts',(9.01377309945641,15.3573580476673,5.5935720062146));
#3483=CARTESIAN_POINT('Ctrl Pts',(3.46044227945274,14.7736794586535,5.5935720062146));
#3484=CARTESIAN_POINT('Ctrl Pts',(9.0177095138752,15.319905566244,5.5804051692574));
#3485=CARTESIAN_POINT('Ctrl Pts',(3.46437869387154,14.7362269772302,5.5804051692574));
#3486=CARTESIAN_POINT('Ctrl Pts',(9.02358996209776,15.2639568387005,5.55972113881702));
#3487=CARTESIAN_POINT('Ctrl Pts',(3.47025914209409,14.6802782496867,5.55972113881702));
#3488=CARTESIAN_POINT('Ctrl Pts',(9.03138042732592,15.1898355132518,5.53024827215879));
#3489=CARTESIAN_POINT('Ctrl Pts',(3.47804960732226,14.606156924238,5.53024827215879));
#3490=CARTESIAN_POINT('Ctrl Pts',(9.04100216092115,15.0982908331453,5.49015705360758));
#3491=CARTESIAN_POINT('Ctrl Pts',(3.48767134091749,14.5146122441315,5.49015705360758));
#3492=CARTESIAN_POINT('Ctrl Pts',(9.05039831374259,15.0088924107346,5.44696581034255));
#3493=CARTESIAN_POINT('Ctrl Pts',(3.49706749373892,14.4252138217208,5.44696581034255));
#3494=CARTESIAN_POINT('Ctrl Pts',(9.05938637972934,14.923376675198,5.40115380224695));
#3495=CARTESIAN_POINT('Ctrl Pts',(3.50605555972567,14.3396980861842,5.40115380224695));
#3496=CARTESIAN_POINT('Ctrl Pts',(9.06759430338666,14.8452834981098,5.35419623836458));
#3497=CARTESIAN_POINT('Ctrl Pts',(3.514263483383,14.261604909096,5.35419623836458));
#3498=CARTESIAN_POINT('Ctrl Pts',(9.07463436427206,14.7783017930663,5.30800986336659));
#3499=CARTESIAN_POINT('Ctrl Pts',(3.52130354426839,14.1946232040525,5.30800986336659));
#3500=CARTESIAN_POINT('Ctrl Pts',(9.08042585298918,14.7231994586791,5.26329110064774));
#3501=CARTESIAN_POINT('Ctrl Pts',(3.52709503298551,14.1395208696653,5.26329110064774));
#3502=CARTESIAN_POINT('Ctrl Pts',(9.08405513188497,14.6886691765584,5.2289827729466));
#3503=CARTESIAN_POINT('Ctrl Pts',(3.53072431188131,14.1049905875446,5.2289827729466));
#3504=CARTESIAN_POINT('Ctrl Pts',(9.08623570172176,14.6679224404133,5.20408032330184));
#3505=CARTESIAN_POINT('Ctrl Pts',(3.5329048817181,14.0842438513995,5.20408032330184));
#3506=CARTESIAN_POINT('Ctrl Pts',(9.08745219914404,14.6563482405802,5.18784337689344));
#3507=CARTESIAN_POINT('Ctrl Pts',(3.53412137914037,14.0726696515664,5.18784337689344));
#3508=CARTESIAN_POINT('Ctrl Pts',(9.08800117282125,14.6511251049394,5.17981594070737));
#3509=CARTESIAN_POINT('Ctrl Pts',(3.53467035281759,14.0674465159256,5.17981594070737));
#3510=CARTESIAN_POINT('',(9.0118008442645,15.3761228023598,5.59999987483025));
#3511=CARTESIAN_POINT('',(8.92834044878635,15.3673507613181,5.59999987483025));
#3512=CARTESIAN_POINT('',(9.01063081170931,14.6429931523025,5.17981594070736));
#3513=CARTESIAN_POINT('Ctrl Pts',(9.01063081170931,14.6429931523025,5.17981594070737));
#3514=CARTESIAN_POINT('Ctrl Pts',(9.0092962362218,14.6653828085507,5.21406384622009));
#3515=CARTESIAN_POINT('Ctrl Pts',(9.00756670991802,14.6971464446493,5.24575961891727));
#3516=CARTESIAN_POINT('Ctrl Pts',(9.00253284502923,14.8082438140725,5.34039648515577));
#3517=CARTESIAN_POINT('Ctrl Pts',(8.99950604212732,14.9191912383714,5.40480708047319));
#3518=CARTESIAN_POINT('Ctrl Pts',(9.00064761756361,15.1414561517952,5.51335916386322));
#3519=CARTESIAN_POINT('Ctrl Pts',(9.00444814762171,15.2590614613263,5.56060046455548));
#3520=CARTESIAN_POINT('Ctrl Pts',(9.0118008442645,15.3761228023598,5.59999987483025));
#3521=CARTESIAN_POINT('',(9.00454077734309,14.6423530638977,5.17981594070737));
#3522=CARTESIAN_POINT('Ctrl Pts',(13.5072586791565,20.8113445328609,5.59999987483025));
#3523=CARTESIAN_POINT('Ctrl Pts',(11.2360737548857,25.91250939311,5.59999987483025));
#3524=CARTESIAN_POINT('Ctrl Pts',(13.4900217973011,20.8036701786136,5.5935720062146));
#3525=CARTESIAN_POINT('Ctrl Pts',(11.2188368730303,25.9048350388628,5.5935720062146));
#3526=CARTESIAN_POINT('Ctrl Pts',(13.4556187897444,20.7883529727885,5.5804051692574));
#3527=CARTESIAN_POINT('Ctrl Pts',(11.1844338654736,25.8895178330376,5.5804051692574));
#3528=CARTESIAN_POINT('Ctrl Pts',(13.404225546271,20.7654712265631,5.55972113881702));
#3529=CARTESIAN_POINT('Ctrl Pts',(11.1330406220001,25.8666360868122,5.55972113881702));
#3530=CARTESIAN_POINT('Ctrl Pts',(13.3361393628561,20.7351573046336,5.53024827215879));
#3531=CARTESIAN_POINT('Ctrl Pts',(11.0649544385853,25.8363221648827,5.53024827215879));
#3532=CARTESIAN_POINT('Ctrl Pts',(13.252048477505,20.6977176303023,5.49015705360758));
#3533=CARTESIAN_POINT('Ctrl Pts',(10.9808635532342,25.7988824905514,5.49015705360758));
#3534=CARTESIAN_POINT('Ctrl Pts',(13.1699290962284,20.6611557261381,5.44696581034255));
#3535=CARTESIAN_POINT('Ctrl Pts',(10.8987441719575,25.7623205863873,5.44696581034255));
#3536=CARTESIAN_POINT('Ctrl Pts',(13.091376263837,20.6261817518453,5.40115380224695));
#3537=CARTESIAN_POINT('Ctrl Pts',(10.8201913395662,25.7273466120944,5.40115380224695));
#3538=CARTESIAN_POINT('Ctrl Pts',(13.0196416267877,20.5942434337007,5.35419623836458));
#3539=CARTESIAN_POINT('Ctrl Pts',(10.7484567025169,25.6954082939499,5.35419623836458));
#3540=CARTESIAN_POINT('Ctrl Pts',(12.9581137381885,20.5668494527499,5.30800986336659));
#3541=CARTESIAN_POINT('Ctrl Pts',(10.6869288139177,25.668014312999,5.30800986336659));
#3542=CARTESIAN_POINT('Ctrl Pts',(12.9074979724428,20.5443138619111,5.26329110064774));
#3543=CARTESIAN_POINT('Ctrl Pts',(10.636313048172,25.6454787221602,5.26329110064774));
#3544=CARTESIAN_POINT('Ctrl Pts',(12.8757792314786,20.5301917685719,5.2289827729466));
#3545=CARTESIAN_POINT('Ctrl Pts',(10.6045943072077,25.631356628821,5.2289827729466));
#3546=CARTESIAN_POINT('Ctrl Pts',(12.8567217460129,20.5217068293727,5.20408032330184));
#3547=CARTESIAN_POINT('Ctrl Pts',(10.5855368217421,25.6228716896219,5.20408032330184));
#3548=CARTESIAN_POINT('Ctrl Pts',(12.8460899462178,20.5169732471275,5.18784337689344));
#3549=CARTESIAN_POINT('Ctrl Pts',(10.574905021947,25.6181381073767,5.18784337689344));
#3550=CARTESIAN_POINT('Ctrl Pts',(12.8412920912269,20.5148371044576,5.17981594070737));
#3551=CARTESIAN_POINT('Ctrl Pts',(10.5701071669561,25.6160019647067,5.17981594070737));
#3552=CARTESIAN_POINT('',(13.5072586791565,20.8113445328609,5.59999987483025));
#3553=CARTESIAN_POINT('',(13.4731252918026,20.8880093760757,5.59999987483025));
#3554=CARTESIAN_POINT('',(12.8096493882369,20.585907778999,5.17981594070736));
#3555=CARTESIAN_POINT('Ctrl Pts',(12.8096493882369,20.585907778999,5.17981594070737));
#3556=CARTESIAN_POINT('Ctrl Pts',(12.8305308102033,20.5940958199917,5.21406384622005));
#3557=CARTESIAN_POINT('Ctrl Pts',(12.8602053702759,20.6055562006106,5.24575961891707));
#3558=CARTESIAN_POINT('Ctrl Pts',(12.9643096976154,20.644674665799,5.34039648515954));
#3559=CARTESIAN_POINT('Ctrl Pts',(13.0688916349308,20.6818379660143,5.40480708047806));
#3560=CARTESIAN_POINT('Ctrl Pts',(13.2806308953886,20.7494358987554,5.5133591638638));
#3561=CARTESIAN_POINT('Ctrl Pts',(13.393654619744,20.7821634191519,5.56060046455572));
#3562=CARTESIAN_POINT('Ctrl Pts',(13.5072586791565,20.8113445328609,5.59999987483025));
#3563=CARTESIAN_POINT('',(12.807158703873,20.5915019476724,5.17981594070737));
#3564=CARTESIAN_POINT('Ctrl Pts',(15.9999996423721,20.9160801048485,5.59999987483025));
#3565=CARTESIAN_POINT('Ctrl Pts',(15.9999996423721,26.5000002235174,5.59999987483025));
#3566=CARTESIAN_POINT('Ctrl Pts',(15.9811315261649,20.9160801048485,5.5935720062146));
#3567=CARTESIAN_POINT('Ctrl Pts',(15.9811315261649,26.5000002235174,5.5935720062146));
#3568=CARTESIAN_POINT('Ctrl Pts',(15.9434727460036,20.9160801048485,5.5804051692574));
#3569=CARTESIAN_POINT('Ctrl Pts',(15.9434727460036,26.5000002235174,5.5804051692574));
#3570=CARTESIAN_POINT('Ctrl Pts',(15.8872158372275,20.9160801048485,5.55972113881702));
#3571=CARTESIAN_POINT('Ctrl Pts',(15.8872158372275,26.5000002235174,5.55972113881702));
#3572=CARTESIAN_POINT('Ctrl Pts',(15.8126862307966,20.9160801048485,5.53024827215879));
#3573=CARTESIAN_POINT('Ctrl Pts',(15.8126862307966,26.5000002235174,5.53024827215879));
#3574=CARTESIAN_POINT('Ctrl Pts',(15.7206372969996,20.9160801048485,5.49015705360758));
#3575=CARTESIAN_POINT('Ctrl Pts',(15.7206372969996,26.5000002235174,5.49015705360758));
#3576=CARTESIAN_POINT('Ctrl Pts',(15.6307464430857,20.9160801048485,5.44696581034255));
#3577=CARTESIAN_POINT('Ctrl Pts',(15.6307464430857,26.5000002235174,5.44696581034255));
#3578=CARTESIAN_POINT('Ctrl Pts',(15.5447596629707,20.9160801048485,5.40115380224695));
#3579=CARTESIAN_POINT('Ctrl Pts',(15.5447596629707,26.5000002235174,5.40115380224695));
#3580=CARTESIAN_POINT('Ctrl Pts',(15.4662363268311,20.9160801048485,5.35419623836458));
#3581=CARTESIAN_POINT('Ctrl Pts',(15.4662363268311,26.5000002235174,5.35419623836458));
#3582=CARTESIAN_POINT('Ctrl Pts',(15.3988856678305,20.9160801048485,5.30800986336659));
#3583=CARTESIAN_POINT('Ctrl Pts',(15.3988856678305,26.5000002235174,5.30800986336659));
#3584=CARTESIAN_POINT('Ctrl Pts',(15.3434798143809,20.9160801048485,5.26329110064774));
#3585=CARTESIAN_POINT('Ctrl Pts',(15.3434798143809,26.5000002235174,5.26329110064774));
#3586=CARTESIAN_POINT('Ctrl Pts',(15.3087593298129,20.9160801048485,5.2289827729466));
#3587=CARTESIAN_POINT('Ctrl Pts',(15.3087593298129,26.5000002235174,5.2289827729466));
#3588=CARTESIAN_POINT('Ctrl Pts',(15.2878983148451,20.9160801048485,5.20408032330184));
#3589=CARTESIAN_POINT('Ctrl Pts',(15.2878983148451,26.5000002235174,5.20408032330184));
#3590=CARTESIAN_POINT('Ctrl Pts',(15.2762603610836,20.9160801048485,5.18784337689344));
#3591=CARTESIAN_POINT('Ctrl Pts',(15.2762603610836,26.5000002235174,5.18784337689344));
#3592=CARTESIAN_POINT('Ctrl Pts',(15.2710084549515,20.9160801048485,5.17981594070737));
#3593=CARTESIAN_POINT('Ctrl Pts',(15.2710084549515,26.5000002235174,5.17981594070737));
#3594=CARTESIAN_POINT('',(15.9999996423721,20.9160801048485,5.59999987483025));
#3595=CARTESIAN_POINT('',(15.9999996423721,21.0000002235174,5.59999987483025));
#3596=CARTESIAN_POINT('',(15.2710084549515,20.9938766435394,5.17981594070736));
#3597=CARTESIAN_POINT('Ctrl Pts',(15.2710084549515,20.9938766435394,5.17981594070737));
#3598=CARTESIAN_POINT('Ctrl Pts',(15.2934149594448,20.992863551722,5.21406384621999));
#3599=CARTESIAN_POINT('Ctrl Pts',(15.3251853757479,20.9912633994306,5.24575961891701));
#3600=CARTESIAN_POINT('Ctrl Pts',(15.4362003243168,20.984656850982,5.34039648515436));
#3601=CARTESIAN_POINT('Ctrl Pts',(15.5468563540708,20.9760699089757,5.4048070804715));
#3602=CARTESIAN_POINT('Ctrl Pts',(15.7677843499215,20.9517015773701,5.51335916386367));
#3603=CARTESIAN_POINT('Ctrl Pts',(15.8843481416949,20.9356287647359,5.56060046455572));
#3604=CARTESIAN_POINT('Ctrl Pts',(15.9999996423721,20.9160801048485,5.59999987483025));
#3605=CARTESIAN_POINT('',(15.2710084549515,21.0000002235174,5.17981594070737));
#3606=CARTESIAN_POINT('Origin',(15.0000002235174,15.0000002235174,5.6));
#3607=CARTESIAN_POINT('',(9.2936611257465,16.8541021897671,5.59999987483025));
#3608=CARTESIAN_POINT('',(9.2936611257465,16.8541021897671,5.59999987483025));
#3609=CARTESIAN_POINT('Origin',(15.0000002235174,15.0000002235174,5.6));
#3610=CARTESIAN_POINT('',(9.03286885130778,14.3728294439115,5.59999987483025));
#3611=CARTESIAN_POINT('',(9.03286885130778,14.3728294439115,5.59999987483025));
#3612=CARTESIAN_POINT('Origin',(15.0000002235174,15.0000002235174,5.6));
#3613=CARTESIAN_POINT('',(9.80384780081079,12.0000002235174,5.59999987483025));
#3614=CARTESIAN_POINT('',(9.80384780081079,12.0000002235174,5.59999987483025));
#3615=CARTESIAN_POINT('Origin',(15.0000002235174,15.0000002235174,5.6));
#3616=CARTESIAN_POINT('',(11.4732887097626,10.1458982572677,5.59999987483025));
#3617=CARTESIAN_POINT('',(11.4732887097626,10.1458982572677,5.59999987483025));
#3618=CARTESIAN_POINT('Origin',(15.0000002235174,15.0000002235174,5.6));
#3619=CARTESIAN_POINT('',(13.7525300786109,9.13111461911458,5.59999987483025));
#3620=CARTESIAN_POINT('',(13.7525300786109,9.13111461911458,5.59999987483025));
#3621=CARTESIAN_POINT('Origin',(15.0000002235174,15.0000002235174,5.6));
#3622=CARTESIAN_POINT('',(16.247470368424,9.13111461911458,5.59999987483025));
#3623=CARTESIAN_POINT('',(16.247470368424,9.13111461911458,5.59999987483025));
#3624=CARTESIAN_POINT('Origin',(15.0000002235174,15.0000002235174,5.6));
#3625=CARTESIAN_POINT('',(18.5267117372723,10.1458982572677,5.59999987483025));
#3626=CARTESIAN_POINT('',(18.5267117372723,10.1458982572677,5.59999987483025));
#3627=CARTESIAN_POINT('Origin',(15.0000002235174,15.0000002235174,5.6));
#3628=CARTESIAN_POINT('',(20.196152646224,12.0000002235174,5.59999987483025));
#3629=CARTESIAN_POINT('',(20.196152646224,12.0000002235174,5.59999987483025));
#3630=CARTESIAN_POINT('Origin',(15.0000002235174,15.0000002235174,5.6));
#3631=CARTESIAN_POINT('',(20.9671315957271,14.3728294439115,5.59999987483025));
#3632=CARTESIAN_POINT('',(20.9671315957271,14.3728294439115,5.59999987483025));
#3633=CARTESIAN_POINT('Origin',(15.0000002235174,15.0000002235174,5.6));
#3634=CARTESIAN_POINT('',(20.7063393212883,16.8541021897671,5.59999987483025));
#3635=CARTESIAN_POINT('',(20.7063393212883,16.8541021897671,5.59999987483025));
#3636=CARTESIAN_POINT('Origin',(15.0000002235174,15.0000002235174,5.6));
#3637=CARTESIAN_POINT('',(19.4588691763818,19.0147838616706,5.59999987483025));
#3638=CARTESIAN_POINT('',(19.4588691763818,19.0147838616706,5.59999987483025));
#3639=CARTESIAN_POINT('Origin',(15.0000002235174,15.0000002235174,5.6));
#3640=CARTESIAN_POINT('',(17.4404200819722,20.481272969373,5.59999987483025));
#3641=CARTESIAN_POINT('',(17.4404200819722,20.481272969373,5.59999987483025));
#3642=CARTESIAN_POINT('Origin',(15.0000002235174,15.0000002235174,5.6));
#3643=CARTESIAN_POINT('',(15.0000002235174,21.0000002235174,5.59999987483025));
#3644=CARTESIAN_POINT('',(15.0000002235174,21.0000002235174,5.59999987483025));
#3645=CARTESIAN_POINT('Origin',(15.0000002235174,15.0000002235174,5.6));
#3646=CARTESIAN_POINT('',(12.5595803650626,20.481272969373,5.59999987483025));
#3647=CARTESIAN_POINT('',(12.5595803650626,20.481272969373,5.59999987483025));
#3648=CARTESIAN_POINT('Origin',(15.0000002235174,15.0000002235174,5.6));
#3649=CARTESIAN_POINT('',(10.5411312706531,19.0147838616706,5.59999987483025));
#3650=CARTESIAN_POINT('',(10.5411312706531,19.0147838616706,5.59999987483025));
#3651=CARTESIAN_POINT('Origin',(15.0000002235174,15.0000002235174,5.6));
#3652=CARTESIAN_POINT('Ctrl Pts',(9.04005693089331,14.3078470983312,0.599999986588955));
#3653=CARTESIAN_POINT('Ctrl Pts',(3.29030764477675,16.1760538897916,0.599999986588955));
#3654=CARTESIAN_POINT('Ctrl Pts',(9.04649026357199,14.3276468604056,0.617710473229909));
#3655=CARTESIAN_POINT('Ctrl Pts',(3.29674097745543,16.195853651866,0.617710473229909));
#3656=CARTESIAN_POINT('Ctrl Pts',(9.05908294112989,14.3664031368145,0.652912164735697));
#3657=CARTESIAN_POINT('Ctrl Pts',(3.30933365501332,16.2346099282749,0.652912164735697));
#3658=CARTESIAN_POINT('Ctrl Pts',(9.07714996642713,14.4220077231375,0.705056824060976));
#3659=CARTESIAN_POINT('Ctrl Pts',(3.32740068031056,16.2902145145979,0.705056824060976));
#3660=CARTESIAN_POINT('Ctrl Pts',(9.09959426847924,14.4910841820667,0.773266504242879));
#3661=CARTESIAN_POINT('Ctrl Pts',(3.34984498236268,16.3592909735271,0.773266504242879));
#3662=CARTESIAN_POINT('Ctrl Pts',(9.12496886995314,14.5691791752853,0.856453824779287));
#3663=CARTESIAN_POINT('Ctrl Pts',(3.37521958383657,16.4373859667457,0.856453824779287));
#3664=CARTESIAN_POINT('Ctrl Pts',(9.14786363081957,14.6396420038915,0.937940908416496));
#3665=CARTESIAN_POINT('Ctrl Pts',(3.398114344703,16.5078487953518,0.937940908416496));
#3666=CARTESIAN_POINT('Ctrl Pts',(9.16868311295858,14.7037177813232,1.01847652342077));
#3667=CARTESIAN_POINT('Ctrl Pts',(3.41893382684201,16.5719245727836,1.01847652342077));
#3668=CARTESIAN_POINT('Ctrl Pts',(9.18812919697148,14.7635666739523,1.09933846552028));
#3669=CARTESIAN_POINT('Ctrl Pts',(3.43837991085492,16.6317734654126,1.09933846552028));
#3670=CARTESIAN_POINT('Ctrl Pts',(9.20720969205522,14.8222903995526,1.18238771503242));
#3671=CARTESIAN_POINT('Ctrl Pts',(3.45746040593865,16.690497191013,1.18238771503242));
#3672=CARTESIAN_POINT('Ctrl Pts',(9.22696097413806,14.8830785952571,1.26976960704251));
#3673=CARTESIAN_POINT('Ctrl Pts',(3.4772116880215,16.7512853867175,1.26976960704251));
#3674=CARTESIAN_POINT('Ctrl Pts',(9.24820215730586,14.9484522350028,1.36366710745315));
#3675=CARTESIAN_POINT('Ctrl Pts',(3.49845287118929,16.8166590264631,1.36366710745315));
#3676=CARTESIAN_POINT('Ctrl Pts',(9.27130663283345,15.0195604989691,1.46604484534583));
#3677=CARTESIAN_POINT('Ctrl Pts',(3.52155734671688,16.8877672904294,1.46604484534583));
#3678=CARTESIAN_POINT('Ctrl Pts',(9.29588955632093,15.0952189578821,1.57836890422417));
#3679=CARTESIAN_POINT('Ctrl Pts',(3.54614027020436,16.9634257493425,1.57836890422417));
#3680=CARTESIAN_POINT('Ctrl Pts',(9.32091318397744,15.172233764761,1.70147722735442));
#3681=CARTESIAN_POINT('Ctrl Pts',(3.57116389786087,17.0404405562213,1.70147722735442));
#3682=CARTESIAN_POINT('Ctrl Pts',(9.34500287255745,15.2463742027194,1.83553354574532));
#3683=CARTESIAN_POINT('Ctrl Pts',(3.59525358644089,17.1145809941797,1.83553354574532));
#3684=CARTESIAN_POINT('Ctrl Pts',(9.3667008857313,15.3131538206539,1.97994488914286));
#3685=CARTESIAN_POINT('Ctrl Pts',(3.61695159961473,17.1813606121143,1.97994488914286));
#3686=CARTESIAN_POINT('Ctrl Pts',(9.38473386134913,15.3686536128392,2.13330793541122));
#3687=CARTESIAN_POINT('Ctrl Pts',(3.63498457523256,17.2368604042996,2.13330793541122));
#3688=CARTESIAN_POINT('Ctrl Pts',(9.39830263594464,15.4104140070315,2.29330001841966));
#3689=CARTESIAN_POINT('Ctrl Pts',(3.64855334982808,17.2786207984918,2.29330001841966));
#3690=CARTESIAN_POINT('Ctrl Pts',(9.40727813518748,15.4380377532891,2.45671415891778));
#3691=CARTESIAN_POINT('Ctrl Pts',(3.65752884907091,17.3062445447494,2.45671415891778));
#3692=CARTESIAN_POINT('Ctrl Pts',(9.41202918996958,15.4526599963762,2.62003808583167));
#3693=CARTESIAN_POINT('Ctrl Pts',(3.66227990385301,17.3208667878365,2.62003808583167));
#3694=CARTESIAN_POINT('Ctrl Pts',(9.41331126666844,15.4566058227256,2.7799306066825));
#3695=CARTESIAN_POINT('Ctrl Pts',(3.66356198055187,17.324812614186,2.7799306066825));
#3696=CARTESIAN_POINT('Ctrl Pts',(9.4121312754432,15.4529741831577,2.93377158488027));
#3697=CARTESIAN_POINT('Ctrl Pts',(3.66238198932663,17.3211809746181,2.93377158488027));
#3698=CARTESIAN_POINT('Ctrl Pts',(9.40962740282674,15.4452680556269,3.0801060597015));
#3699=CARTESIAN_POINT('Ctrl Pts',(3.65987811671018,17.3134748470872,3.0801060597015));
#3700=CARTESIAN_POINT('Ctrl Pts',(9.40693406985038,15.4369788290654,3.21932734965603));
#3701=CARTESIAN_POINT('Ctrl Pts',(3.65718478373381,17.3051856205257,3.21932734965603));
#3702=CARTESIAN_POINT('Ctrl Pts',(9.40509216843761,15.4313100394102,3.35347485538326));
#3703=CARTESIAN_POINT('Ctrl Pts',(3.65534288232104,17.2995168308705,3.35347485538326));
#3704=CARTESIAN_POINT('Ctrl Pts',(9.40499768775745,15.4310192577763,3.48531339991001));
#3705=CARTESIAN_POINT('Ctrl Pts',(3.65524840164088,17.2992260492366,3.48531339991001));
#3706=CARTESIAN_POINT('Ctrl Pts',(9.40733484569528,15.4382122902853,3.61758522329141));
#3707=CARTESIAN_POINT('Ctrl Pts',(3.65758555957871,17.3064190817457,3.61758522329141));
#3708=CARTESIAN_POINT('Ctrl Pts',(9.4125242653317,15.4541836816678,3.75226582369761));
#3709=CARTESIAN_POINT('Ctrl Pts',(3.66277497921513,17.3223904731282,3.75226582369761));
#3710=CARTESIAN_POINT('Ctrl Pts',(9.4206410359858,15.479164533085,3.88963774588225));
#3711=CARTESIAN_POINT('Ctrl Pts',(3.67089174986923,17.3473713245453,3.88963774588225));
#3712=CARTESIAN_POINT('Ctrl Pts',(9.43142394645236,15.5123509191107,4.02806263649863));
#3713=CARTESIAN_POINT('Ctrl Pts',(3.68167466033579,17.3805577105711,4.02806263649863));
#3714=CARTESIAN_POINT('Ctrl Pts',(9.44442713415565,15.552370615836,4.16489073573198));
#3715=CARTESIAN_POINT('Ctrl Pts',(3.69467784803909,17.4205774072963,4.16489073573198));
#3716=CARTESIAN_POINT('Ctrl Pts',(9.45914033907117,15.5976532043835,4.29711297516311));
#3717=CARTESIAN_POINT('Ctrl Pts',(3.7093910529546,17.4658599958439,4.29711297516311));
#3718=CARTESIAN_POINT('Ctrl Pts',(9.47511606121927,15.6468214214332,4.42208782677675));
#3719=CARTESIAN_POINT('Ctrl Pts',(3.7253667751027,17.5150282128936,4.42208782677675));
#3720=CARTESIAN_POINT('Ctrl Pts',(9.492106288222,15.6991119633724,4.53830110178225));
#3721=CARTESIAN_POINT('Ctrl Pts',(3.74235700210543,17.5673187548328,4.53830110178225));
#3722=CARTESIAN_POINT('Ctrl Pts',(9.5101584897058,15.7546709266889,4.64592429471535));
#3723=CARTESIAN_POINT('Ctrl Pts',(3.76040920358923,17.6228777181492,4.64592429471535));
#3724=CARTESIAN_POINT('Ctrl Pts',(9.52947981036937,15.8141358372116,4.74617099209259));
#3725=CARTESIAN_POINT('Ctrl Pts',(3.7797305242528,17.682342628672,4.74617099209259));
#3726=CARTESIAN_POINT('Ctrl Pts',(9.55032605930519,15.8782939943732,4.8407897664682));
#3727=CARTESIAN_POINT('Ctrl Pts',(3.80057677318862,17.7465007858336,4.8407897664682));
#3728=CARTESIAN_POINT('Ctrl Pts',(9.57289031297345,15.9477396264167,4.93154124059331));
#3729=CARTESIAN_POINT('Ctrl Pts',(3.82314102685688,17.8159464178771,4.93154124059331));
#3730=CARTESIAN_POINT('Ctrl Pts',(9.59717008575023,16.0224650833782,5.01960053992345));
#3731=CARTESIAN_POINT('Ctrl Pts',(3.84742079963367,17.8906718748385,5.01960053992345));
#3732=CARTESIAN_POINT('Ctrl Pts',(9.62291482432244,16.1016992414507,5.10526598347423));
#3733=CARTESIAN_POINT('Ctrl Pts',(3.87316553820587,17.9699060329111,5.10526598347423));
#3734=CARTESIAN_POINT('Ctrl Pts',(9.64973474293824,16.1842424634429,5.18829255695645));
#3735=CARTESIAN_POINT('Ctrl Pts',(3.89998545682167,18.0524492549033,5.18829255695645));
#3736=CARTESIAN_POINT('Ctrl Pts',(9.67717762942186,16.2687029833861,5.2680971060875));
#3737=CARTESIAN_POINT('Ctrl Pts',(3.92742834330529,18.1369097748465,5.2680971060875));
#3738=CARTESIAN_POINT('Ctrl Pts',(9.7048112945071,16.3537506594908,5.34399640679253));
#3739=CARTESIAN_POINT('Ctrl Pts',(3.95506200839053,18.2219574509512,5.34399640679253));
#3740=CARTESIAN_POINT('Ctrl Pts',(9.73232043520755,16.4384150889464,5.41547331552513));
#3741=CARTESIAN_POINT('Ctrl Pts',(3.98257114909099,18.3066218804068,5.41547331552513));
#3742=CARTESIAN_POINT('Ctrl Pts',(9.75952363413772,16.5221379264523,5.48224466515617));
#3743=CARTESIAN_POINT('Ctrl Pts',(4.00977434802115,18.3903447179127,5.48224466515617));
#3744=CARTESIAN_POINT('Ctrl Pts',(9.78096764464649,16.5881358045662,5.53178636672469));
#3745=CARTESIAN_POINT('Ctrl Pts',(4.03121835852992,18.4563425960265,5.53178636672469));
#3746=CARTESIAN_POINT('Ctrl Pts',(9.79685836744974,16.6370424205315,5.5667465693973));
#3747=CARTESIAN_POINT('Ctrl Pts',(4.04710908133317,18.5052492119919,5.5667465693973));
#3748=CARTESIAN_POINT('Ctrl Pts',(9.80736674216468,16.6693838723942,5.58907799718132));
#3749=CARTESIAN_POINT('Ctrl Pts',(4.05761745604811,18.5375906638546,5.58907799718132));
#3750=CARTESIAN_POINT('Ctrl Pts',(9.81259957223972,16.6854888673689,5.59999987483025));
#3751=CARTESIAN_POINT('Ctrl Pts',(4.06285028612315,18.5536956588293,5.59999987483025));
#3752=CARTESIAN_POINT('',(9.04005693089331,14.3078470983312,0.599999986588955));
#3753=CARTESIAN_POINT('',(8.52111848440009,14.4764604207294,0.599999986588955));
#3754=CARTESIAN_POINT('Ctrl Pts',(9.2936611257465,16.8541021897671,5.59999987483025));
#3755=CARTESIAN_POINT('Ctrl Pts',(9.20790067029081,16.5901586478705,5.42100204991099));
#3756=CARTESIAN_POINT('Ctrl Pts',(9.12366468431032,16.2346942488384,5.12639130594752));
#3757=CARTESIAN_POINT('Ctrl Pts',(9.05361736109033,15.8210602634476,4.55019819895454));
#3758=CARTESIAN_POINT('Ctrl Pts',(9.04236253417999,15.7151384362058,4.27819604722053));
#3759=CARTESIAN_POINT('Ctrl Pts',(9.02148685305231,15.5223017887275,3.60693458915664));
#3760=CARTESIAN_POINT('Ctrl Pts',(9.0258312305777,15.5564092952938,3.33591540731757));
#3761=CARTESIAN_POINT('Ctrl Pts',(9.02876928893002,15.5870202409915,2.74088027888341));
#3762=CARTESIAN_POINT('Ctrl Pts',(9.02789025410151,15.5889778934975,2.43519447418537));
#3763=CARTESIAN_POINT('Ctrl Pts',(9.01293211324262,15.4007666122461,1.89824491771835));
#3764=CARTESIAN_POINT('Ctrl Pts',(9.00597548977714,15.2921420964237,1.72243700487991));
#3765=CARTESIAN_POINT('Ctrl Pts',(8.99522167708376,14.9240869932154,1.20874321116428));
#3766=CARTESIAN_POINT('Ctrl Pts',(9.00070131579843,14.646727651892,0.863830386442207));
#3767=CARTESIAN_POINT('Ctrl Pts',(9.04005693089332,14.3078470983312,0.599999986588955));
#3768=CARTESIAN_POINT('Ctrl Pts',(9.65291691882831,17.0223278243828,5.17981594068478));
#3769=CARTESIAN_POINT('Ctrl Pts',(4.14659643524095,18.811439803271,5.17981594068478));
#3770=CARTESIAN_POINT('Ctrl Pts',(9.58172272911159,16.8032146387492,5.03122058821766));
#3771=CARTESIAN_POINT('Ctrl Pts',(4.07540224552423,18.5923266176374,5.03122058821766));
#3772=CARTESIAN_POINT('Ctrl Pts',(9.48872537806383,16.5169982224285,4.78051068379307));
#3773=CARTESIAN_POINT('Ctrl Pts',(3.98240489447647,18.3061102013167,4.78051068379307));
#3774=CARTESIAN_POINT('Ctrl Pts',(9.43421373223605,16.34922862748,4.55362632778307));
#3775=CARTESIAN_POINT('Ctrl Pts',(3.92789324864869,18.1383406063682,4.55362632778307));
#3776=CARTESIAN_POINT('Ctrl Pts',(9.39985311510793,16.2434775218176,4.41061309875953));
#3777=CARTESIAN_POINT('Ctrl Pts',(3.89353263152057,18.0325895007058,4.41061309875953));
#3778=CARTESIAN_POINT('Ctrl Pts',(9.37255292938121,16.1594561896447,4.24189248653958));
#3779=CARTESIAN_POINT('Ctrl Pts',(3.86623244579385,17.9485681685329,4.24189248653958));
#3780=CARTESIAN_POINT('Ctrl Pts',(9.34873917993974,16.0861650050302,4.0127195461276));
#3781=CARTESIAN_POINT('Ctrl Pts',(3.84241869635238,17.8752769839185,4.0127195461276));
#3782=CARTESIAN_POINT('Ctrl Pts',(9.32721432322739,16.0199183078866,3.80557389202387));
#3783=CARTESIAN_POINT('Ctrl Pts',(3.82089383964003,17.8090302867748,3.80557389202387));
#3784=CARTESIAN_POINT('Ctrl Pts',(9.31643366462137,15.9867388523749,3.61665241232663));
#3785=CARTESIAN_POINT('Ctrl Pts',(3.81011318103401,17.7758508312631,3.61665241232663));
#3786=CARTESIAN_POINT('Ctrl Pts',(9.31638533885265,15.9865901209521,3.41788009833466));
#3787=CARTESIAN_POINT('Ctrl Pts',(3.81006485526528,17.7757020998403,3.41788009833466));
#3788=CARTESIAN_POINT('Ctrl Pts',(9.31633059477067,15.9864216359922,3.19270814269079));
#3789=CARTESIAN_POINT('Ctrl Pts',(3.81001011118331,17.7755336148805,3.19270814269079));
#3790=CARTESIAN_POINT('Ctrl Pts',(9.33341581116451,16.0390045252166,2.85086195602261));
#3791=CARTESIAN_POINT('Ctrl Pts',(3.82709532757715,17.8281165041049,2.85086195602261));
#3792=CARTESIAN_POINT('Ctrl Pts',(9.31735796374449,15.9895835525696,2.42584156743125));
#3793=CARTESIAN_POINT('Ctrl Pts',(3.81103748015713,17.7786955314578,2.42584156743125));
#3794=CARTESIAN_POINT('Ctrl Pts',(9.30229074232891,15.9432114132678,2.0270411470796));
#3795=CARTESIAN_POINT('Ctrl Pts',(3.79597025874155,17.7323233921561,2.0270411470796));
#3796=CARTESIAN_POINT('Ctrl Pts',(9.24339155335029,15.7619383489954,1.60656753670823));
#3797=CARTESIAN_POINT('Ctrl Pts',(3.73707106976293,17.5510503278836,1.60656753670823));
#3798=CARTESIAN_POINT('Ctrl Pts',(9.18775094971213,15.5906941791797,1.33562165953166));
#3799=CARTESIAN_POINT('Ctrl Pts',(3.68143046612477,17.379806158068,1.33562165953166));
#3800=CARTESIAN_POINT('Ctrl Pts',(9.12132202430301,15.3862469690558,1.01214128210944));
#3801=CARTESIAN_POINT('Ctrl Pts',(3.61500154071565,17.1753589479441,1.01214128210944));
#3802=CARTESIAN_POINT('Ctrl Pts',(9.08545145691494,15.2758487143364,0.853754643475003));
#3803=CARTESIAN_POINT('Ctrl Pts',(3.57913097332758,17.0649606932247,0.853754643475003));
#3804=CARTESIAN_POINT('Ctrl Pts',(9.02526959372962,15.0906279847744,0.627380037430277));
#3805=CARTESIAN_POINT('Ctrl Pts',(3.51894911014226,16.8797399636627,0.627380037430277));
#3806=CARTESIAN_POINT('Ctrl Pts',(9.0228468897804,15.0831716687145,0.618267015283103));
#3807=CARTESIAN_POINT('Ctrl Pts',(3.51652640619304,16.8722836476027,0.618267015283103));
#3808=CARTESIAN_POINT('Ctrl Pts',(9.02039247020348,15.0756177419893,0.609139505633024));
#3809=CARTESIAN_POINT('Ctrl Pts',(3.51407198661612,16.8647297208775,0.609139505633024));
#3810=CARTESIAN_POINT('Ctrl Pts',(9.01790571563784,15.0679642984016,0.599999986588977));
#3811=CARTESIAN_POINT('Ctrl Pts',(3.51158523205048,16.8570762772898,0.599999986588977));
#3812=CARTESIAN_POINT('',(9.29366112574636,16.8541021897667,4.98231089439848));
#3813=CARTESIAN_POINT('Ctrl Pts',(9.29366112574635,16.8541021897667,4.98231089439847));
#3814=CARTESIAN_POINT('Ctrl Pts',(9.31967804502133,16.9341740339073,5.05037341943024));
#3815=CARTESIAN_POINT('Ctrl Pts',(9.3498645088056,17.0211309183087,5.11868088585566));
#3816=CARTESIAN_POINT('Ctrl Pts',(9.38323114550399,17.1099540439296,5.17981594068478));
#3817=CARTESIAN_POINT('',(9.00045208456987,15.0736353269063,0.599999986588955));
#3818=CARTESIAN_POINT('Ctrl Pts',(9.00045208456988,15.0736353269064,0.599999986588977));
#3819=CARTESIAN_POINT('Ctrl Pts',(9.00305619566314,15.2858098081544,0.830091567558773));
#3820=CARTESIAN_POINT('Ctrl Pts',(9.02742507718801,15.6006852155132,1.23998991293116));
#3821=CARTESIAN_POINT('Ctrl Pts',(9.06962481286294,15.9228084900969,1.81679274360176));
#3822=CARTESIAN_POINT('Ctrl Pts',(9.08797743497382,16.0245006976877,2.09822285043935));
#3823=CARTESIAN_POINT('Ctrl Pts',(9.10172756097342,16.1008066385088,2.76513274899792));
#3824=CARTESIAN_POINT('Ctrl Pts',(9.09674186034013,16.0731529975067,3.04566369361796));
#3825=CARTESIAN_POINT('Ctrl Pts',(9.09337134549745,16.054421120065,3.44988572838208));
#3826=CARTESIAN_POINT('Ctrl Pts',(9.09133885328582,16.051491936269,3.70591698442688));
#3827=CARTESIAN_POINT('Ctrl Pts',(9.12671535812879,16.2274392479455,4.19554995499509));
#3828=CARTESIAN_POINT('Ctrl Pts',(9.13761538542061,16.2792174249008,4.31137954076908));
#3829=CARTESIAN_POINT('Ctrl Pts',(9.16307965974447,16.3903132219507,4.4989323390998));
#3830=CARTESIAN_POINT('Ctrl Pts',(9.18265735446649,16.4842116370427,4.6373884080782));
#3831=CARTESIAN_POINT('Ctrl Pts',(9.25660336342579,16.7367058421935,4.87926957634133));
#3832=CARTESIAN_POINT('Ctrl Pts',(9.2739434116651,16.793417305748,4.93072763836264));
#3833=CARTESIAN_POINT('Ctrl Pts',(9.29366112574635,16.8541021897667,4.98231089439847));
#3834=CARTESIAN_POINT('',(8.74239607167382,15.1574828082276,0.599999986588955));
#3835=CARTESIAN_POINT('Origin',(15.0000002235174,15.0000002235174,0.6));
#3836=CARTESIAN_POINT('',(9.48919017850882,12.6270331677342,0.599999986588955));
#3837=CARTESIAN_POINT('Origin',(15.0000002235174,15.0000002235174,0.6));
#3838=CARTESIAN_POINT('',(9.03286885130782,14.3728294439111,4.98231089439848));
#3839=CARTESIAN_POINT('Ctrl Pts',(9.48919017850882,12.6270331677342,0.599999986588932));
#3840=CARTESIAN_POINT('Ctrl Pts',(9.40527001612045,12.8219233887095,0.830091567557744));
#3841=CARTESIAN_POINT('Ctrl Pts',(9.29946073096629,13.1194881039001,1.23998991293691));
#3842=CARTESIAN_POINT('Ctrl Pts',(9.20699276844426,13.4309265370293,1.81679274362946));
#3843=CARTESIAN_POINT('Ctrl Pts',(9.18239677586868,13.5312916752549,2.09822285046792));
#3844=CARTESIAN_POINT('Ctrl Pts',(9.16392171880288,13.606593300968,2.76513274902692));
#3845=CARTESIAN_POINT('Ctrl Pts',(9.17061480374688,13.5793025757013,3.04566369364952));
#3846=CARTESIAN_POINT('Ctrl Pts',(9.17515462617079,13.5608192422621,3.44988572838972));
#3847=CARTESIAN_POINT('Ctrl Pts',(9.1744892585268,13.5573166106531,3.70591698444041));
#3848=CARTESIAN_POINT('Ctrl Pts',(9.13524308492299,13.7324413988478,4.19554995501172));
#3849=CARTESIAN_POINT('Ctrl Pts',(9.12414067346422,13.7841765577209,4.31137954078328));
#3850=CARTESIAN_POINT('Ctrl Pts',(9.10221671405411,13.896024871931,4.49893233910238));
#3851=CARTESIAN_POINT('Ctrl Pts',(9.08190990199377,13.9897683083487,4.63738840808151));
#3852=CARTESIAN_POINT('Ctrl Pts',(9.04676429719047,14.250509793998,4.87926957634339));
#3853=CARTESIAN_POINT('Ctrl Pts',(9.03953858918491,14.3093711269344,4.93072763836319));
#3854=CARTESIAN_POINT('Ctrl Pts',(9.03286885130783,14.3728294439111,4.98231089439848));
#3855=CARTESIAN_POINT('Ctrl Pts',(9.03286885130783,14.3728294439111,4.98231089439848));
#3856=CARTESIAN_POINT('Ctrl Pts',(9.02406833664287,14.4565607478181,5.05037341942881));
#3857=CARTESIAN_POINT('Ctrl Pts',(9.01627649226144,14.5482777555196,5.11868088585446));
#3858=CARTESIAN_POINT('Ctrl Pts',(9.0106308117114,14.6429931522675,5.1798159406848));
#3859=CARTESIAN_POINT('Ctrl Pts',(18.5793940595495,10.1846144895833,0.599999986588955));
#3860=CARTESIAN_POINT('Ctrl Pts',(19.8363541616805,4.27108214668478,0.599999986588955));
#3861=CARTESIAN_POINT('Ctrl Pts',(18.5590302962649,10.1802860380769,0.617710473229909));
#3862=CARTESIAN_POINT('Ctrl Pts',(19.8159903983959,4.26675369517834,0.617710473229909));
#3863=CARTESIAN_POINT('Ctrl Pts',(18.5191700375597,10.1718134785393,0.652912164735697));
#3864=CARTESIAN_POINT('Ctrl Pts',(19.7761301396907,4.2582811356407,0.652912164735697));
#3865=CARTESIAN_POINT('Ctrl Pts',(18.4619815405884,10.159657688256,0.705056824060976));
#3866=CARTESIAN_POINT('Ctrl Pts',(19.7189416427194,4.24612534535741,0.705056824060976));
#3867=CARTESIAN_POINT('Ctrl Pts',(18.3909374213262,10.1445567945387,0.773266504242879));
#3868=CARTESIAN_POINT('Ctrl Pts',(19.6478975234572,4.23102445164015,0.773266504242879));
#3869=CARTESIAN_POINT('Ctrl Pts',(18.3106178725536,10.1274843474167,0.856453824779287));
#3870=CARTESIAN_POINT('Ctrl Pts',(19.5675779746846,4.21395200451816,0.856453824779287));
#3871=CARTESIAN_POINT('Ctrl Pts',(18.2381478925249,10.1120803776375,0.937940908416496));
#3872=CARTESIAN_POINT('Ctrl Pts',(19.4951079946559,4.19854803473897,0.937940908416496));
#3873=CARTESIAN_POINT('Ctrl Pts',(18.1722469004323,10.0980726893477,1.01847652342077));
#3874=CARTESIAN_POINT('Ctrl Pts',(19.4292070025633,4.18454034644912,1.01847652342077));
#3875=CARTESIAN_POINT('Ctrl Pts',(18.1106931970207,10.0849890457925,1.09933846552028));
#3876=CARTESIAN_POINT('Ctrl Pts',(19.3676532991517,4.17145670289389,1.09933846552028));
#3877=CARTESIAN_POINT('Ctrl Pts',(18.0502967113041,10.0721513764516,1.18238771503242));
#3878=CARTESIAN_POINT('Ctrl Pts',(19.3072568134351,4.15861903355301,1.18238771503242));
#3879=CARTESIAN_POINT('Ctrl Pts',(17.9877769485324,10.0588623906404,1.26976960704251));
#3880=CARTESIAN_POINT('Ctrl Pts',(19.2447370506634,4.14533004774183,1.26976960704251));
#3881=CARTESIAN_POINT('Ctrl Pts',(17.9205411241909,10.0445709749973,1.36366710745315));
#3882=CARTESIAN_POINT('Ctrl Pts',(19.1775012263219,4.13103863209875,1.36366710745315));
#3883=CARTESIAN_POINT('Ctrl Pts',(17.8474073234132,10.0290259057622,1.46604484534583));
#3884=CARTESIAN_POINT('Ctrl Pts',(19.1043674255442,4.1154935628636,1.46604484534583));
#3885=CARTESIAN_POINT('Ctrl Pts',(17.7695937142396,10.0124861125451,1.57836890422417));
#3886=CARTESIAN_POINT('Ctrl Pts',(19.0265538163706,4.09895376964651,1.57836890422417));
#3887=CARTESIAN_POINT('Ctrl Pts',(17.6903851211867,9.99564980635105,1.70147722735442));
#3888=CARTESIAN_POINT('Ctrl Pts',(18.9473452233177,4.08211746345248,1.70147722735442));
#3889=CARTESIAN_POINT('Ctrl Pts',(17.614132774177,9.9794418696514,1.83553354574532));
#3890=CARTESIAN_POINT('Ctrl Pts',(18.871092876308,4.06590952675282,1.83553354574532));
#3891=CARTESIAN_POINT('Ctrl Pts',(17.5454509220038,9.96484309130432,1.97994488914286));
#3892=CARTESIAN_POINT('Ctrl Pts',(18.8024110241348,4.05131074840575,1.97994488914286));
#3893=CARTESIAN_POINT('Ctrl Pts',(17.4883702042576,9.95271021020254,2.13330793541122));
#3894=CARTESIAN_POINT('Ctrl Pts',(18.7453303063886,4.03917786730397,2.13330793541122));
#3895=CARTESIAN_POINT('Ctrl Pts',(17.4454202547173,9.94358091660436,2.29330001841966));
#3896=CARTESIAN_POINT('Ctrl Pts',(18.7023803568483,4.03004857370579,2.29330001841966));
#3897=CARTESIAN_POINT('Ctrl Pts',(17.4170096390892,9.9375420538315,2.45671415891778));
#3898=CARTESIAN_POINT('Ctrl Pts',(18.6739697412201,4.02400971093293,2.45671415891778));
#3899=CARTESIAN_POINT('Ctrl Pts',(17.4019708777244,9.93434546642403,2.62003808583167));
#3900=CARTESIAN_POINT('Ctrl Pts',(18.6589309798554,4.02081312352546,2.62003808583167));
#3901=CARTESIAN_POINT('Ctrl Pts',(17.3979126535174,9.93348286424011,2.7799306066825));
#3902=CARTESIAN_POINT('Ctrl Pts',(18.6548727556484,4.01995052134153,2.7799306066825));
#3903=CARTESIAN_POINT('Ctrl Pts',(17.4016477412532,9.93427678164677,2.93377158488027));
#3904=CARTESIAN_POINT('Ctrl Pts',(18.6586078433842,4.0207444387482,2.93377158488027));
#3905=CARTESIAN_POINT('Ctrl Pts',(17.409573379768,9.9359614281185,3.0801060597015));
#3906=CARTESIAN_POINT('Ctrl Pts',(18.6665334818989,4.02242908521993,3.0801060597015));
#3907=CARTESIAN_POINT('Ctrl Pts',(17.4180987270361,9.93777354662086,3.21932734965603));
#3908=CARTESIAN_POINT('Ctrl Pts',(18.6750588291671,4.02424120372229,3.21932734965603));
#3909=CARTESIAN_POINT('Ctrl Pts',(17.4239289935926,9.93901280803373,3.35347485538326));
#3910=CARTESIAN_POINT('Ctrl Pts',(18.6808890957236,4.02548046513516,3.35347485538326));
#3911=CARTESIAN_POINT('Ctrl Pts',(17.4242280582146,9.9390763761815,3.48531339991001));
#3912=CARTESIAN_POINT('Ctrl Pts',(18.6811881603456,4.02554403328293,3.48531339991001));
#3913=CARTESIAN_POINT('Ctrl Pts',(17.4168301303626,9.9375038980738,3.6175852232914));
#3914=CARTESIAN_POINT('Ctrl Pts',(18.6737902324936,4.02397155517523,3.6175852232914));
#3915=CARTESIAN_POINT('Ctrl Pts',(17.4004037898734,9.93401237161858,3.7522658236976));
#3916=CARTESIAN_POINT('Ctrl Pts',(18.6573638920044,4.02048002872001,3.7522658236976));
#3917=CARTESIAN_POINT('Ctrl Pts',(17.3747113526109,9.92855127549315,3.88963774588225));
#3918=CARTESIAN_POINT('Ctrl Pts',(18.6316714547419,4.01501893259458,3.88963774588225));
#3919=CARTESIAN_POINT('Ctrl Pts',(17.3405796440195,9.92129635687104,4.02806263649863));
#3920=CARTESIAN_POINT('Ctrl Pts',(18.5975397461505,4.00776401397247,4.02806263649863));
#3921=CARTESIAN_POINT('Ctrl Pts',(17.2994199761521,9.91254759938966,4.16489073573197));
#3922=CARTESIAN_POINT('Ctrl Pts',(18.5563800782831,3.99901525649109,4.16489073573197));
#3923=CARTESIAN_POINT('Ctrl Pts',(17.252847501663,9.9026483143438,4.29711297516311));
#3924=CARTESIAN_POINT('Ctrl Pts',(18.509807603794,3.98911597144523,4.29711297516311));
#3925=CARTESIAN_POINT('Ctrl Pts',(17.2022787155651,9.891899587043,4.42208782677675));
#3926=CARTESIAN_POINT('Ctrl Pts',(18.4592388176961,3.97836724414443,4.42208782677675));
#3927=CARTESIAN_POINT('Ctrl Pts',(17.1484986643668,9.88046828427385,4.53830110178224));
#3928=CARTESIAN_POINT('Ctrl Pts',(18.4054587664978,3.96693594137528,4.53830110178224));
#3929=CARTESIAN_POINT('Ctrl Pts',(17.0913570899849,9.86832246769482,4.64592429471535));
#3930=CARTESIAN_POINT('Ctrl Pts',(18.3483171921159,3.95479012479625,4.64592429471535));
#3931=CARTESIAN_POINT('Ctrl Pts',(17.0301983065066,9.85532276696276,4.74617099209259));
#3932=CARTESIAN_POINT('Ctrl Pts',(18.2871584086376,3.94179042406419,4.74617099209259));
#3933=CARTESIAN_POINT('Ctrl Pts',(16.9642125880768,9.84129706953398,4.8407897664682));
#3934=CARTESIAN_POINT('Ctrl Pts',(18.2211726902077,3.92776472663541,4.8407897664682));
#3935=CARTESIAN_POINT('Ctrl Pts',(16.8927887797111,9.82611547040641,4.93154124059331));
#3936=CARTESIAN_POINT('Ctrl Pts',(18.1497488818421,3.91258312750783,4.93154124059331));
#3937=CARTESIAN_POINT('Ctrl Pts',(16.8159347492847,9.80977964194848,5.01960053992345));
#3938=CARTESIAN_POINT('Ctrl Pts',(18.0728948514157,3.89624729904991,5.01960053992345));
#3939=CARTESIAN_POINT('Ctrl Pts',(16.7344435862603,9.79245816052952,5.10526598347423));
#3940=CARTESIAN_POINT('Ctrl Pts',(17.9914036883913,3.87892581763095,5.10526598347423));
#3941=CARTESIAN_POINT('Ctrl Pts',(16.6495490997969,9.77441328038213,5.18829255695645));
#3942=CARTESIAN_POINT('Ctrl Pts',(17.9065092019279,3.86088093748356,5.18829255695645));
#3943=CARTESIAN_POINT('Ctrl Pts',(16.5626827006674,9.75594925725851,5.2680971060875));
#3944=CARTESIAN_POINT('Ctrl Pts',(17.8196428027984,3.84241691435994,5.2680971060875));
#3945=CARTESIAN_POINT('Ctrl Pts',(16.4752124200853,9.73735687516967,5.34399640679253));
#3946=CARTESIAN_POINT('Ctrl Pts',(17.7321725222163,3.8238245322711,5.34399640679253));
#3947=CARTESIAN_POINT('Ctrl Pts',(16.3881363030296,9.71884827512473,5.41547331552513));
#3948=CARTESIAN_POINT('Ctrl Pts',(17.6450964051606,3.80531593222616,5.41547331552513));
#3949=CARTESIAN_POINT('Ctrl Pts',(16.3020285994076,9.70054551770952,5.48224466515617));
#3950=CARTESIAN_POINT('Ctrl Pts',(17.5589887015385,3.78701317481094,5.48224466515617));
#3951=CARTESIAN_POINT('Ctrl Pts',(16.2341507551107,9.6861176365122,5.53178636672469));
#3952=CARTESIAN_POINT('Ctrl Pts',(17.4911108572417,3.77258529361363,5.53178636672469));
#3953=CARTESIAN_POINT('Ctrl Pts',(16.1838510218699,9.67542609816163,5.5667465693973));
#3954=CARTESIAN_POINT('Ctrl Pts',(17.4408111240009,3.76189375526305,5.5667465693973));
#3955=CARTESIAN_POINT('Ctrl Pts',(16.1505883156041,9.66835589168593,5.58907799718132));
#3956=CARTESIAN_POINT('Ctrl Pts',(17.4075484177351,3.75482354878736,5.58907799718132));
#3957=CARTESIAN_POINT('Ctrl Pts',(16.1340245657907,9.66483515797721,5.59999987483025));
#3958=CARTESIAN_POINT('Ctrl Pts',(17.3909846679216,3.75130281507864,5.59999987483025));
#3959=CARTESIAN_POINT('',(18.5793940595495,10.1846144895834,0.599999986588955));
#3960=CARTESIAN_POINT('',(18.6928398621828,9.65089395072071,0.599999986588955));
#3961=CARTESIAN_POINT('Ctrl Pts',(16.247470368424,9.13111461911458,5.59999987483025));
#3962=CARTESIAN_POINT('Ctrl Pts',(16.518932408601,9.18881565699855,5.42100204990971));
#3963=CARTESIAN_POINT('Ctrl Pts',(16.8688916012907,9.29359735274184,5.12639130594789));
#3964=CARTESIAN_POINT('Ctrl Pts',(17.2621328021187,9.43975158406178,4.55019819895659));
#3965=CARTESIAN_POINT('Ctrl Pts',(17.359491208781,9.4829655316634,4.27819604722052));
#3966=CARTESIAN_POINT('Ctrl Pts',(17.5369304848393,9.56130498522363,3.60693458916558));
#3967=CARTESIAN_POINT('Ctrl Pts',(17.5052203289336,9.54801357324249,3.33591540732711));
#3968=CARTESIAN_POINT('Ctrl Pts',(17.4772414431491,9.53525253356441,2.74088027889949));
#3969=CARTESIAN_POINT('Ctrl Pts',(17.475985583758,9.53351244081752,2.43519447419456));
#3970=CARTESIAN_POINT('Ctrl Pts',(17.6464604050324,9.6146639514672,1.89824491771941));
#3971=CARTESIAN_POINT('Ctrl Pts',(17.7440103069408,9.66295159673256,1.72243700488114));
#3972=CARTESIAN_POINT('Ctrl Pts',(18.0681322826588,9.83766607335687,1.20874321116473));
#3973=CARTESIAN_POINT('Ctrl Pts',(18.3055926988646,9.98109125034908,0.863830386442313));
#3974=CARTESIAN_POINT('Ctrl Pts',(18.5793940595495,10.1846144895834,0.599999986588956));
#3975=CARTESIAN_POINT('Ctrl Pts',(15.9221547987381,9.35812644507232,5.1798159406848));
#3976=CARTESIAN_POINT('Ctrl Pts',(17.1258986165995,3.69495703546293,5.1798159406848));
#3977=CARTESIAN_POINT('Ctrl Pts',(16.1475094786593,9.40602706099259,5.03122058821766));
#3978=CARTESIAN_POINT('Ctrl Pts',(17.3512532965207,3.74285765138321,5.03122058821766));
#3979=CARTESIAN_POINT('Ctrl Pts',(16.4418788416971,9.46859720066091,4.78051068379307));
#3980=CARTESIAN_POINT('Ctrl Pts',(17.6456226595585,3.80542779105153,4.78051068379307));
#3981=CARTESIAN_POINT('Ctrl Pts',(16.614427395819,9.5052735280462,4.55362632778307));
#3982=CARTESIAN_POINT('Ctrl Pts',(17.8181712136804,3.84210411843682,4.55362632778307));
#3983=CARTESIAN_POINT('Ctrl Pts',(16.723190848365,9.52839191355474,4.41061309875953));
#3984=CARTESIAN_POINT('Ctrl Pts',(17.9269346662264,3.86522250394535,4.41061309875953));
#3985=CARTESIAN_POINT('Ctrl Pts',(16.8096055493499,9.54675992527384,4.24189248653958));
#3986=CARTESIAN_POINT('Ctrl Pts',(18.0133493672113,3.88359051566445,4.24189248653958));
#3987=CARTESIAN_POINT('Ctrl Pts',(16.8849844518202,9.56278220560538,4.0127195461276));
#3988=CARTESIAN_POINT('Ctrl Pts',(18.0887282696816,3.899612795996,4.0127195461276));
#3989=CARTESIAN_POINT('Ctrl Pts',(16.9531182028196,9.57726448145149,3.80557389202387));
#3990=CARTESIAN_POINT('Ctrl Pts',(18.156862020681,3.91409507184211,3.80557389202387));
#3991=CARTESIAN_POINT('Ctrl Pts',(16.9872427834794,9.58451788498498,3.61665241232663));
#3992=CARTESIAN_POINT('Ctrl Pts',(18.1909866013408,3.9213484753756,3.61665241232663));
#3993=CARTESIAN_POINT('Ctrl Pts',(16.9873957515543,9.58455039935302,3.41788009833466));
#3994=CARTESIAN_POINT('Ctrl Pts',(18.1911395694157,3.92138098974364,3.41788009833466));
#3995=CARTESIAN_POINT('Ctrl Pts',(16.9875690358507,9.58458723206725,3.19270814269079));
#3996=CARTESIAN_POINT('Ctrl Pts',(18.1913128537121,3.92141782245786,3.19270814269079));
#3997=CARTESIAN_POINT('Ctrl Pts',(16.933488309781,9.57309201888127,2.85086195602261));
#3998=CARTESIAN_POINT('Ctrl Pts',(18.1372321276425,3.90992260927189,2.85086195602261));
#3999=CARTESIAN_POINT('Ctrl Pts',(16.9843170512831,9.58389600140897,2.42584156743125));
#4000=CARTESIAN_POINT('Ctrl Pts',(18.1880608691446,3.92072659179959,2.42584156743125));
#4001=CARTESIAN_POINT('Ctrl Pts',(17.0320101126541,9.59403347454949,2.0270411470796));
#4002=CARTESIAN_POINT('Ctrl Pts',(18.2357539305155,3.9308640649401,2.0270411470796));
#4003=CARTESIAN_POINT('Ctrl Pts',(17.2184467858252,9.63366181276794,1.60656753670823));
#4004=CARTESIAN_POINT('Ctrl Pts',(18.4221906036866,3.97049240315855,1.60656753670823));
#4005=CARTESIAN_POINT('Ctrl Pts',(17.3945688889546,9.67109772144322,1.33562165953166));
#4006=CARTESIAN_POINT('Ctrl Pts',(18.598312706816,4.00792831183383,1.33562165953166));
#4007=CARTESIAN_POINT('Ctrl Pts',(17.6048398293593,9.71579218955477,1.01214128210944));
#4008=CARTESIAN_POINT('Ctrl Pts',(18.8085836472207,4.05262277994538,1.01214128210944));
#4009=CARTESIAN_POINT('Ctrl Pts',(17.7183828061738,9.73992649430824,0.853754643475003));
#4010=CARTESIAN_POINT('Ctrl Pts',(18.9221266240352,4.07675708469885,0.853754643475003));
#4011=CARTESIAN_POINT('Ctrl Pts',(17.9088795948746,9.78041783672367,0.627380037430277));
#4012=CARTESIAN_POINT('Ctrl Pts',(19.112623412736,4.11724842711428,0.627380037430277));
#4013=CARTESIAN_POINT('Ctrl Pts',(17.9165483059758,9.78204787158778,0.618267015283077));
#4014=CARTESIAN_POINT('Ctrl Pts',(19.1202921238372,4.11887846197839,0.618267015283077));
#4015=CARTESIAN_POINT('Ctrl Pts',(17.9243174082067,9.78369924524523,0.609139505632968));
#4016=CARTESIAN_POINT('Ctrl Pts',(19.1280612260681,4.12052983563584,0.609139505632968));
#4017=CARTESIAN_POINT('Ctrl Pts',(17.9321888620629,9.78537237441225,0.599999986588897));
#4018=CARTESIAN_POINT('Ctrl Pts',(19.1359326799243,4.12220296480286,0.599999986588897));
#4019=CARTESIAN_POINT('',(16.2474703684244,9.13111461911467,4.98231089439848));
#4020=CARTESIAN_POINT('Ctrl Pts',(16.2474703684245,9.13111461911469,4.98231089439844));
#4021=CARTESIAN_POINT('Ctrl Pts',(16.1651176576346,9.11361001006498,5.05037341942913));
#4022=CARTESIAN_POINT('Ctrl Pts',(16.0747175548169,9.09627381235181,5.11868088585474));
#4023=CARTESIAN_POINT('Ctrl Pts',(15.9811111532351,9.08075860456077,5.1798159406848));
#4024=CARTESIAN_POINT('',(17.9360044228461,9.76742157226673,0.599999986588955));
#4025=CARTESIAN_POINT('Ctrl Pts',(17.9360044228461,9.76742157226676,0.599999986588904));
#4026=CARTESIAN_POINT('Ctrl Pts',(17.7509538765064,9.66358955800515,0.830091567555601));
#4027=CARTESIAN_POINT('Ctrl Pts',(17.4660793339288,9.52725592478049,1.23998991294166));
#4028=CARTESIAN_POINT('Ctrl Pts',(17.1660125271459,9.40274033061527,1.81679274364891));
#4029=CARTESIAN_POINT('Ctrl Pts',(17.0687681809567,9.36778806379668,2.09822285048805));
#4030=CARTESIAN_POINT('Ctrl Pts',(16.9958102347577,9.34154305181126,2.76513274905692));
#4031=CARTESIAN_POINT('Ctrl Pts',(17.0222518406948,9.35105212891017,3.04566369368088));
#4032=CARTESIAN_POINT('Ctrl Pts',(17.0401593798349,9.35749911615118,3.44988572839934));
#4033=CARTESIAN_POINT('Ctrl Pts',(17.0437123735172,9.35720351815957,3.70591698445407));
#4034=CARTESIAN_POINT('Ctrl Pts',(16.8736492794476,9.29986681420987,4.19554995502734));
#4035=CARTESIAN_POINT('Ctrl Pts',(16.8233580491963,9.28341742626889,4.31137954079617));
#4036=CARTESIAN_POINT('Ctrl Pts',(16.7144141295405,9.24992223619913,4.49893233911104));
#4037=CARTESIAN_POINT('Ctrl Pts',(16.6233068693343,9.21992780962989,4.63738840808839));
#4038=CARTESIAN_POINT('Ctrl Pts',(16.3676674688878,9.15771982932269,4.87926957634735));
#4039=CARTESIAN_POINT('Ctrl Pts',(16.3098838766477,9.14438101982439,4.93072763836527));
#4040=CARTESIAN_POINT('Ctrl Pts',(16.2474703684245,9.13111461911469,4.98231089439844));
#4041=CARTESIAN_POINT('',(17.9924183804266,9.50201476883879,0.599999986588955));
#4042=CARTESIAN_POINT('Origin',(15.0000002235174,15.0000002235174,0.6));
#4043=CARTESIAN_POINT('',(19.8104549986735,11.4139822570011,0.599999986588955));
#4044=CARTESIAN_POINT('Origin',(15.0000002235174,15.0000002235174,0.6));
#4045=CARTESIAN_POINT('',(18.5267117372726,10.145898257268,4.98231089439848));
#4046=CARTESIAN_POINT('Ctrl Pts',(19.8104549986736,11.4139822570011,0.599999986588881));
#4047=CARTESIAN_POINT('Ctrl Pts',(19.6836351975551,11.2438601539969,0.830091567555672));
#4048=CARTESIAN_POINT('Ctrl Pts',(19.4788412374984,11.0034442674914,1.23998991294608));
#4049=CARTESIAN_POINT('Ctrl Pts',(19.255361623943,10.7676454463358,1.81679274368798));
#4050=CARTESIAN_POINT('Ctrl Pts',(19.1807408608834,10.6961621228322,2.09822285052791));
#4051=CARTESIAN_POINT('Ctrl Pts',(19.1247652686111,10.6425114412286,2.7651327490775));
#4052=CARTESIAN_POINT('Ctrl Pts',(19.1450531875117,10.6619531854569,3.04566369370266));
#4053=CARTESIAN_POINT('Ctrl Pts',(19.1587903126002,10.67512645372,3.44988572839731));
#4054=CARTESIAN_POINT('Ctrl Pts',(19.1621563643746,10.6763015442406,3.70591698446268));
#4055=CARTESIAN_POINT('Ctrl Pts',(19.0301169357626,10.5547509667969,4.19554995503325));
#4056=CARTESIAN_POINT('Ctrl Pts',(18.9908641796389,10.5192684169938,4.31137954080288));
#4057=CARTESIAN_POINT('Ctrl Pts',(18.9049626778716,10.4443575540918,4.49893233910617));
#4058=CARTESIAN_POINT('Ctrl Pts',(18.8339318865263,10.3798996207688,4.63738840808661));
#4059=CARTESIAN_POINT('Ctrl Pts',(18.6256959385329,10.219091891352,4.87926957634887));
#4060=CARTESIAN_POINT('Ctrl Pts',(18.5783333829148,10.1834035781927,4.93072763836563));
#4061=CARTESIAN_POINT('Ctrl Pts',(18.5267117372726,10.145898257268,4.9823108943985));
#4062=CARTESIAN_POINT('Ctrl Pts',(18.5267117372726,10.145898257268,4.9823108943985));
#4063=CARTESIAN_POINT('Ctrl Pts',(18.4585985583305,10.0964111360489,5.0503734194279));
#4064=CARTESIAN_POINT('Ctrl Pts',(18.3830652218926,10.0438046970214,5.11868088585372));
#4065=CARTESIAN_POINT('Ctrl Pts',(18.3038621224535,9.99155769586888,5.17981594068479));
#4066=CARTESIAN_POINT('Ctrl Pts',(9.27379706210054,16.7918142077745,0.599999986588955));
#4067=CARTESIAN_POINT('Ctrl Pts',(4.78100787811496,20.8371397592127,0.599999986588955));
#4068=CARTESIAN_POINT('Ctrl Pts',(9.28772749270647,16.8072855183424,0.617710473229909));
#4069=CARTESIAN_POINT('Ctrl Pts',(4.79493830872089,20.8526110697806,0.617710473229909));
#4070=CARTESIAN_POINT('Ctrl Pts',(9.31499507385372,16.8375692352137,0.652912164735697));
#4071=CARTESIAN_POINT('Ctrl Pts',(4.82220588986814,20.8828947866519,0.652912164735697));
#4072=CARTESIAN_POINT('Ctrl Pts',(9.35411654552776,16.8810180312534,0.705056824060976));
#4073=CARTESIAN_POINT('Ctrl Pts',(4.86132736154219,20.9263435826916,0.705056824060976));
#4074=CARTESIAN_POINT('Ctrl Pts',(9.40271636273786,16.9349935964654,0.773266504242879));
#4075=CARTESIAN_POINT('Ctrl Pts',(4.90992717875228,20.9803191479036,0.773266504242879));
#4076=CARTESIAN_POINT('Ctrl Pts',(9.45766131003658,16.9960161425619,0.856453824779287));
#4077=CARTESIAN_POINT('Ctrl Pts',(4.96487212605101,21.0413416940002,0.856453824779287));
#4078=CARTESIAN_POINT('Ctrl Pts',(9.50723652919882,17.0510750013889,0.937940908416496));
#4079=CARTESIAN_POINT('Ctrl Pts',(5.01444734521324,21.0964005528271,0.937940908416496));
#4080=CARTESIAN_POINT('Ctrl Pts',(9.55231803915244,17.1011430905308,1.01847652342077));
#4081=CARTESIAN_POINT('Ctrl Pts',(5.05952885516687,21.146468641969,1.01847652342077));
#4082=CARTESIAN_POINT('Ctrl Pts',(9.59442565855112,17.1479083396047,1.09933846552028));
#4083=CARTESIAN_POINT('Ctrl Pts',(5.10163647456554,21.1932338910429,1.09933846552028));
#4084=CARTESIAN_POINT('Ctrl Pts',(9.63574164918403,17.1937943958641,1.18238771503242));
#4085=CARTESIAN_POINT('Ctrl Pts',(5.14295246519845,21.2391199473023,1.18238771503242));
#4086=CARTESIAN_POINT('Ctrl Pts',(9.6785101298729,17.2412936057574,1.26976960704251));
#4087=CARTESIAN_POINT('Ctrl Pts',(5.18572094588733,21.2866191571956,1.26976960704251));
#4088=CARTESIAN_POINT('Ctrl Pts',(9.72450477104659,17.29237582986,1.36366710745315));
#4089=CARTESIAN_POINT('Ctrl Pts',(5.23171558706102,21.3377013812982,1.36366710745315));
#4090=CARTESIAN_POINT('Ctrl Pts',(9.77453409629664,17.3479390245912,1.46604484534583));
#4091=CARTESIAN_POINT('Ctrl Pts',(5.28174491231106,21.3932645760294,1.46604484534583));
#4092=CARTESIAN_POINT('Ctrl Pts',(9.8277647819828,17.4070576902872,1.57836890422417));
#4093=CARTESIAN_POINT('Ctrl Pts',(5.33497559799723,21.4523832417254,1.57836890422417));
#4094=CARTESIAN_POINT('Ctrl Pts',(9.88194974737917,17.4672361909719,1.70147722735442));
#4095=CARTESIAN_POINT('Ctrl Pts',(5.38916056339359,21.5125617424102,1.70147722735442));
#4096=CARTESIAN_POINT('Ctrl Pts',(9.93411240580884,17.5251686922307,1.83553354574532));
#4097=CARTESIAN_POINT('Ctrl Pts',(5.44132322182326,21.5704942436689,1.83553354574532));
#4098=CARTESIAN_POINT('Ctrl Pts',(9.98109624480826,17.5773495318182,1.97994488914286));
#4099=CARTESIAN_POINT('Ctrl Pts',(5.48830706082268,21.6226750832564,1.97994488914286));
#4100=CARTESIAN_POINT('Ctrl Pts',(10.0201439869366,17.6207164429017,2.13330793541122));
#4101=CARTESIAN_POINT('Ctrl Pts',(5.52735480295098,21.6660419943399,2.13330793541122));
#4102=CARTESIAN_POINT('Ctrl Pts',(10.0495251618813,17.6533475434957,2.29330001841966));
#4103=CARTESIAN_POINT('Ctrl Pts',(5.55673597789576,21.698673094934,2.29330001841966));
#4104=CARTESIAN_POINT('Ctrl Pts',(10.0689602782667,17.6749324269805,2.45671415891778));
#4105=CARTESIAN_POINT('Ctrl Pts',(5.57617109428112,21.7202579784187,2.45671415891778));
#4106=CARTESIAN_POINT('Ctrl Pts',(10.0792479848494,17.6863580826601,2.62003808583167));
#4107=CARTESIAN_POINT('Ctrl Pts',(5.5864588008638,21.7316836340983,2.62003808583167));
#4108=CARTESIAN_POINT('Ctrl Pts',(10.0820241323575,17.6894413068256,2.7799306066825));
#4109=CARTESIAN_POINT('Ctrl Pts',(5.58923494837194,21.7347668582639,2.7799306066825));
#4110=CARTESIAN_POINT('Ctrl Pts',(10.0794690358469,17.6866035846644,2.93377158488027));
#4111=CARTESIAN_POINT('Ctrl Pts',(5.58667985186134,21.7319291361026,2.93377158488027));
#4112=CARTESIAN_POINT('Ctrl Pts',(10.0740472699486,17.6805821036053,3.0801060597015));
#4113=CARTESIAN_POINT('Ctrl Pts',(5.58125808596305,21.7259076550435,3.0801060597015));
#4114=CARTESIAN_POINT('Ctrl Pts',(10.0682152556568,17.6741049955462,3.21932734965603));
#4115=CARTESIAN_POINT('Ctrl Pts',(5.57542607167127,21.7194305469844,3.21932734965603));
#4116=CARTESIAN_POINT('Ctrl Pts',(10.0642268905131,17.6696754673038,3.35347485538326));
#4117=CARTESIAN_POINT('Ctrl Pts',(5.57143770652755,21.715001018742,3.35347485538326));
#4118=CARTESIAN_POINT('Ctrl Pts',(10.0640223065713,17.6694482538177,3.48531339991001));
#4119=CARTESIAN_POINT('Ctrl Pts',(5.5712331225857,21.7147738052559,3.48531339991001));
#4120=CARTESIAN_POINT('Ctrl Pts',(10.0690830764854,17.675068808219,3.6175852232914));
#4121=CARTESIAN_POINT('Ctrl Pts',(5.57629389249987,21.7203943596572,3.6175852232914));
#4122=CARTESIAN_POINT('Ctrl Pts',(10.0803199973383,17.6875486731463,3.7522658236976));
#4123=CARTESIAN_POINT('Ctrl Pts',(5.58753081335269,21.7328742245845,3.7522658236976));
#4124=CARTESIAN_POINT('Ctrl Pts',(10.0978956639466,17.707068428438,3.88963774588225));
#4125=CARTESIAN_POINT('Ctrl Pts',(5.60510647996105,21.7523939798762,3.88963774588225));
#4126=CARTESIAN_POINT('Ctrl Pts',(10.1212444620715,17.7329998958417,4.02806263649863));
#4127=CARTESIAN_POINT('Ctrl Pts',(5.62845527808589,21.7783254472799,4.02806263649863));
#4128=CARTESIAN_POINT('Ctrl Pts',(10.1494009422356,17.7642708350855,4.16489073573197));
#4129=CARTESIAN_POINT('Ctrl Pts',(5.65661175825004,21.8095963865237,4.16489073573197));
#4130=CARTESIAN_POINT('Ctrl Pts',(10.1812602118092,17.7996541385872,4.29711297516311));
#4131=CARTESIAN_POINT('Ctrl Pts',(5.6884710278236,21.8449796900255,4.29711297516311));
#4132=CARTESIAN_POINT('Ctrl Pts',(10.2158532757589,17.8380736283362,4.42208782677675));
#4133=CARTESIAN_POINT('Ctrl Pts',(5.72306409177337,21.8833991797744,4.42208782677675));
#4134=CARTESIAN_POINT('Ctrl Pts',(10.2526430999546,17.8789328675062,4.53830110178224));
#4135=CARTESIAN_POINT('Ctrl Pts',(5.75985391596898,21.9242584189444,4.53830110178224));
#4136=CARTESIAN_POINT('Ctrl Pts',(10.2917324728527,17.9223460142436,4.64592429471535));
#4137=CARTESIAN_POINT('Ctrl Pts',(5.79894328886707,21.9676715656818,4.64592429471535));
#4138=CARTESIAN_POINT('Ctrl Pts',(10.3335699356673,17.9688112240343,4.74617099209259));
#4139=CARTESIAN_POINT('Ctrl Pts',(5.84078075168175,22.0141367754725,4.74617099209259));
#4140=CARTESIAN_POINT('Ctrl Pts',(10.3787094051614,18.0189436837671,4.8407897664682));
#4141=CARTESIAN_POINT('Ctrl Pts',(5.88592022117581,22.0642692352054,4.8407897664682));
#4142=CARTESIAN_POINT('Ctrl Pts',(10.4275689598588,18.073207716683,4.93154124059331));
#4143=CARTESIAN_POINT('Ctrl Pts',(5.93477977587318,22.1185332681212,4.93154124059331));
#4144=CARTESIAN_POINT('Ctrl Pts',(10.4801432175084,18.1315973451866,5.01960053992345));
#4145=CARTESIAN_POINT('Ctrl Pts',(5.98735403352281,22.1769228966248,5.01960053992345));
#4146=CARTESIAN_POINT('Ctrl Pts',(10.5358896419606,18.1935100218402,5.10526598347423));
#4147=CARTESIAN_POINT('Ctrl Pts',(6.04310045797502,22.2388355732784,5.10526598347423));
#4148=CARTESIAN_POINT('Ctrl Pts',(10.5939642098082,18.258008363685,5.18829255695645));
#4149=CARTESIAN_POINT('Ctrl Pts',(6.10117502582259,22.3033339151232,5.18829255695645));
#4150=CARTESIAN_POINT('Ctrl Pts',(10.653387722454,18.3240048605046,5.2680971060875));
#4151=CARTESIAN_POINT('Ctrl Pts',(6.16059853846845,22.3693304119428,5.2680971060875));
#4152=CARTESIAN_POINT('Ctrl Pts',(10.7132243379509,18.3904601545204,5.34399640679253));
#4153=CARTESIAN_POINT('Ctrl Pts',(6.2204351539653,22.4357857059586,5.34399640679253));
#4154=CARTESIAN_POINT('Ctrl Pts',(10.7727913143061,18.4566159839311,5.41547331552513));
#4155=CARTESIAN_POINT('Ctrl Pts',(6.28000213032056,22.5019415353693,5.41547331552513));
#4156=CARTESIAN_POINT('Ctrl Pts',(10.8316958189981,18.5220360640217,5.48224466515617));
#4157=CARTESIAN_POINT('Ctrl Pts',(6.33890663501248,22.5673616154599,5.48224466515617));
#4158=CARTESIAN_POINT('Ctrl Pts',(10.8781296527861,18.5736060609383,5.53178636672469));
#4159=CARTESIAN_POINT('Ctrl Pts',(6.38534046880056,22.6189316123765,5.53178636672469));
#4160=CARTESIAN_POINT('Ctrl Pts',(10.9125386632237,18.6118211385531,5.5667465693973));
#4161=CARTESIAN_POINT('Ctrl Pts',(6.41974947923808,22.6571466899913,5.5667465693973));
#4162=CARTESIAN_POINT('Ctrl Pts',(10.9352929947745,18.63709238394,5.58907799718132));
#4163=CARTESIAN_POINT('Ctrl Pts',(6.44250381078893,22.6824179353782,5.58907799718132));
#4164=CARTESIAN_POINT('Ctrl Pts',(10.946623914513,18.6496766452061,5.59999987483025));
#4165=CARTESIAN_POINT('Ctrl Pts',(6.45383473052738,22.6950021966443,5.59999987483025));
#4166=CARTESIAN_POINT('',(9.27379706210054,16.7918142077745,0.599999986588955));
#4167=CARTESIAN_POINT('',(8.86830441824063,17.156921424239,0.599999986588955));
#4168=CARTESIAN_POINT('Ctrl Pts',(10.5411312706531,19.0147838616706,5.59999987483025));
#4169=CARTESIAN_POINT('Ctrl Pts',(10.3554296859278,18.8085413576511,5.42100204990543));
#4170=CARTESIAN_POINT('Ctrl Pts',(10.1338958871724,18.5180703327269,5.12639130593942));
#4171=CARTESIAN_POINT('Ctrl Pts',(9.9016643745506,18.1686876973581,4.55019819896022));
#4172=CARTESIAN_POINT('Ctrl Pts',(9.84830029010949,18.0765010437328,4.27819604723264));
#4173=CARTESIAN_POINT('Ctrl Pts',(9.75079567578069,17.9088269048224,3.60693458916923));
#4174=CARTESIAN_POINT('Ctrl Pts',(9.76863723485899,17.9382186449851,3.33591540732838));
#4175=CARTESIAN_POINT('Ctrl Pts',(9.78377187801564,17.9649881193903,2.74088027889208));
#4176=CARTESIAN_POINT('Ctrl Pts',(9.78376508875073,17.9671340596222,2.43519447419135));
#4177=CARTESIAN_POINT('Ctrl Pts',(9.69354772238798,17.8012785225554,1.8982449177174));
#4178=CARTESIAN_POINT('Ctrl Pts',(9.64301095969905,17.7048746032124,1.72243700487881));
#4179=CARTESIAN_POINT('Ctrl Pts',(9.48348536581472,17.3730135051891,1.20874321116325));
#4180=CARTESIAN_POINT('Ctrl Pts',(9.37567905745668,17.1174043689327,0.863830386441704));
#4181=CARTESIAN_POINT('Ctrl Pts',(9.27379706210054,16.7918142077745,0.599999986588955));
#4182=CARTESIAN_POINT('Ctrl Pts',(10.9377512984576,19.0223431307491,5.17981594068478));
#4183=CARTESIAN_POINT('Ctrl Pts',(6.63517463273167,22.8964005614703,5.17981594068478));
#4184=CARTESIAN_POINT('Ctrl Pts',(10.7835908082531,18.8511305610358,5.03122058821766));
#4185=CARTESIAN_POINT('Ctrl Pts',(6.48101414252719,22.7251879917569,5.03122058821766));
#4186=CARTESIAN_POINT('Ctrl Pts',(10.5822187962632,18.6274842843834,4.78051068379307));
#4187=CARTESIAN_POINT('Ctrl Pts',(6.27964213053722,22.5015417151046,4.78051068379307));
#4188=CARTESIAN_POINT('Ctrl Pts',(10.464181887969,18.4963910168202,4.55362632778307));
#4189=CARTESIAN_POINT('Ctrl Pts',(6.16160522224309,22.3704484475414,4.55362632778307));
#4190=CARTESIAN_POINT('Ctrl Pts',(10.3897790525512,18.4137582966664,4.41061309875953));
#4191=CARTESIAN_POINT('Ctrl Pts',(6.08720238682523,22.2878157273875,4.41061309875953));
#4192=CARTESIAN_POINT('Ctrl Pts',(10.3306645372929,18.3481049762125,4.24189248653958));
#4193=CARTESIAN_POINT('Ctrl Pts',(6.028087871567,22.2221624069337,4.24189248653958));
#4194=CARTESIAN_POINT('Ctrl Pts',(10.2790993842641,18.2908360719296,4.0127195461276));
#4195=CARTESIAN_POINT('Ctrl Pts',(5.97652271853819,22.1648935026508,4.0127195461276));
#4196=CARTESIAN_POINT('Ctrl Pts',(10.2324904899771,18.2390716506321,3.80557389202387));
#4197=CARTESIAN_POINT('Ctrl Pts',(5.92991382425114,22.1131290813532,3.80557389202387));
#4198=CARTESIAN_POINT('Ctrl Pts',(10.2091465679233,18.2131455986539,3.61665241232663));
#4199=CARTESIAN_POINT('Ctrl Pts',(5.90656990219732,22.0872030293751,3.61665241232663));
#4200=CARTESIAN_POINT('Ctrl Pts',(10.2090419256171,18.2130293815991,3.41788009833466));
#4201=CARTESIAN_POINT('Ctrl Pts',(5.90646525989118,22.0870868123203,3.41788009833466));
#4202=CARTESIAN_POINT('Ctrl Pts',(10.2089233854027,18.2128977293535,3.19270814269079));
#4203=CARTESIAN_POINT('Ctrl Pts',(5.90634671967678,22.0869551600747,3.19270814269079));
#4204=CARTESIAN_POINT('Ctrl Pts',(10.2459188950785,18.2539854053919,2.85086195602261));
#4205=CARTESIAN_POINT('Ctrl Pts',(5.94334222935256,22.1280428361131,2.85086195602261));
#4206=CARTESIAN_POINT('Ctrl Pts',(10.2111480009964,18.2153684152726,2.42584156743125));
#4207=CARTESIAN_POINT('Ctrl Pts',(5.90857133527049,22.0894258459937,2.42584156743125));
#4208=CARTESIAN_POINT('Ctrl Pts',(10.1785221610411,18.1791337491114,2.0270411470796));
#4209=CARTESIAN_POINT('Ctrl Pts',(5.87594549531516,22.0531911798325,2.0270411470796));
#4210=CARTESIAN_POINT('Ctrl Pts',(10.0509846768486,18.0374890230574,1.60656753670823));
#4211=CARTESIAN_POINT('Ctrl Pts',(5.74840801112266,21.9115464537785,1.60656753670823));
#4212=CARTESIAN_POINT('Ctrl Pts',(9.93050317735735,17.903680761917,1.33562165953166));
#4213=CARTESIAN_POINT('Ctrl Pts',(5.62792651163141,21.7777381926381,1.33562165953166));
#4214=CARTESIAN_POINT('Ctrl Pts',(9.78666116236176,17.7439280199046,1.01214128210944));
#4215=CARTESIAN_POINT('Ctrl Pts',(5.48408449663582,21.6179854506258,1.01214128210944));
#4216=CARTESIAN_POINT('Ctrl Pts',(9.70898875293534,17.6576640699387,0.853754643475003));
#4217=CARTESIAN_POINT('Ctrl Pts',(5.4064120872094,21.5317215006599,0.853754643475003));
#4218=CARTESIAN_POINT('Ctrl Pts',(9.57867382741981,17.5129346827921,0.627380037430277));
#4219=CARTESIAN_POINT('Ctrl Pts',(5.27609716169387,21.3869921135133,0.627380037430277));
#4220=CARTESIAN_POINT('Ctrl Pts',(9.57342782026785,17.5071084015963,0.618267015283077));
#4221=CARTESIAN_POINT('Ctrl Pts',(5.27085115454191,21.3811658323174,0.618267015283077));
#4222=CARTESIAN_POINT('Ctrl Pts',(9.56811313761393,17.5012058485285,0.60913950563297));
#4223=CARTESIAN_POINT('Ctrl Pts',(5.26553647188799,21.3752632792496,0.60913950563297));
#4224=CARTESIAN_POINT('Ctrl Pts',(9.56272843832338,17.4952255341078,0.599999986588897));
#4225=CARTESIAN_POINT('Ctrl Pts',(5.26015177259744,21.369282964829,0.599999986588897));
#4226=CARTESIAN_POINT('',(10.5411312706528,19.0147838616702,4.98231089439848));
#4227=CARTESIAN_POINT('Ctrl Pts',(10.5411312706528,19.0147838616702,4.98231089439849));
#4228=CARTESIAN_POINT('Ctrl Pts',(10.5974670621686,19.0773510967605,5.05037341942985));
#4229=CARTESIAN_POINT('Ctrl Pts',(10.6604123202948,19.1445122225703,5.1186808858554));
#4230=CARTESIAN_POINT('Ctrl Pts',(10.7270218796303,19.2120847517138,5.17981594068478));
#4231=CARTESIAN_POINT('',(9.54909036803872,17.5075053077486,0.599999986588955));
#4232=CARTESIAN_POINT('Ctrl Pts',(9.54909036803869,17.5075053077486,0.599999986588897));
#4233=CARTESIAN_POINT('Ctrl Pts',(9.63776847814701,17.7002771539133,0.830091567555257));
#4234=CARTESIAN_POINT('Ctrl Pts',(9.78810192535416,17.9780184349741,1.23998991293743));
#4235=CARTESIAN_POINT('Ctrl Pts',(9.95767264155585,18.255128510444,1.81679274363011));
#4236=CARTESIAN_POINT('Ctrl Pts',(10.0158005432624,18.3405642808555,2.09822285046801));
#4237=CARTESIAN_POINT('Ctrl Pts',(10.059398330623,18.4046805463858,2.76513274904529));
#4238=CARTESIAN_POINT('Ctrl Pts',(10.0435959173435,18.3814455553961,3.04566369366909));
#4239=CARTESIAN_POINT('Ctrl Pts',(10.0328978578729,18.365704045743,3.44988572839733));
#4240=CARTESIAN_POINT('Ctrl Pts',(10.0298496774628,18.3638547922535,3.70591698444953));
#4241=CARTESIAN_POINT('Ctrl Pts',(10.1337319416826,18.5102017388012,4.19554995501855));
#4242=CARTESIAN_POINT('Ctrl Pts',(10.1647496939827,18.5530700166536,4.31137954078888));
#4243=CARTESIAN_POINT('Ctrl Pts',(10.2331991976719,18.6442038239499,4.49893233910382));
#4244=CARTESIAN_POINT('Ctrl Pts',(10.2892762379006,18.7220213287065,4.63738840808298));
#4245=CARTESIAN_POINT('Ctrl Pts',(10.4595279238971,18.9226097114517,4.87926957634658));
#4246=CARTESIAN_POINT('Ctrl Pts',(10.4984354765096,18.9673653783643,4.9307276383651));
#4247=CARTESIAN_POINT('Ctrl Pts',(10.5411312706528,19.0147838616702,4.98231089439849));
#4248=CARTESIAN_POINT('',(9.34744831272314,17.6890646298553,0.599999986588955));
#4249=CARTESIAN_POINT('Origin',(15.0000002235174,15.0000002235174,0.6));
#4250=CARTESIAN_POINT('Origin',(15.0000002235174,15.0000002235174,0.6));
#4251=CARTESIAN_POINT('Ctrl Pts',(20.2285330320739,12.0567970925989,0.599999986588955));
#4252=CARTESIAN_POINT('Ctrl Pts',(23.7820735176844,7.16576821454225,0.599999986588955));
#4253=CARTESIAN_POINT('Ctrl Pts',(20.2116903484602,12.0445601666678,0.617710473229909));
#4254=CARTESIAN_POINT('Ctrl Pts',(23.7652308340706,7.15353128861114,0.617710473229909));
#4255=CARTESIAN_POINT('Ctrl Pts',(20.1787222906042,12.0206074705697,0.652912164735697));
#4256=CARTESIAN_POINT('Ctrl Pts',(23.7322627762147,7.12957859251306,0.652912164735697));
#4257=CARTESIAN_POINT('Ctrl Pts',(20.1314222043004,11.9862419462917,0.705056824060976));
#4258=CARTESIAN_POINT('Ctrl Pts',(23.6849626899109,7.09521306823504,0.705056824060976));
#4259=CARTESIAN_POINT('Ctrl Pts',(20.0726622586742,11.9435503468509,0.773266504242879));
#4260=CARTESIAN_POINT('Ctrl Pts',(23.6262027442847,7.05252146879432,0.773266504242879));
#4261=CARTESIAN_POINT('Ctrl Pts',(20.0062306895646,11.8952849866907,0.856453824779287));
#4262=CARTESIAN_POINT('Ctrl Pts',(23.5597711751751,7.00425610863404,0.856453824779287));
#4263=CARTESIAN_POINT('Ctrl Pts',(19.946291427452,11.8517365636686,0.937940908416496));
#4264=CARTESIAN_POINT('Ctrl Pts',(23.4998319130625,6.96070768561197,0.937940908416496));
#4265=CARTESIAN_POINT('Ctrl Pts',(19.8917853155839,11.8121355553602,1.01847652342077));
#4266=CARTESIAN_POINT('Ctrl Pts',(23.4453258011944,6.92110667730358,1.01847652342077));
#4267=CARTESIAN_POINT('Ctrl Pts',(19.84087480669,11.7751469055264,1.09933846552028));
#4268=CARTESIAN_POINT('Ctrl Pts',(23.3944152923005,6.88411802746978,1.09933846552028));
#4269=CARTESIAN_POINT('Ctrl Pts',(19.7909214220386,11.7388536471594,1.18238771503242));
#4270=CARTESIAN_POINT('Ctrl Pts',(23.3444619076491,6.84782476910274,1.18238771503242));
#4271=CARTESIAN_POINT('Ctrl Pts',(19.7392118942243,11.7012844760992,1.26976960704251));
#4272=CARTESIAN_POINT('Ctrl Pts',(23.2927523798348,6.81025559804258,1.26976960704251));
#4273=CARTESIAN_POINT('Ctrl Pts',(19.6836017547298,11.6608813447681,1.36366710745315));
#4274=CARTESIAN_POINT('Ctrl Pts',(23.2371422403403,6.76985246671148,1.36366710745315));
#4275=CARTESIAN_POINT('Ctrl Pts',(19.6231134525063,11.6169340207559,1.46604484534583));
#4276=CARTESIAN_POINT('Ctrl Pts',(23.1766539381168,6.7259051426993,1.46604484534583));
#4277=CARTESIAN_POINT('Ctrl Pts',(19.5587545232733,11.5701745216112,1.57836890422417));
#4278=CARTESIAN_POINT('Ctrl Pts',(23.1122950088837,6.67914564355458,1.57836890422417));
#4279=CARTESIAN_POINT('Ctrl Pts',(19.4932418155467,11.5225767533231,1.70147722735442));
#4280=CARTESIAN_POINT('Ctrl Pts',(23.0467823011572,6.63154787526645,1.70147722735442));
#4281=CARTESIAN_POINT('Ctrl Pts',(19.4301741920658,11.476755442724,1.83553354574532));
#4282=CARTESIAN_POINT('Ctrl Pts',(22.9837146776763,6.58572656466736,1.83553354574532));
#4283=CARTESIAN_POINT('Ctrl Pts',(19.3733680560883,11.4354833690847,1.97994488914286));
#4284=CARTESIAN_POINT('Ctrl Pts',(22.9269085416988,6.54445449102807,1.97994488914286));
#4285=CARTESIAN_POINT('Ctrl Pts',(19.3261571130026,11.4011826111456,2.13330793541122));
#4286=CARTESIAN_POINT('Ctrl Pts',(22.879697598613,6.51015373308901,2.13330793541122));
#4287=CARTESIAN_POINT('Ctrl Pts',(19.2906335999258,11.3753732681512,2.29330001841966));
#4288=CARTESIAN_POINT('Ctrl Pts',(22.8441740855363,6.48434439009461,2.29330001841966));
#4289=CARTESIAN_POINT('Ctrl Pts',(19.2671354378421,11.3583008540674,2.45671415891778));
#4290=CARTESIAN_POINT('Ctrl Pts',(22.8206759234526,6.46727197601081,2.45671415891778));
#4291=CARTESIAN_POINT('Ctrl Pts',(19.2546970149401,11.3492638108478,2.62003808583167));
#4292=CARTESIAN_POINT('Ctrl Pts',(22.8082375005506,6.45823493279122,2.62003808583167));
#4293=CARTESIAN_POINT('Ctrl Pts',(19.2513404945663,11.3468251560502,2.7799306066825));
#4294=CARTESIAN_POINT('Ctrl Pts',(22.8048809801768,6.45579627799355,2.7799306066825));
#4295=CARTESIAN_POINT('Ctrl Pts',(19.2544297517004,11.349069632738,2.93377158488027));
#4296=CARTESIAN_POINT('Ctrl Pts',(22.8079702373109,6.45804075468142,2.93377158488027));
#4297=CARTESIAN_POINT('Ctrl Pts',(19.2609849753138,11.3538322814737,3.0801060597015));
#4298=CARTESIAN_POINT('Ctrl Pts',(22.8145254609243,6.46280340341712,3.0801060597015));
#4299=CARTESIAN_POINT('Ctrl Pts',(19.268036212589,11.3589553052292,3.21932734965603));
#4300=CARTESIAN_POINT('Ctrl Pts',(22.8215766981994,6.46792642717256,3.21932734965603));
#4301=CARTESIAN_POINT('Ctrl Pts',(19.2728583730915,11.3624588099112,3.35347485538326));
#4302=CARTESIAN_POINT('Ctrl Pts',(22.826398858702,6.47142993185455,3.35347485538326));
#4303=CARTESIAN_POINT('Ctrl Pts',(19.2731057267235,11.3626385228442,3.48531339991001));
#4304=CARTESIAN_POINT('Ctrl Pts',(22.8266462123339,6.47160964478761,3.48531339991001));
#4305=CARTESIAN_POINT('Ctrl Pts',(19.2669869678051,11.3581929842715,3.61758522329141));
#4306=CARTESIAN_POINT('Ctrl Pts',(22.8205274534156,6.46716410621484,3.61758522329141));
#4307=CARTESIAN_POINT('Ctrl Pts',(19.2534008908151,11.3483221215495,3.75226582369761));
#4308=CARTESIAN_POINT('Ctrl Pts',(22.8069413764256,6.45729324349283,3.75226582369761));
#4309=CARTESIAN_POINT('Ctrl Pts',(19.2321509093638,11.3328831063057,3.88963774588225));
#4310=CARTESIAN_POINT('Ctrl Pts',(22.7856913949743,6.44185422824912,3.88963774588225));
#4311=CARTESIAN_POINT('Ctrl Pts',(19.2039208832647,11.312372791778,4.02806263649863));
#4312=CARTESIAN_POINT('Ctrl Pts',(22.7574613688752,6.42134391372142,4.02806263649863));
#4313=CARTESIAN_POINT('Ctrl Pts',(19.1698780958954,11.2876392589824,4.16489073573198));
#4314=CARTESIAN_POINT('Ctrl Pts',(22.7234185815059,6.39661038092576,4.16489073573198));
#4315=CARTESIAN_POINT('Ctrl Pts',(19.1313584253431,11.2596530801614,4.29711297516311));
#4316=CARTESIAN_POINT('Ctrl Pts',(22.6848989109536,6.36862420210478,4.29711297516311));
#4317=CARTESIAN_POINT('Ctrl Pts',(19.0895334417645,11.2292654508585,4.42208782677675));
#4318=CARTESIAN_POINT('Ctrl Pts',(22.643073927375,6.33823657280184,4.42208782677675));
#4319=CARTESIAN_POINT('Ctrl Pts',(19.0450524499948,11.1969481186499,4.53830110178225));
#4320=CARTESIAN_POINT('Ctrl Pts',(22.5985929356053,6.30591924059328,4.53830110178225));
#4321=CARTESIAN_POINT('Ctrl Pts',(18.9977911729385,11.1626107909406,4.64592429471535));
#4322=CARTESIAN_POINT('Ctrl Pts',(22.5513316585489,6.27158191288399,4.64592429471535));
#4323=CARTESIAN_POINT('Ctrl Pts',(18.9472072987337,11.1258594550996,4.74617099209259));
#4324=CARTESIAN_POINT('Ctrl Pts',(22.5007477843442,6.23483057704297,4.74617099209259));
#4325=CARTESIAN_POINT('Ctrl Pts',(18.8926311104818,11.0862075333181,4.8407897664682));
#4326=CARTESIAN_POINT('Ctrl Pts',(22.4461715960923,6.19517865526152,4.8407897664682));
#4327=CARTESIAN_POINT('Ctrl Pts',(18.8335571274475,11.0432877723451,4.93154124059331));
#4328=CARTESIAN_POINT('Ctrl Pts',(22.387097613058,6.15225889428844,4.93154124059331));
#4329=CARTESIAN_POINT('Ctrl Pts',(18.7699918570788,10.997104900118,5.01960053992345));
#4330=CARTESIAN_POINT('Ctrl Pts',(22.3235323426893,6.1060760220614,5.01960053992345));
#4331=CARTESIAN_POINT('Ctrl Pts',(18.7025912564653,10.9481354973592,5.10526598347423));
#4332=CARTESIAN_POINT('Ctrl Pts',(22.2561317420757,6.05710661930257,5.10526598347423));
#4333=CARTESIAN_POINT('Ctrl Pts',(18.6323757979536,10.8971209806271,5.18829255695645));
#4334=CARTESIAN_POINT('Ctrl Pts',(22.1859162835641,6.00609210257046,5.18829255695645));
#4335=CARTESIAN_POINT('Ctrl Pts',(18.5605293883901,10.8449215085947,5.2680971060875));
#4336=CARTESIAN_POINT('Ctrl Pts',(22.1140698740006,5.95389263053806,5.2680971060875));
#4337=CARTESIAN_POINT('Ctrl Pts',(18.4881835139632,10.7923591540978,5.34399640679253));
#4338=CARTESIAN_POINT('Ctrl Pts',(22.0417239995737,5.90133027604118,5.34399640679253));
#4339=CARTESIAN_POINT('Ctrl Pts',(18.4161636486081,10.7400336590561,5.41547331552513));
#4340=CARTESIAN_POINT('Ctrl Pts',(21.9697041342186,5.84900478099949,5.41547331552513));
#4341=CARTESIAN_POINT('Ctrl Pts',(18.3449447492062,10.6882900998429,5.48224466515617));
#4342=CARTESIAN_POINT('Ctrl Pts',(21.8984852348167,5.79726122178628,5.48224466515617));
#4343=CARTESIAN_POINT('Ctrl Pts',(18.2888036008391,10.6475011679832,5.53178636672469));
#4344=CARTESIAN_POINT('Ctrl Pts',(21.8423440864496,5.75647228992655,5.53178636672469));
#4345=CARTESIAN_POINT('Ctrl Pts',(18.2472011484344,10.6172752170418,5.5667465693973));
#4346=CARTESIAN_POINT('Ctrl Pts',(21.8007416340449,5.7262463389852,5.5667465693973));
#4347=CARTESIAN_POINT('Ctrl Pts',(18.2196898662642,10.5972871005452,5.58907799718132));
#4348=CARTESIAN_POINT('Ctrl Pts',(21.7732303518746,5.70625822248857,5.58907799718132));
#4349=CARTESIAN_POINT('Ctrl Pts',(18.2059901392704,10.5873336662621,5.59999987483025));
#4350=CARTESIAN_POINT('Ctrl Pts',(21.7595306248809,5.69630478820552,5.59999987483025));
#4351=CARTESIAN_POINT('',(20.2285330320739,12.0567970925989,0.599999986588955));
#4352=CARTESIAN_POINT('',(20.5492546300758,11.6153616836045,0.599999986588955));
#4353=CARTESIAN_POINT('Ctrl Pts',(18.5267117372723,10.1458982572677,5.59999987483025));
#4354=CARTESIAN_POINT('Ctrl Pts',(18.7512355245628,10.3090243372831,5.42100204989751));
#4355=CARTESIAN_POINT('Ctrl Pts',(19.0283206002157,10.5470884067191,5.12639130593098));
#4356=CARTESIAN_POINT('Ctrl Pts',(19.328118031556,10.8405525467852,4.55019819897));
#4357=CARTESIAN_POINT('Ctrl Pts',(19.3994826657436,10.9196296838232,4.2781960472475));
#4358=CARTESIAN_POINT('Ctrl Pts',(19.529717984041,11.06336739128,3.60693458918065));
#4359=CARTESIAN_POINT('Ctrl Pts',(19.5061554194426,11.0383273998741,3.33591540733249));
#4360=CARTESIAN_POINT('Ctrl Pts',(19.4857858178642,11.0152895719595,2.74088027889227));
#4361=CARTESIAN_POINT('Ctrl Pts',(19.4853462927061,11.0131891141035,2.43519447419032));
#4362=CARTESIAN_POINT('Ctrl Pts',(19.6080754983016,11.1566630645725,1.89824491771432));
#4363=CARTESIAN_POINT('Ctrl Pts',(19.6775514133478,11.2404531432017,1.72243700487493));
#4364=CARTESIAN_POINT('Ctrl Pts',(19.9025887922655,11.5318950440534,1.20874321116482));
#4365=CARTESIAN_POINT('Ctrl Pts',(20.0611834018379,11.7595043155571,0.86383038644233));
#4366=CARTESIAN_POINT('Ctrl Pts',(20.2285330320739,12.0567970925989,0.599999986588955));
#4367=CARTESIAN_POINT('Ctrl Pts',(18.1371871482568,10.2209661169483,5.17981594068479));
#4368=CARTESIAN_POINT('Ctrl Pts',(21.5402803600635,5.53701014653928,5.17981594068479));
#4369=CARTESIAN_POINT('Ctrl Pts',(18.3235759567366,10.3563855130531,5.03122058821766));
#4370=CARTESIAN_POINT('Ctrl Pts',(21.7266691685434,5.6724295426441,5.03122058821766));
#4371=CARTESIAN_POINT('Ctrl Pts',(18.5670461826434,10.5332769864775,4.78051068379307));
#4372=CARTESIAN_POINT('Ctrl Pts',(21.9701393944502,5.8493210160685,4.78051068379307));
#4373=CARTESIAN_POINT('Ctrl Pts',(18.7097595242032,10.6369642984345,4.55362632778307));
#4374=CARTESIAN_POINT('Ctrl Pts',(22.11285273601,5.95300832802547,4.55362632778307));
#4375=CARTESIAN_POINT('Ctrl Pts',(18.7997167877191,10.7023220760817,4.41061309875953));
#4376=CARTESIAN_POINT('Ctrl Pts',(22.2028099995258,6.0183661056727,4.41061309875953));
#4377=CARTESIAN_POINT('Ctrl Pts',(18.8711896018508,10.7542501151446,4.24189248653958));
#4378=CARTESIAN_POINT('Ctrl Pts',(22.2742828136576,6.07029414473563,4.24189248653958));
#4379=CARTESIAN_POINT('Ctrl Pts',(18.9335348072882,10.7995465583121,4.0127195461276));
#4380=CARTESIAN_POINT('Ctrl Pts',(22.3366280190949,6.11559058790309,4.0127195461276));
#4381=CARTESIAN_POINT('Ctrl Pts',(18.9898876137641,10.8404892687893,3.80557389202387));
#4382=CARTESIAN_POINT('Ctrl Pts',(22.3929808255708,6.15653329838029,3.80557389202387));
#4383=CARTESIAN_POINT('Ctrl Pts',(19.0181117444157,10.8609953000237,3.61665241232663));
#4384=CARTESIAN_POINT('Ctrl Pts',(22.4212049562225,6.17703932961472,3.61665241232663));
#4385=CARTESIAN_POINT('Ctrl Pts',(19.0182382629208,10.8610872210982,3.41788009833466));
#4386=CARTESIAN_POINT('Ctrl Pts',(22.4213314747275,6.17713125068921,3.41788009833466));
#4387=CARTESIAN_POINT('Ctrl Pts',(19.0183815847881,10.86119135053,3.19270814269079));
#4388=CARTESIAN_POINT('Ctrl Pts',(22.4214747965948,6.17723538012099,3.19270814269079));
#4389=CARTESIAN_POINT('Ctrl Pts',(18.9736519075639,10.8286933377626,2.85086195602261));
#4390=CARTESIAN_POINT('Ctrl Pts',(22.3767451193706,6.14473736735365,2.85086195602261));
#4391=CARTESIAN_POINT('Ctrl Pts',(19.0156918978956,10.8592371786156,2.42584156743125));
#4392=CARTESIAN_POINT('Ctrl Pts',(22.4187851097024,6.17528120820661,2.42584156743125));
#4393=CARTESIAN_POINT('Ctrl Pts',(19.0551383956777,10.8878967368351,2.0270411470796));
#4394=CARTESIAN_POINT('Ctrl Pts',(22.4582316074844,6.20394076642612,2.0270411470796));
#4395=CARTESIAN_POINT('Ctrl Pts',(19.2093384743335,10.9999296518003,1.60656753670823));
#4396=CARTESIAN_POINT('Ctrl Pts',(22.6124316861402,6.31597368139134,1.60656753670823));
#4397=CARTESIAN_POINT('Ctrl Pts',(19.3550074658127,11.1057643691217,1.33562165953166));
#4398=CARTESIAN_POINT('Ctrl Pts',(22.7581006776195,6.42180839871267,1.33562165953166));
#4399=CARTESIAN_POINT('Ctrl Pts',(19.5289206503699,11.2321196938833,1.01214128210944));
#4400=CARTESIAN_POINT('Ctrl Pts',(22.9320138621767,6.54816372347434,1.01214128210944));
#4401=CARTESIAN_POINT('Ctrl Pts',(19.6228310149876,11.3003495675986,0.853754643475003));
#4402=CARTESIAN_POINT('Ctrl Pts',(23.0259242267944,6.61639359718958,0.853754643475003));
#4403=CARTESIAN_POINT('Ctrl Pts',(19.7803891783131,11.4148222738889,0.627380037430277));
#4404=CARTESIAN_POINT('Ctrl Pts',(23.1834823901199,6.73086630347997,0.627380037430277));
#4405=CARTESIAN_POINT('Ctrl Pts',(19.7867318995969,11.4194305306449,0.618267015283072));
#4406=CARTESIAN_POINT('Ctrl Pts',(23.1898251114036,6.73547456023589,0.618267015283072));
#4407=CARTESIAN_POINT('Ctrl Pts',(19.7931576534719,11.4240991141096,0.60913950563296));
#4408=CARTESIAN_POINT('Ctrl Pts',(23.1962508652787,6.74014314370061,0.60913950563296));
#4409=CARTESIAN_POINT('Ctrl Pts',(19.7996680614465,11.4288292023778,0.599999986588881));
#4410=CARTESIAN_POINT('Ctrl Pts',(23.2027612732532,6.74487323196879,0.599999986588881));
#4411=CARTESIAN_POINT('',(19.9699423856446,11.194466701031,0.599999986588955));
#4412=CARTESIAN_POINT('Origin',(15.0000002235174,15.0000002235174,0.6));
#4413=CARTESIAN_POINT('',(20.8531342422668,13.6805980260966,0.599999986588955));
#4414=CARTESIAN_POINT('Origin',(15.0000002235174,15.0000002235174,0.6));
#4415=CARTESIAN_POINT('',(20.1961526462243,12.0000002235178,4.98231089439848));
#4416=CARTESIAN_POINT('Ctrl Pts',(20.8531342422668,13.6805980260967,0.599999986588915));
#4417=CARTESIAN_POINT('Ctrl Pts',(20.8064734821048,13.4736014914701,0.83009156755573));
#4418=CARTESIAN_POINT('Ctrl Pts',(20.717170840764,13.1706734425796,1.23998991293906));
#4419=CARTESIAN_POINT('Ctrl Pts',(20.6089200758881,12.8643631527951,1.8167927436439));
#4420=CARTESIAN_POINT('Ctrl Pts',(20.5698255037826,12.7687088886279,2.09822285048229));
#4421=CARTESIAN_POINT('Ctrl Pts',(20.5405109538546,12.6969292276474,2.76513274904532));
#4422=CARTESIAN_POINT('Ctrl Pts',(20.5511372202269,12.7229419848009,3.04566369366537));
#4423=CARTESIAN_POINT('Ctrl Pts',(20.5583286575422,12.740563756332,3.44988572838152));
#4424=CARTESIAN_POINT('Ctrl Pts',(20.5609257464784,12.7430063515418,3.70591698444486));
#4425=CARTESIAN_POINT('Ctrl Pts',(20.4897408000756,12.5782590997011,4.1955499550133));
#4426=CARTESIAN_POINT('Ctrl Pts',(20.4683136762138,12.5298786432459,4.31137954078658));
#4427=CARTESIAN_POINT('Ctrl Pts',(20.4203077423742,12.4265048762452,4.49893233910191));
#4428=CARTESIAN_POINT('Ctrl Pts',(20.3816352890073,12.3387287984222,4.63738840808236));
#4429=CARTESIAN_POINT('Ctrl Pts',(20.2568086806435,12.1071264372042,4.87926957634652));
#4430=CARTESIAN_POINT('Ctrl Pts',(20.2280565777868,12.0552594539452,4.93072763836497));
#4431=CARTESIAN_POINT('Ctrl Pts',(20.1961526462242,12.0000002235178,4.98231089439852));
#4432=CARTESIAN_POINT('Ctrl Pts',(20.1961526462242,12.0000002235178,4.98231089439852));
#4433=CARTESIAN_POINT('Ctrl Pts',(20.1540563865553,11.9270873629625,5.05037341942948));
#4434=CARTESIAN_POINT('Ctrl Pts',(20.1064502165659,11.8483068138431,5.11868088585507));
#4435=CARTESIAN_POINT('Ctrl Pts',(20.0553453547028,11.7683620004794,5.17981594068478));
#4436=CARTESIAN_POINT('Ctrl Pts',(20.9736111822695,14.4378862551112,0.599999986588955));
#4437=CARTESIAN_POINT('Ctrl Pts',(26.2092926184956,11.415064168515,0.599999986588955));
#4438=CARTESIAN_POINT('Ctrl Pts',(20.9632018313344,14.4198567304179,0.617710473229909));
#4439=CARTESIAN_POINT('Ctrl Pts',(26.1988832675605,11.3970346438217,0.617710473229909));
#4440=CARTESIAN_POINT('Ctrl Pts',(20.9428264510364,14.3845655365182,0.652912164735697));
#4441=CARTESIAN_POINT('Ctrl Pts',(26.1785078872625,11.3617434499219,0.652912164735697));
#4442=CARTESIAN_POINT('Ctrl Pts',(20.9135933900299,14.3339323895941,0.705056824060976));
#4443=CARTESIAN_POINT('Ctrl Pts',(26.1492748262559,11.3111103029978,0.705056824060976));
#4444=CARTESIAN_POINT('Ctrl Pts',(20.8772777464558,14.2710318498142,0.773266504242879));
#4445=CARTESIAN_POINT('Ctrl Pts',(26.1129591826818,11.2482097632179,0.773266504242879));
#4446=CARTESIAN_POINT('Ctrl Pts',(20.83622077882,14.1999190958644,0.856453824779287));
#4447=CARTESIAN_POINT('Ctrl Pts',(26.0719022150461,11.1770970092681,0.856453824779287));
#4448=CARTESIAN_POINT('Ctrl Pts',(20.7991762775738,14.1357561375649,0.937940908416496));
#4449=CARTESIAN_POINT('Ctrl Pts',(26.0348577137999,11.1129340509687,0.937940908416496));
#4450=CARTESIAN_POINT('Ctrl Pts',(20.7654896478447,14.0774091833384,1.01847652342077));
#4451=CARTESIAN_POINT('Ctrl Pts',(26.0011710840708,11.0545870967422,1.01847652342077));
#4452=CARTESIAN_POINT('Ctrl Pts',(20.7340252229638,14.0229112008136,1.09933846552028));
#4453=CARTESIAN_POINT('Ctrl Pts',(25.9697066591899,11.0000891142174,1.09933846552028));
#4454=CARTESIAN_POINT('Ctrl Pts',(20.7031523333961,13.969437787506,1.18238771503242));
#4455=CARTESIAN_POINT('Ctrl Pts',(25.9388337696222,10.9466157009097,1.18238771503242));
#4456=CARTESIAN_POINT('Ctrl Pts',(20.6711940876647,13.9140844821784,1.26976960704251));
#4457=CARTESIAN_POINT('Ctrl Pts',(25.9068755238908,10.8912623955821,1.26976960704251));
#4458=CARTESIAN_POINT('Ctrl Pts',(20.6368251313379,13.8545557036173,1.36366710745315));
#4459=CARTESIAN_POINT('Ctrl Pts',(25.872506567564,10.8317336170211,1.36366710745315));
#4460=CARTESIAN_POINT('Ctrl Pts',(20.5994413046421,13.7898050163987,1.46604484534583));
#4461=CARTESIAN_POINT('Ctrl Pts',(25.8351227408681,10.7669829298025,1.46604484534583));
#4462=CARTESIAN_POINT('Ctrl Pts',(20.5596652988965,13.7209109535252,1.57836890422417));
#4463=CARTESIAN_POINT('Ctrl Pts',(25.7953467351226,10.6980888669289,1.57836890422417));
#4464=CARTESIAN_POINT('Ctrl Pts',(20.5191762188264,13.6507818096922,1.70147722735442));
#4465=CARTESIAN_POINT('Ctrl Pts',(25.7548576550525,10.6279597230959,1.70147722735442));
#4466=CARTESIAN_POINT('Ctrl Pts',(20.4801982839255,13.5832700460697,1.83553354574532));
#4467=CARTESIAN_POINT('Ctrl Pts',(25.7158797201516,10.5604479594735,1.83553354574532));
#4468=CARTESIAN_POINT('Ctrl Pts',(20.4450901611219,13.5224609936155,1.97994488914286));
#4469=CARTESIAN_POINT('Ctrl Pts',(25.680771597348,10.4996389070192,1.97994488914286));
#4470=CARTESIAN_POINT('Ctrl Pts',(20.415912193654,13.4719232714994,2.13330793541122));
#4471=CARTESIAN_POINT('Ctrl Pts',(25.6515936298801,10.4491011849032,2.13330793541122));
#4472=CARTESIAN_POINT('Ctrl Pts',(20.3939574551727,13.433896548983,2.29330001841966));
#4473=CARTESIAN_POINT('Ctrl Pts',(25.6296388913988,10.4110744623868,2.29330001841966));
#4474=CARTESIAN_POINT('Ctrl Pts',(20.3794347923318,13.4087425590814,2.45671415891778));
#4475=CARTESIAN_POINT('Ctrl Pts',(25.6151162285579,10.3859204724851,2.45671415891778));
#4476=CARTESIAN_POINT('Ctrl Pts',(20.371747424212,13.3954276469213,2.62003808583167));
#4477=CARTESIAN_POINT('Ctrl Pts',(25.6074288604381,10.3726055603251,2.62003808583167));
#4478=CARTESIAN_POINT('Ctrl Pts',(20.3696729805371,13.3918346050789,2.7799306066825));
#4479=CARTESIAN_POINT('Ctrl Pts',(25.6053544167631,10.3690125184827,2.7799306066825));
#4480=CARTESIAN_POINT('Ctrl Pts',(20.3715822464459,13.3951415506382,2.93377158488027));
#4481=CARTESIAN_POINT('Ctrl Pts',(25.607263682672,10.372319464042,2.93377158488027));
#4482=CARTESIAN_POINT('Ctrl Pts',(20.3756335974428,13.4021586964042,3.0801060597015));
#4483=CARTESIAN_POINT('Ctrl Pts',(25.6113150336689,10.3793366098079,3.0801060597015));
#4484=CARTESIAN_POINT('Ctrl Pts',(20.3799915017416,13.4097068080642,3.21932734965603));
#4485=CARTESIAN_POINT('Ctrl Pts',(25.6156729379677,10.3868847214679,3.21932734965603));
#4486=CARTESIAN_POINT('Ctrl Pts',(20.3829717608314,13.4148687682274,3.35347485538326));
#4487=CARTESIAN_POINT('Ctrl Pts',(25.6186531970575,10.3920466816312,3.35347485538326));
#4488=CARTESIAN_POINT('Ctrl Pts',(20.3831246337832,13.415133551947,3.48531339991001));
#4489=CARTESIAN_POINT('Ctrl Pts',(25.6188060700093,10.3923114653508,3.48531339991001));
#4490=CARTESIAN_POINT('Ctrl Pts',(20.3793430328027,13.4085836269149,3.6175852232914));
#4491=CARTESIAN_POINT('Ctrl Pts',(25.6150244690288,10.3857615403186,3.6175852232914));
#4492=CARTESIAN_POINT('Ctrl Pts',(20.3709463754491,13.3940401897647,3.7522658236976));
#4493=CARTESIAN_POINT('Ctrl Pts',(25.6066278116752,10.3712181031684,3.7522658236976));
#4494=CARTESIAN_POINT('Ctrl Pts',(20.3578131646519,13.3712928013974,3.88963774588225));
#4495=CARTESIAN_POINT('Ctrl Pts',(25.593494600878,10.3484707148011,3.88963774588225));
#4496=CARTESIAN_POINT('Ctrl Pts',(20.3403660490193,13.3410735106763,4.02806263649863));
#4497=CARTESIAN_POINT('Ctrl Pts',(25.5760474852454,10.31825142408,4.02806263649863));
#4498=CARTESIAN_POINT('Ctrl Pts',(20.3193264493533,13.3046318550838,4.16489073573197));
#4499=CARTESIAN_POINT('Ctrl Pts',(25.5550078855794,10.2818097684875,4.16489073573197));
#4500=CARTESIAN_POINT('Ctrl Pts',(20.2955199837166,13.2633978470523,4.29711297516311));
#4501=CARTESIAN_POINT('Ctrl Pts',(25.5312014199426,10.240575760456,4.29711297516311));
#4502=CARTESIAN_POINT('Ctrl Pts',(20.2696707222861,13.2186256129166,4.42208782677675));
#4503=CARTESIAN_POINT('Ctrl Pts',(25.5053521585122,10.1958035263204,4.42208782677675));
#4504=CARTESIAN_POINT('Ctrl Pts',(20.2421799575191,13.1710102116013,4.53830110178224));
#4505=CARTESIAN_POINT('Ctrl Pts',(25.4778613937452,10.148188125005,4.53830110178224));
#4506=CARTESIAN_POINT('Ctrl Pts',(20.2129708819466,13.1204186086675,4.64592429471535));
#4507=CARTESIAN_POINT('Ctrl Pts',(25.4486523181726,10.0975965220712,4.64592429471535));
#4508=CARTESIAN_POINT('Ctrl Pts',(20.1817083284054,13.0662702775598,4.74617099209259));
#4509=CARTESIAN_POINT('Ctrl Pts',(25.4173897646315,10.0434481909636,4.74617099209259));
#4510=CARTESIAN_POINT('Ctrl Pts',(20.1479783890893,13.0078483089281,4.8407897664682));
#4511=CARTESIAN_POINT('Ctrl Pts',(25.3836598253154,9.98502622233186,4.8407897664682));
#4512=CARTESIAN_POINT('Ctrl Pts',(20.1114686597232,12.9446116026956,4.93154124059331));
#4513=CARTESIAN_POINT('Ctrl Pts',(25.3471500959493,9.92178951609932,4.93154124059331));
#4514=CARTESIAN_POINT('Ctrl Pts',(20.0721831621313,12.8765671248657,5.01960053992345));
#4515=CARTESIAN_POINT('Ctrl Pts',(25.3078645983574,9.85374503826943,5.01960053992345));
#4516=CARTESIAN_POINT('Ctrl Pts',(20.03052730009,12.8044170553771,5.10526598347423));
#4517=CARTESIAN_POINT('Ctrl Pts',(25.2662087363161,9.7815949687808,5.10526598347423));
#4518=CARTESIAN_POINT('Ctrl Pts',(19.9871317601941,12.7292537754555,5.18829255695645));
#4519=CARTESIAN_POINT('Ctrl Pts',(25.2228131964202,9.70643168885927,5.18829255695645));
#4520=CARTESIAN_POINT('Ctrl Pts',(19.9427282371142,12.6523446174461,5.2680971060875));
#4521=CARTESIAN_POINT('Ctrl Pts',(25.1784096733403,9.62952253084982,5.2680971060875));
#4522=CARTESIAN_POINT('Ctrl Pts',(19.8980160277726,12.5749007991477,5.34399640679253));
#4523=CARTESIAN_POINT('Ctrl Pts',(25.1336974639986,9.55207871255142,5.34399640679253));
#4524=CARTESIAN_POINT('Ctrl Pts',(19.8535053031179,12.4978059625641,5.41547331552513));
#4525=CARTESIAN_POINT('Ctrl Pts',(25.089186739344,9.47498387596788,5.41547331552513));
#4526=CARTESIAN_POINT('Ctrl Pts',(19.8094896026462,12.4215685330164,5.48224466515617));
#4527=CARTESIAN_POINT('Ctrl Pts',(25.0451710388723,9.39874644642011,5.48224466515617));
#4528=CARTESIAN_POINT('Ctrl Pts',(19.7747924647879,12.3614713273686,5.53178636672469));
#4529=CARTESIAN_POINT('Ctrl Pts',(25.010473901014,9.33864924077231,5.53178636672469));
#4530=CARTESIAN_POINT('Ctrl Pts',(19.7490807351864,12.3169373053484,5.5667465693973));
#4531=CARTESIAN_POINT('Ctrl Pts',(24.9847621714125,9.29411521875211,5.5667465693973));
#4532=CARTESIAN_POINT('Ctrl Pts',(19.7320778277311,12.2874874057594,5.58907799718132));
#4533=CARTESIAN_POINT('Ctrl Pts',(24.9677592639572,9.26466531916315,5.58907799718132));
#4534=CARTESIAN_POINT('Ctrl Pts',(19.7236109308124,12.2728223101137,5.59999987483025));
#4535=CARTESIAN_POINT('Ctrl Pts',(24.9592923670385,9.25000022351741,5.59999987483025));
#4536=CARTESIAN_POINT('',(20.9736111822695,14.4378862551112,0.599999986588955));
#4537=CARTESIAN_POINT('',(21.4461528976811,14.165064168515,0.599999986588955));
#4538=CARTESIAN_POINT('Ctrl Pts',(20.196152646224,12.0000002235174,5.59999987483025));
#4539=CARTESIAN_POINT('Ctrl Pts',(20.3349159780473,12.2403453644629,5.42100204990414));
#4540=CARTESIAN_POINT('Ctrl Pts',(20.4912164098557,12.570528367248,5.12639130593688));
#4541=CARTESIAN_POINT('Ctrl Pts',(20.6457323722783,12.9605598002195,4.55019819896112));
#4542=CARTESIAN_POINT('Ctrl Pts',(20.6787636404137,13.0618269713075,4.2781960472356));
#4543=CARTESIAN_POINT('Ctrl Pts',(20.7392761312526,13.2461093772155,3.60693458917642));
#4544=CARTESIAN_POINT('Ctrl Pts',(20.7279353394407,13.2136504483808,3.33591540733505));
#4545=CARTESIAN_POINT('Ctrl Pts',(20.7186971112349,13.1843192819699,2.74088027890513));
#4546=CARTESIAN_POINT('Ctrl Pts',(20.7191499181993,13.1822216472455,2.43519447419782));
#4547=CARTESIAN_POINT('Ctrl Pts',(20.7729125135093,13.36321008808,1.89824491771633));
#4548=CARTESIAN_POINT('Ctrl Pts',(20.8023014248104,13.4680145342665,1.72243700487759));
#4549=CARTESIAN_POINT('Ctrl Pts',(20.8893431997168,13.8257909070255,1.20874321116489));
#4550=CARTESIAN_POINT('Ctrl Pts',(20.9416495538738,14.0982285622325,0.863830386442378));
#4551=CARTESIAN_POINT('Ctrl Pts',(20.9736111822695,14.4378862551112,0.599999986588955));
#4552=CARTESIAN_POINT('Ctrl Pts',(19.8097713780395,11.9101442020119,5.17981594068478));
#4553=CARTESIAN_POINT('Ctrl Pts',(24.8237882513389,9.01530021049115,5.17981594068478));
#4554=CARTESIAN_POINT('Ctrl Pts',(19.9249659968026,12.1096671344682,5.03122058821766));
#4555=CARTESIAN_POINT('Ctrl Pts',(24.938982870102,9.21482314294746,5.03122058821766));
#4556=CARTESIAN_POINT('Ctrl Pts',(20.0754388716617,12.3702937988849,4.78051068379307));
#4557=CARTESIAN_POINT('Ctrl Pts',(25.0894557449611,9.47544980736418,4.78051068379307));
#4558=CARTESIAN_POINT('Ctrl Pts',(20.1636405673937,12.5230636172066,4.55362632778307));
#4559=CARTESIAN_POINT('Ctrl Pts',(25.1776574406931,9.62821962568582,4.55362632778307));
#4560=CARTESIAN_POINT('Ctrl Pts',(20.2192372137814,12.6193598334805,4.41061309875953));
#4561=CARTESIAN_POINT('Ctrl Pts',(25.2332540870808,9.72451584195978,4.41061309875953));
#4562=CARTESIAN_POINT('Ctrl Pts',(20.2634098421864,12.6958690701819,4.24189248653958));
#4563=CARTESIAN_POINT('Ctrl Pts',(25.2774267154859,9.80102507866113,4.24189248653958));
#4564=CARTESIAN_POINT('Ctrl Pts',(20.3019412981823,12.7626075096563,4.0127195461276));
#4565=CARTESIAN_POINT('Ctrl Pts',(25.3159581714817,9.86776351813559,4.0127195461276));
#4566=CARTESIAN_POINT('Ctrl Pts',(20.3367692479459,12.8229312881703,3.80557389202387));
#4567=CARTESIAN_POINT('Ctrl Pts',(25.3507861212453,9.92808729664951,3.80557389202387));
#4568=CARTESIAN_POINT('Ctrl Pts',(20.3542127199915,12.8531442680137,3.61665241232663));
#4569=CARTESIAN_POINT('Ctrl Pts',(25.3682295932909,9.958300276493,3.61665241232663));
#4570=CARTESIAN_POINT('Ctrl Pts',(20.3542909127278,12.8532797018058,3.41788009833466));
#4571=CARTESIAN_POINT('Ctrl Pts',(25.3683077860273,9.9584357102851,3.41788009833466));
#4572=CARTESIAN_POINT('Ctrl Pts',(20.3543794905132,12.8534331230304,3.19270814269079));
#4573=CARTESIAN_POINT('Ctrl Pts',(25.3683963638126,9.95858913150968,3.19270814269079));
#4574=CARTESIAN_POINT('Ctrl Pts',(20.3267350296828,12.8055515123244,2.85086195602261));
#4575=CARTESIAN_POINT('Ctrl Pts',(25.3407519029822,9.91070752080363,2.85086195602261));
#4576=CARTESIAN_POINT('Ctrl Pts',(20.3527171725945,12.850553903937,2.42584156743125));
#4577=CARTESIAN_POINT('Ctrl Pts',(25.366734045894,9.95570991241629,2.42584156743125));
#4578=CARTESIAN_POINT('Ctrl Pts',(20.377096448961,12.8927800492555,2.0270411470796));
#4579=CARTESIAN_POINT('Ctrl Pts',(25.3911133222604,9.99793605773473,2.0270411470796));
#4580=CARTESIAN_POINT('Ctrl Pts',(20.4723973386382,13.0578460321829,1.60656753670823));
#4581=CARTESIAN_POINT('Ctrl Pts',(25.4864142119376,10.1630020406622,1.60656753670823));
#4582=CARTESIAN_POINT('Ctrl Pts',(20.5624257264793,13.2137797740472,1.33562165953166));
#4583=CARTESIAN_POINT('Ctrl Pts',(25.5764425997787,10.3189357825265,1.33562165953166));
#4584=CARTESIAN_POINT('Ctrl Pts',(20.6699099856274,13.3999479719056,1.01214128210944));
#4585=CARTESIAN_POINT('Ctrl Pts',(25.6839268589268,10.5051039803849,1.01214128210944));
#4586=CARTESIAN_POINT('Ctrl Pts',(20.727949782857,13.5004758495683,0.853754643475003));
#4587=CARTESIAN_POINT('Ctrl Pts',(25.7419666561564,10.6056318580476,0.853754643475003));
#4588=CARTESIAN_POINT('Ctrl Pts',(20.8253260829972,13.6691365488641,0.627380037430277));
#4589=CARTESIAN_POINT('Ctrl Pts',(25.8393429562966,10.7742925573434,0.627380037430277));
#4590=CARTESIAN_POINT('Ctrl Pts',(20.8292461003317,13.6759262180541,0.618267015283083));
#4591=CARTESIAN_POINT('Ctrl Pts',(25.8432629736311,10.7810822265333,0.618267015283083));
#4592=CARTESIAN_POINT('Ctrl Pts',(20.8332174346298,13.6828047708323,0.609139505632981));
#4593=CARTESIAN_POINT('Ctrl Pts',(25.8472343079292,10.7879607793115,0.609139505632981));
#4594=CARTESIAN_POINT('Ctrl Pts',(20.8372410880387,13.6897739429685,0.599999986588915));
#4595=CARTESIAN_POINT('Ctrl Pts',(25.8512579613381,10.7949299514478,0.599999986588915));
#4596=CARTESIAN_POINT('',(21.0881182405237,13.5449299514478,0.599999986588955));
#4597=CARTESIAN_POINT('Origin',(15.0000002235174,15.0000002235174,0.6));
#4598=CARTESIAN_POINT('',(20.8837534399651,16.1753504215189,0.599999986588955));
#4599=CARTESIAN_POINT('Origin',(15.0000002235174,15.0000002235174,0.6));
#4600=CARTESIAN_POINT('',(20.9671315957271,14.3728294439119,4.98231089439848));
#4601=CARTESIAN_POINT('Ctrl Pts',(20.883753439965,16.1753504215189,0.599999986588938));
#4602=CARTESIAN_POINT('Ctrl Pts',(20.9253197900913,15.9672710366113,0.830091567555906));
#4603=CARTESIAN_POINT('Ctrl Pts',(20.9669497054381,15.6542098369987,1.2399899129388));
#4604=CARTESIAN_POINT('Ctrl Pts',(20.9926453299058,15.3303519104227,1.81679274363926));
#4605=CARTESIAN_POINT('Ctrl Pts',(20.9958367554436,15.2270661968664,2.09822285047778));
#4606=CARTESIAN_POINT('Ctrl Pts',(20.9982519998625,15.1495689119944,2.76513274904559));
#4607=CARTESIAN_POINT('Ctrl Pts',(20.9973792357168,15.1776548400457,3.04566369367026));
#4608=CARTESIAN_POINT('Ctrl Pts',(20.9967815204125,15.1966781504568,3.44988572839136));
#4609=CARTESIAN_POINT('Ctrl Pts',(20.9981605862373,15.1999659034489,3.70591698444822));
#4610=CARTESIAN_POINT('Ctrl Pts',(21.0001386459681,15.0205082737341,4.19554995501623));
#4611=CARTESIAN_POINT('Ctrl Pts',(21.0002420987428,14.9675953310704,4.31137954078795));
#4612=CARTESIAN_POINT('Ctrl Pts',(20.9984323949157,14.8536329234068,4.49893233910876));
#4613=CARTESIAN_POINT('Ctrl Pts',(20.9988050980423,14.7577159823595,4.63738840808642));
#4614=CARTESIAN_POINT('Ctrl Pts',(20.9789714839093,14.4953651416425,4.87926957634572));
#4615=CARTESIAN_POINT('Ctrl Pts',(20.973801333604,14.436287760887,4.93072763836444));
#4616=CARTESIAN_POINT('Ctrl Pts',(20.9671315957271,14.3728294439119,4.98231089439849));
#4617=CARTESIAN_POINT('Ctrl Pts',(20.9671315957271,14.3728294439119,4.98231089439849));
#4618=CARTESIAN_POINT('Ctrl Pts',(20.9583310810621,14.2890981400047,5.050373419429));
#4619=CARTESIAN_POINT('Ctrl Pts',(20.9468836168011,14.197765353435,5.11868088585458));
#4620=CARTESIAN_POINT('Ctrl Pts',(20.9327134874014,14.1039459123647,5.1798159406848));
#4621=CARTESIAN_POINT('Ctrl Pts',(20.685797729145,16.9161700294061,0.599999986588955));
#4622=CARTESIAN_POINT('Ctrl Pts',(26.6983232309905,16.2842281345192,0.599999986588955));
#4623=CARTESIAN_POINT('Ctrl Pts',(20.6836215822313,16.8954653745632,0.617710473229909));
#4624=CARTESIAN_POINT('Ctrl Pts',(26.6961470840768,16.2635234796763,0.617710473229909));
#4625=CARTESIAN_POINT('Ctrl Pts',(20.6793619678492,16.8549378508974,0.652912164735697));
#4626=CARTESIAN_POINT('Ctrl Pts',(26.6918874696947,16.2229959560106,0.652912164735697));
#4627=CARTESIAN_POINT('Ctrl Pts',(20.6732505939619,16.7967920124182,0.705056824060976));
#4628=CARTESIAN_POINT('Ctrl Pts',(26.6857760958075,16.1648501175313,0.705056824060976));
#4629=CARTESIAN_POINT('Ctrl Pts',(20.6656585571312,16.7245586070605,0.773266504242879));
#4630=CARTESIAN_POINT('Ctrl Pts',(26.6781840589768,16.0926167121737,0.773266504242879));
#4631=CARTESIAN_POINT('Ctrl Pts',(20.6570753136644,16.6428945005182,0.856453824779287));
#4632=CARTESIAN_POINT('Ctrl Pts',(26.66960081551,16.0109526056313,0.856453824779287));
#4633=CARTESIAN_POINT('Ctrl Pts',(20.6493309040888,16.5692113653335,0.937940908416496));
#4634=CARTESIAN_POINT('Ctrl Pts',(26.6618564059344,15.9372694704467,0.937940908416496));
#4635=CARTESIAN_POINT('Ctrl Pts',(20.6422884808123,16.50220718364,1.01847652342077));
#4636=CARTESIAN_POINT('Ctrl Pts',(26.6548139826579,15.8702652887532,1.01847652342077));
#4637=CARTESIAN_POINT('Ctrl Pts',(20.6357106248515,16.4396230647015,1.09933846552028));
#4638=CARTESIAN_POINT('Ctrl Pts',(26.6482361266971,15.8076811698146,1.09933846552028));
#4639=CARTESIAN_POINT('Ctrl Pts',(20.6292564334452,16.3782155354048,1.18238771503242));
#4640=CARTESIAN_POINT('Ctrl Pts',(26.6417819352908,15.746273640518,1.18238771503242));
#4641=CARTESIAN_POINT('Ctrl Pts',(20.6225753408152,16.3146491851699,1.26976960704251));
#4642=CARTESIAN_POINT('Ctrl Pts',(26.6351008426607,15.682707290283,1.26976960704251));
#4643=CARTESIAN_POINT('Ctrl Pts',(20.6153902724373,16.246287825994,1.36366710745315));
#4644=CARTESIAN_POINT('Ctrl Pts',(26.6279157742828,15.6143459311072,1.36366710745315));
#4645=CARTESIAN_POINT('Ctrl Pts',(20.6075749245261,16.1719297576307,1.46604484534583));
#4646=CARTESIAN_POINT('Ctrl Pts',(26.6201004263717,15.5399878627438,1.46604484534583));
#4647=CARTESIAN_POINT('Ctrl Pts',(20.5992594750151,16.0928135403821,1.57836890422417));
#4648=CARTESIAN_POINT('Ctrl Pts',(26.6117849768606,15.4608716454952,1.57836890422417));
#4649=CARTESIAN_POINT('Ctrl Pts',(20.5907949523774,16.0122789870761,1.70147722735442));
#4650=CARTESIAN_POINT('Ctrl Pts',(26.603320454223,15.3803370921893,1.70147722735442));
#4651=CARTESIAN_POINT('Ctrl Pts',(20.5826463451043,15.9347501676858,1.83553354574532));
#4652=CARTESIAN_POINT('Ctrl Pts',(26.5951718469499,15.3028082727989,1.83553354574532));
#4653=CARTESIAN_POINT('Ctrl Pts',(20.5753067488546,15.8649185740188,1.97994488914286));
#4654=CARTESIAN_POINT('Ctrl Pts',(26.5878322507001,15.232976679132,1.97994488914286));
#4655=CARTESIAN_POINT('Ctrl Pts',(20.5692068926532,15.8068823190004,2.13330793541122));
#4656=CARTESIAN_POINT('Ctrl Pts',(26.5817323944987,15.1749404241135,2.13330793541122));
#4657=CARTESIAN_POINT('Ctrl Pts',(20.5646171025034,15.7632133827471,2.29330001841966));
#4658=CARTESIAN_POINT('Ctrl Pts',(26.577142604349,15.1312714878602,2.29330001841966));
#4659=CARTESIAN_POINT('Ctrl Pts',(20.5615810392448,15.7343271703984,2.45671415891778));
#4660=CARTESIAN_POINT('Ctrl Pts',(26.5741065410903,15.1023852755116,2.45671415891778));
#4661=CARTESIAN_POINT('Ctrl Pts',(20.5599739416925,15.7190366585725,2.62003808583167));
#4662=CARTESIAN_POINT('Ctrl Pts',(26.5724994435381,15.0870947636857,2.62003808583167));
#4663=CARTESIAN_POINT('Ctrl Pts',(20.5595402648735,15.7149104992617,2.7799306066825));
#4664=CARTESIAN_POINT('Ctrl Pts',(26.5720657667191,15.0829686043748,2.7799306066825));
#4665=CARTESIAN_POINT('Ctrl Pts',(20.5599394101364,15.7187081127625,2.93377158488027));
#4666=CARTESIAN_POINT('Ctrl Pts',(26.572464911982,15.0867662178757,2.93377158488027));
#4667=CARTESIAN_POINT('Ctrl Pts',(20.5607863731241,15.7267664273071,3.0801060597015));
#4668=CARTESIAN_POINT('Ctrl Pts',(26.5733118749697,15.0948245324202,3.0801060597015));
#4669=CARTESIAN_POINT('Ctrl Pts',(20.5616974232029,15.7354344897932,3.21932734965603));
#4670=CARTESIAN_POINT('Ctrl Pts',(26.5742229250485,15.1034925949063,3.21932734965603));
#4671=CARTESIAN_POINT('Ctrl Pts',(20.5623204670085,15.7413623556305,3.35347485538326));
#4672=CARTESIAN_POINT('Ctrl Pts',(26.5748459688541,15.1094204607437,3.35347485538326));
#4673=CARTESIAN_POINT('Ctrl Pts',(20.562352426158,15.741666426626,3.48531339991001));
#4674=CARTESIAN_POINT('Ctrl Pts',(26.5748779280036,15.1097245317392,3.48531339991001));
#4675=CARTESIAN_POINT('Ctrl Pts',(20.5615618562796,15.7341446566767,3.6175852232914));
#4676=CARTESIAN_POINT('Ctrl Pts',(26.5740873581252,15.1022027617899,3.6175852232914));
#4677=CARTESIAN_POINT('Ctrl Pts',(20.5598064769001,15.7174433375046,3.7522658236976));
#4678=CARTESIAN_POINT('Ctrl Pts',(26.5723319787457,15.0855014426177,3.7522658236976));
#4679=CARTESIAN_POINT('Ctrl Pts',(20.5570608882153,15.691320806116,3.88963774588225));
#4680=CARTESIAN_POINT('Ctrl Pts',(26.5695863900609,15.0593789112291,3.88963774588225));
#4681=CARTESIAN_POINT('Ctrl Pts',(20.5534134478443,15.6566177291008,4.02806263649863));
#4682=CARTESIAN_POINT('Ctrl Pts',(26.5659389496898,15.0246758342139,4.02806263649863));
#4683=CARTESIAN_POINT('Ctrl Pts',(20.5490149738025,15.6147690440255,4.16489073573197));
#4684=CARTESIAN_POINT('Ctrl Pts',(26.5615404756481,14.9828271491386,4.16489073573197));
#4685=CARTESIAN_POINT('Ctrl Pts',(20.5440380672649,15.5674169413713,4.29711297516311));
#4686=CARTESIAN_POINT('Ctrl Pts',(26.5565635691104,14.9354750464845,4.29711297516311));
#4687=CARTESIAN_POINT('Ctrl Pts',(20.538634100117,15.516001628428,4.42208782677675));
#4688=CARTESIAN_POINT('Ctrl Pts',(26.5511596019626,14.8840597335411,4.42208782677675));
#4689=CARTESIAN_POINT('Ctrl Pts',(20.5328869653267,15.4613212934656,4.53830110178224));
#4690=CARTESIAN_POINT('Ctrl Pts',(26.5454124671723,14.8293793985787,4.53830110178224));
#4691=CARTESIAN_POINT('Ctrl Pts',(20.5267806057606,15.4032231630648,4.64592429471535));
#4692=CARTESIAN_POINT('Ctrl Pts',(26.5393061076061,14.771281268178,4.64592429471535));
#4693=CARTESIAN_POINT('Ctrl Pts',(20.5202449524016,15.3410405750612,4.74617099209259));
#4694=CARTESIAN_POINT('Ctrl Pts',(26.5327704542472,14.7090986801743,4.74617099209259));
#4695=CARTESIAN_POINT('Ctrl Pts',(20.513193474956,15.2739502487026,4.8407897664682));
#4696=CARTESIAN_POINT('Ctrl Pts',(26.5257189768015,14.6420083538157,4.8407897664682));
#4697=CARTESIAN_POINT('Ctrl Pts',(20.5055608631461,15.2013307982056,4.93154124059331));
#4698=CARTESIAN_POINT('Ctrl Pts',(26.5180863649916,14.5693889033187,4.93154124059331));
#4699=CARTESIAN_POINT('Ctrl Pts',(20.4973479577621,15.1231902231543,5.01960053992345));
#4700=CARTESIAN_POINT('Ctrl Pts',(26.5098734596077,14.4912483282675,5.01960053992345));
#4701=CARTESIAN_POINT('Ctrl Pts',(20.4886395112715,15.0403348894133,5.10526598347423));
#4702=CARTESIAN_POINT('Ctrl Pts',(26.5011650131171,14.4083929945264,5.10526598347423));
#4703=CARTESIAN_POINT('Ctrl Pts',(20.4795673730756,14.9540192602378,5.18829255695645));
#4704=CARTESIAN_POINT('Ctrl Pts',(26.4920928749211,14.3220773653509,5.18829255695645));
#4705=CARTESIAN_POINT('Ctrl Pts',(20.4702845090131,14.8656987083688,5.2680971060875));
#4706=CARTESIAN_POINT('Ctrl Pts',(26.4828100108587,14.233756813482,5.2680971060875));
#4707=CARTESIAN_POINT('Ctrl Pts',(20.4609371119496,14.7767641660077,5.34399640679253));
#4708=CARTESIAN_POINT('Ctrl Pts',(26.4734626137951,14.1448222711208,5.34399640679253));
#4709=CARTESIAN_POINT('Ctrl Pts',(20.4516318366554,14.6882303855122,5.41547331552513));
#4710=CARTESIAN_POINT('Ctrl Pts',(26.464157338501,14.0562884906254,5.41547331552513));
#4711=CARTESIAN_POINT('Ctrl Pts',(20.4424300495955,14.600681229794,5.48224466515617));
#4712=CARTESIAN_POINT('Ctrl Pts',(26.4549555514411,13.9687393349071,5.48224466515617));
#4713=CARTESIAN_POINT('Ctrl Pts',(20.4351763725953,14.5316671031806,5.53178636672469));
#4714=CARTESIAN_POINT('Ctrl Pts',(26.4477018744408,13.8997252082938,5.53178636672469));
#4715=CARTESIAN_POINT('Ctrl Pts',(20.4298011574289,14.4805253470677,5.5667465693973));
#4716=CARTESIAN_POINT('Ctrl Pts',(26.4423266592745,13.8485834521809,5.5667465693973));
#4717=CARTESIAN_POINT('Ctrl Pts',(20.4262465818541,14.4467058195693,5.58907799718132));
#4718=CARTESIAN_POINT('Ctrl Pts',(26.4387720836997,13.8147639246825,5.58907799718132));
#4719=CARTESIAN_POINT('Ctrl Pts',(20.424476518407,14.4298647908263,5.59999987483025));
#4720=CARTESIAN_POINT('Ctrl Pts',(26.4370020202526,13.7979228959394,5.59999987483025));
#4721=CARTESIAN_POINT('',(20.685797729145,16.9161700294061,0.599999986588955));
#4722=CARTESIAN_POINT('',(21.228452806465,16.8591346824914,0.599999986588955));
#4723=CARTESIAN_POINT('Ctrl Pts',(20.9671315957271,14.3728294439115,5.59999987483025));
#4724=CARTESIAN_POINT('Ctrl Pts',(20.9961410313926,14.6488357874452,5.42100204991146));
#4725=CARTESIAN_POINT('Ctrl Pts',(21.0046310547467,15.0140460827751,5.12639130595038));
#4726=CARTESIAN_POINT('Ctrl Pts',(20.9871483346099,15.4332048305785,4.55019819895556));
#4727=CARTESIAN_POINT('Ctrl Pts',(20.9761348303525,15.5391520218539,4.27819604721871));
#4728=CARTESIAN_POINT('Ctrl Pts',(20.9564613343324,15.7321150240779,3.60693458915314));
#4729=CARTESIAN_POINT('Ctrl Pts',(20.9593032412391,15.6978496014857,3.33591540731494));
#4730=CARTESIAN_POINT('Ctrl Pts',(20.9627937599885,15.6672967217157,2.74088027887923));
#4731=CARTESIAN_POINT('Ctrl Pts',(20.9640606046394,15.6655646102321,2.43519447418385));
#4732=CARTESIAN_POINT('Ctrl Pts',(20.9395605485159,15.8527729957773,1.8982449177142));
#4733=CARTESIAN_POINT('Ctrl Pts',(20.9237808463186,15.9604701686591,1.72243700487494));
#4734=CARTESIAN_POINT('Ctrl Pts',(20.8577767035817,16.3227182281771,1.20874321116377));
#4735=CARTESIAN_POINT('Ctrl Pts',(20.7947505585014,16.5928773214831,0.863830386441916));
#4736=CARTESIAN_POINT('Ctrl Pts',(20.685797729145,16.9161700294061,0.599999986588955));
#4737=CARTESIAN_POINT('Ctrl Pts',(20.6507024798062,14.1335864636545,5.1798159406848));
#4738=CARTESIAN_POINT('Ctrl Pts',(26.4086739462915,13.528399275988,5.1798159406848));
#4739=CARTESIAN_POINT('Ctrl Pts',(20.6747847127582,14.3627136048316,5.03122058821766));
#4740=CARTESIAN_POINT('Ctrl Pts',(26.4327561792436,13.757526417165,5.03122058821766));
#4741=CARTESIAN_POINT('Ctrl Pts',(20.7062421095032,14.6620107422442,4.78051068379307));
#4742=CARTESIAN_POINT('Ctrl Pts',(26.4642135759885,14.0568235545777,4.78051068379307));
#4743=CARTESIAN_POINT('Ctrl Pts',(20.7246812849281,14.8374477774725,4.55362632778307));
#4744=CARTESIAN_POINT('Ctrl Pts',(26.4826527514135,14.2322605898059,4.55362632778307));
#4745=CARTESIAN_POINT('Ctrl Pts',(20.7363041489476,14.9480319417557,4.41061309875953));
#4746=CARTESIAN_POINT('Ctrl Pts',(26.494275615433,14.3428447540892,4.41061309875953));
#4747=CARTESIAN_POINT('Ctrl Pts',(20.7455387428789,15.0358932340052,4.24189248653958));
#4748=CARTESIAN_POINT('Ctrl Pts',(26.5035102093643,14.4307060463387,4.24189248653958));
#4749=CARTESIAN_POINT('Ctrl Pts',(20.7535940106444,15.1125339873019,4.0127195461276));
#4750=CARTESIAN_POINT('Ctrl Pts',(26.5115654771297,14.5073467996353,4.0127195461276));
#4751=CARTESIAN_POINT('Ctrl Pts',(20.7608750347795,15.1818083045232,3.80557389202387));
#4752=CARTESIAN_POINT('Ctrl Pts',(26.5188465012648,14.5766211168566,3.80557389202387));
#4753=CARTESIAN_POINT('Ctrl Pts',(20.7645217134334,15.2165041342844,3.61665241232663));
#4754=CARTESIAN_POINT('Ctrl Pts',(26.5224931799188,14.6113169466179,3.61665241232663));
#4755=CARTESIAN_POINT('Ctrl Pts',(20.7645380601666,15.2166596630611,3.41788009833466));
#4756=CARTESIAN_POINT('Ctrl Pts',(26.5225095266519,14.6114724753946,3.41788009833466));
#4757=CARTESIAN_POINT('Ctrl Pts',(20.7645565779661,15.216835848155,3.19270814269079));
#4758=CARTESIAN_POINT('Ctrl Pts',(26.5225280444515,14.6116486604885,3.19270814269079));
#4759=CARTESIAN_POINT('Ctrl Pts',(20.7587773119492,15.1618498049921,2.85086195602261));
#4760=CARTESIAN_POINT('Ctrl Pts',(26.5167487784346,14.5566626173256,2.85086195602261));
#4761=CARTESIAN_POINT('Ctrl Pts',(20.7642090588911,15.2135294250207,2.42584156743125));
#4762=CARTESIAN_POINT('Ctrl Pts',(26.5221805253765,14.6083422373542,2.42584156743125));
#4763=CARTESIAN_POINT('Ctrl Pts',(20.7693057154795,15.2620208733,2.0270411470796));
#4764=CARTESIAN_POINT('Ctrl Pts',(26.5272771819648,14.6568336856335,2.0270411470796));
#4765=CARTESIAN_POINT('Ctrl Pts',(20.7892290265715,15.4515785161641,1.60656753670823));
#4766=CARTESIAN_POINT('Ctrl Pts',(26.5472004930568,14.8463913284976,1.60656753670823));
#4767=CARTESIAN_POINT('Ctrl Pts',(20.8080500846344,15.6306489219895,1.33562165953166));
#4768=CARTESIAN_POINT('Ctrl Pts',(26.5660215511198,15.025461734323,1.33562165953166));
#4769=CARTESIAN_POINT('Ctrl Pts',(20.8305204135029,15.8444398202499,1.01214128210944));
#4770=CARTESIAN_POINT('Ctrl Pts',(26.5884918799882,15.2392526325834,1.01214128210944));
#4771=CARTESIAN_POINT('Ctrl Pts',(20.8426540351284,15.9598835185451,0.853754643475003));
#4772=CARTESIAN_POINT('Ctrl Pts',(26.6006255016138,15.3546963308786,0.853754643475003));
#4773=CARTESIAN_POINT('Ctrl Pts',(20.8630112251531,16.1535692437038,0.627380037430277));
#4774=CARTESIAN_POINT('Ctrl Pts',(26.6209826916385,15.5483820560373,0.627380037430277));
#4775=CARTESIAN_POINT('Ctrl Pts',(20.863830731929,16.1613663298426,0.618267015283089));
#4776=CARTESIAN_POINT('Ctrl Pts',(26.6218021984144,15.5561791421761,0.618267015283089));
#4777=CARTESIAN_POINT('Ctrl Pts',(20.8646609668716,16.1692654876692,0.609139505632998));
#4778=CARTESIAN_POINT('Ctrl Pts',(26.622632433357,15.5640783000027,0.609139505632998));
#4779=CARTESIAN_POINT('Ctrl Pts',(20.8655021394868,16.1772687104983,0.599999986588937));
#4780=CARTESIAN_POINT('Ctrl Pts',(26.6234736059721,15.5720815228317,0.599999986588937));
#4781=CARTESIAN_POINT('',(21.1536031814466,16.1469880708038,0.599999986588955));
#4782=CARTESIAN_POINT('Origin',(15.0000002235174,15.0000002235174,0.6));
#4783=CARTESIAN_POINT('',(19.8970182543196,18.4668740899853,0.599999986588955));
#4784=CARTESIAN_POINT('Origin',(15.0000002235174,15.0000002235174,0.6));
#4785=CARTESIAN_POINT('',(20.7063393212882,16.8541021897675,4.98231089439848));
#4786=CARTESIAN_POINT('Ctrl Pts',(19.8970182543196,18.4668740899854,0.599999986588887));
#4787=CARTESIAN_POINT('Ctrl Pts',(20.0196245151784,18.2936906707898,0.830091567554963));
#4788=CARTESIAN_POINT('Ctrl Pts',(20.1849887966579,18.0246274459315,1.2399899129456));
#4789=CARTESIAN_POINT('Ctrl Pts',(20.3401878035618,17.7392198602207,1.81679274366677));
#4790=CARTESIAN_POINT('Ctrl Pts',(20.3851134002726,17.646161735476,2.09822285050665));
#4791=CARTESIAN_POINT('Ctrl Pts',(20.4188408213336,17.5763468113154,2.76513274907485));
#4792=CARTESIAN_POINT('Ctrl Pts',(20.4066199355184,17.6016495981538,3.0456636936982));
#4793=CARTESIAN_POINT('Ctrl Pts',(20.3983364180021,17.6187851442493,3.4498857283896));
#4794=CARTESIAN_POINT('Ctrl Pts',(20.3982590077068,17.6223495726656,3.70591698445837));
#4795=CARTESIAN_POINT('Ctrl Pts',(20.4730580490748,17.4592114195713,4.19554995502658));
#4796=CARTESIAN_POINT('Ctrl Pts',(20.4946741905616,17.4109151191845,4.31137954079816));
#4797=CARTESIAN_POINT('Ctrl Pts',(20.5393736309795,17.3060692064643,4.49893233911081));
#4798=CARTESIAN_POINT('Ctrl Pts',(20.5787270468435,17.2185963126783,4.63738840808924));
#4799=CARTESIAN_POINT('Ctrl Pts',(20.6673158390058,16.9708598361973,4.87926957635));
#4800=CARTESIAN_POINT('Ctrl Pts',(20.6866216072085,16.9147870737813,4.93072763836673));
#4801=CARTESIAN_POINT('Ctrl Pts',(20.7063393212882,16.8541021897675,4.98231089439849));
#4802=CARTESIAN_POINT('Ctrl Pts',(20.7063393212882,16.8541021897675,4.98231089439849));
#4803=CARTESIAN_POINT('Ctrl Pts',(20.7323562405629,16.7740303456277,5.05037341942955));
#4804=CARTESIAN_POINT('Ctrl Pts',(20.7590468525979,16.6859375901378,5.11868088585512));
#4805=CARTESIAN_POINT('Ctrl Pts',(20.7842615997665,16.5944657550463,5.17981594068478));
#4806=CARTESIAN_POINT('Ctrl Pts',(17.3805496801095,20.5075390826376,0.599999986588955));
#4807=CARTESIAN_POINT('Ctrl Pts',(21.873338864095,24.5528646340759,0.599999986588955));
#4808=CARTESIAN_POINT('Ctrl Pts',(17.3944801107154,20.4920677720697,0.617710473229909));
#4809=CARTESIAN_POINT('Ctrl Pts',(21.887269294701,24.5373933235079,0.617710473229909));
#4810=CARTESIAN_POINT('Ctrl Pts',(17.4217476918626,20.4617840551985,0.652912164735697));
#4811=CARTESIAN_POINT('Ctrl Pts',(21.9145368758482,24.5071096066367,0.652912164735697));
#4812=CARTESIAN_POINT('Ctrl Pts',(17.4608691635367,20.4183352591588,0.705056824060976));
#4813=CARTESIAN_POINT('Ctrl Pts',(21.9536583475223,24.463660810597,0.705056824060976));
#4814=CARTESIAN_POINT('Ctrl Pts',(17.5094689807468,20.3643596939468,0.773266504242879));
#4815=CARTESIAN_POINT('Ctrl Pts',(22.0022581647324,24.409685245385,0.773266504242879));
#4816=CARTESIAN_POINT('Ctrl Pts',(17.5644139280455,20.3033371478502,0.856453824779287));
#4817=CARTESIAN_POINT('Ctrl Pts',(22.0572031120311,24.3486626992884,0.856453824779287));
#4818=CARTESIAN_POINT('Ctrl Pts',(17.6139891472077,20.2482782890232,0.937940908416496));
#4819=CARTESIAN_POINT('Ctrl Pts',(22.1067783311933,24.2936038404614,0.937940908416496));
#4820=CARTESIAN_POINT('Ctrl Pts',(17.6590706571614,20.1982101998813,1.01847652342077));
#4821=CARTESIAN_POINT('Ctrl Pts',(22.1518598411469,24.2435357513195,1.01847652342077));
#4822=CARTESIAN_POINT('Ctrl Pts',(17.70117827656,20.1514449508075,1.09933846552028));
#4823=CARTESIAN_POINT('Ctrl Pts',(22.1939674605456,24.1967705022457,1.09933846552028));
#4824=CARTESIAN_POINT('Ctrl Pts',(17.7424942671929,20.105558894548,1.18238771503242));
#4825=CARTESIAN_POINT('Ctrl Pts',(22.2352834511785,24.1508844459862,1.18238771503242));
#4826=CARTESIAN_POINT('Ctrl Pts',(17.7852627478818,20.0580596846547,1.26976960704251));
#4827=CARTESIAN_POINT('Ctrl Pts',(22.2780519318674,24.1033852360929,1.26976960704251));
#4828=CARTESIAN_POINT('Ctrl Pts',(17.8312573890555,20.0069774605522,1.36366710745315));
#4829=CARTESIAN_POINT('Ctrl Pts',(22.3240465730411,24.0523030119904,1.36366710745315));
#4830=CARTESIAN_POINT('Ctrl Pts',(17.8812867143056,19.951414265821,1.46604484534583));
#4831=CARTESIAN_POINT('Ctrl Pts',(22.3740758982911,23.9967398172592,1.46604484534583));
#4832=CARTESIAN_POINT('Ctrl Pts',(17.9345173999917,19.892295600125,1.57836890422417));
#4833=CARTESIAN_POINT('Ctrl Pts',(22.4273065839773,23.9376211515632,1.57836890422417));
#4834=CARTESIAN_POINT('Ctrl Pts',(17.9887023653881,19.8321170994402,1.70147722735442));
#4835=CARTESIAN_POINT('Ctrl Pts',(22.4814915493737,23.8774426508784,1.70147722735442));
#4836=CARTESIAN_POINT('Ctrl Pts',(18.0408650238178,19.7741845981815,1.83553354574532));
#4837=CARTESIAN_POINT('Ctrl Pts',(22.5336542078033,23.8195101496197,1.83553354574532));
#4838=CARTESIAN_POINT('Ctrl Pts',(18.0878488628172,19.722003758594,1.97994488914286));
#4839=CARTESIAN_POINT('Ctrl Pts',(22.5806380468028,23.7673293100322,1.97994488914286));
#4840=CARTESIAN_POINT('Ctrl Pts',(18.1268966049455,19.6786368475105,2.13330793541122));
#4841=CARTESIAN_POINT('Ctrl Pts',(22.6196857889311,23.7239623989487,2.13330793541122));
#4842=CARTESIAN_POINT('Ctrl Pts',(18.1562777798903,19.6460057469164,2.29330001841966));
#4843=CARTESIAN_POINT('Ctrl Pts',(22.6490669638758,23.6913312983546,2.29330001841966));
#4844=CARTESIAN_POINT('Ctrl Pts',(18.1757128962756,19.6244208634317,2.45671415891778));
#4845=CARTESIAN_POINT('Ctrl Pts',(22.6685020802612,23.6697464148699,2.45671415891778));
#4846=CARTESIAN_POINT('Ctrl Pts',(18.1860006028583,19.6129952077521,2.62003808583167));
#4847=CARTESIAN_POINT('Ctrl Pts',(22.6787897868439,23.6583207591903,2.62003808583167));
#4848=CARTESIAN_POINT('Ctrl Pts',(18.1887767503664,19.6099119835865,2.7799306066825));
#4849=CARTESIAN_POINT('Ctrl Pts',(22.681565934352,23.6552375350247,2.7799306066825));
#4850=CARTESIAN_POINT('Ctrl Pts',(18.1862216538558,19.6127497057478,2.93377158488027));
#4851=CARTESIAN_POINT('Ctrl Pts',(22.6790108378414,23.658075257186,2.93377158488027));
#4852=CARTESIAN_POINT('Ctrl Pts',(18.1807998879576,19.6187711868069,3.0801060597015));
#4853=CARTESIAN_POINT('Ctrl Pts',(22.6735890719431,23.6640967382451,3.0801060597015));
#4854=CARTESIAN_POINT('Ctrl Pts',(18.1749678736658,19.625248294866,3.21932734965603));
#4855=CARTESIAN_POINT('Ctrl Pts',(22.6677570576513,23.6705738463042,3.21932734965603));
#4856=CARTESIAN_POINT('Ctrl Pts',(18.170979508522,19.6296778231083,3.35347485538326));
#4857=CARTESIAN_POINT('Ctrl Pts',(22.6637686925076,23.6750033745465,3.35347485538326));
#4858=CARTESIAN_POINT('Ctrl Pts',(18.1707749245802,19.6299050365945,3.48531339991001));
#4859=CARTESIAN_POINT('Ctrl Pts',(22.6635641085658,23.6752305880327,3.48531339991001));
#4860=CARTESIAN_POINT('Ctrl Pts',(18.1758356944944,19.6242844821931,3.61758522329141));
#4861=CARTESIAN_POINT('Ctrl Pts',(22.6686248784799,23.6696100336313,3.61758522329141));
#4862=CARTESIAN_POINT('Ctrl Pts',(18.1870726153472,19.6118046172659,3.75226582369761));
#4863=CARTESIAN_POINT('Ctrl Pts',(22.6798617993328,23.6571301687041,3.75226582369761));
#4864=CARTESIAN_POINT('Ctrl Pts',(18.2046482819556,19.5922848619741,3.88963774588225));
#4865=CARTESIAN_POINT('Ctrl Pts',(22.6974374659411,23.6376104134123,3.88963774588225));
#4866=CARTESIAN_POINT('Ctrl Pts',(18.2279970800804,19.5663533945705,4.02806263649863));
#4867=CARTESIAN_POINT('Ctrl Pts',(22.720786264066,23.6116789460087,4.02806263649863));
#4868=CARTESIAN_POINT('Ctrl Pts',(18.2561535602445,19.5350824553266,4.16489073573198));
#4869=CARTESIAN_POINT('Ctrl Pts',(22.7489427442301,23.5804080067648,4.16489073573198));
#4870=CARTESIAN_POINT('Ctrl Pts',(18.2880128298181,19.4996991518249,4.29711297516311));
#4871=CARTESIAN_POINT('Ctrl Pts',(22.7808020138037,23.5450247032631,4.29711297516311));
#4872=CARTESIAN_POINT('Ctrl Pts',(18.3226058937679,19.461279662076,4.42208782677675));
#4873=CARTESIAN_POINT('Ctrl Pts',(22.8153950777535,23.5066052135142,4.42208782677675));
#4874=CARTESIAN_POINT('Ctrl Pts',(18.3593957179635,19.420420422906,4.53830110178225));
#4875=CARTESIAN_POINT('Ctrl Pts',(22.8521849019491,23.4657459743442,4.53830110178225));
#4876=CARTESIAN_POINT('Ctrl Pts',(18.3984850908616,19.3770072761686,4.64592429471535));
#4877=CARTESIAN_POINT('Ctrl Pts',(22.8912742748472,23.4223328276068,4.64592429471535));
#4878=CARTESIAN_POINT('Ctrl Pts',(18.4403225536762,19.3305420663779,4.74617099209259));
#4879=CARTESIAN_POINT('Ctrl Pts',(22.9331117376618,23.3758676178161,4.74617099209259));
#4880=CARTESIAN_POINT('Ctrl Pts',(18.4854620231703,19.280409606645,4.8407897664682));
#4881=CARTESIAN_POINT('Ctrl Pts',(22.9782512071559,23.3257351580832,4.8407897664682));
#4882=CARTESIAN_POINT('Ctrl Pts',(18.5343215778677,19.2261455737291,4.93154124059331));
#4883=CARTESIAN_POINT('Ctrl Pts',(23.0271107618533,23.2714711251673,4.93154124059331));
#4884=CARTESIAN_POINT('Ctrl Pts',(18.5868958355173,19.1677559452256,5.01960053992345));
#4885=CARTESIAN_POINT('Ctrl Pts',(23.0796850195029,23.2130814966638,5.01960053992345));
#4886=CARTESIAN_POINT('Ctrl Pts',(18.6426422599695,19.105843268572,5.10526598347423));
#4887=CARTESIAN_POINT('Ctrl Pts',(23.1354314439551,23.1511688200102,5.10526598347423));
#4888=CARTESIAN_POINT('Ctrl Pts',(18.7007168278171,19.0413449267272,5.18829255695645));
#4889=CARTESIAN_POINT('Ctrl Pts',(23.1935060118027,23.0866704781654,5.18829255695645));
#4890=CARTESIAN_POINT('Ctrl Pts',(18.7601403404629,18.9753484299076,5.2680971060875));
#4891=CARTESIAN_POINT('Ctrl Pts',(23.2529295244485,23.0206739813458,5.2680971060875));
#4892=CARTESIAN_POINT('Ctrl Pts',(18.8199769559598,18.9088931358918,5.34399640679253));
#4893=CARTESIAN_POINT('Ctrl Pts',(23.3127661399454,22.95421868733,5.34399640679253));
#4894=CARTESIAN_POINT('Ctrl Pts',(18.8795439323151,18.8427373064811,5.41547331552513));
#4895=CARTESIAN_POINT('Ctrl Pts',(23.3723331163006,22.8880628579193,5.41547331552513));
#4896=CARTESIAN_POINT('Ctrl Pts',(18.938448437007,18.7773172263904,5.48224466515617));
#4897=CARTESIAN_POINT('Ctrl Pts',(23.4312376209926,22.8226427778286,5.48224466515617));
#4898=CARTESIAN_POINT('Ctrl Pts',(18.9848822707951,18.7257472294739,5.53178636672469));
#4899=CARTESIAN_POINT('Ctrl Pts',(23.4776714547806,22.7710727809121,5.53178636672469));
#4900=CARTESIAN_POINT('Ctrl Pts',(19.0192912812326,18.6875321518591,5.5667465693973));
#4901=CARTESIAN_POINT('Ctrl Pts',(23.5120804652182,22.7328577032973,5.5667465693973));
#4902=CARTESIAN_POINT('Ctrl Pts',(19.0420456127834,18.6622609064721,5.58907799718132));
#4903=CARTESIAN_POINT('Ctrl Pts',(23.534834796769,22.7075864579103,5.58907799718132));
#4904=CARTESIAN_POINT('Ctrl Pts',(19.0533765325219,18.6496766452061,5.59999987483025));
#4905=CARTESIAN_POINT('Ctrl Pts',(23.5461657165075,22.6950021966443,5.59999987483025));
#4906=CARTESIAN_POINT('',(17.3805496801095,20.5075390826376,0.599999986588955));
#4907=CARTESIAN_POINT('',(17.7860423239694,20.8726462991021,0.599999986588955));
#4908=CARTESIAN_POINT('Ctrl Pts',(19.4588691763818,19.0147838616706,5.59999987483025));
#4909=CARTESIAN_POINT('Ctrl Pts',(19.2731675916581,19.2210263656883,5.42100204990688));
#4910=CARTESIAN_POINT('Ctrl Pts',(19.0074443849494,19.4717090689718,5.12639130594469));
#4911=CARTESIAN_POINT('Ctrl Pts',(18.6842505073455,19.7391888230405,4.550198198961));
#4912=CARTESIAN_POINT('Ctrl Pts',(18.5981469275937,19.8018967026813,4.27819604722859));
#4913=CARTESIAN_POINT('Ctrl Pts',(18.4415833326572,19.9163938966009,3.60693458915614));
#4914=CARTESIAN_POINT('Ctrl Pts',(18.468949111042,19.8955778020161,3.33591540731558));
#4915=CARTESIAN_POINT('Ctrl Pts',(18.4939899384735,19.8777278959966,2.74088027888234));
#4916=CARTESIAN_POINT('Ctrl Pts',(18.4961248326894,19.8775103362362,2.43519447418349));
#4917=CARTESIAN_POINT('Ctrl Pts',(18.3406081522769,19.9845701068387,1.89824491771846));
#4918=CARTESIAN_POINT('Ctrl Pts',(18.2500148738334,20.0449069773956,1.72243700488011));
#4919=CARTESIAN_POINT('Ctrl Pts',(17.9366467108111,20.2382476039788,1.2087432111663));
#4920=CARTESIAN_POINT('Ctrl Pts',(17.6937066558901,20.3721817683106,0.863830386442964));
#4921=CARTESIAN_POINT('Ctrl Pts',(17.3805496801095,20.5075390826376,0.599999986588956));
#4922=CARTESIAN_POINT('Ctrl Pts',(19.4249289529858,18.6195464010971,5.1798159406848));
#4923=CARTESIAN_POINT('Ctrl Pts',(23.7275056187118,22.4936038318183,5.1798159406848));
#4924=CARTESIAN_POINT('Ctrl Pts',(19.2707684627814,18.7907589708105,5.03122058821766));
#4925=CARTESIAN_POINT('Ctrl Pts',(23.5733451285073,22.6648164015316,5.03122058821766));
#4926=CARTESIAN_POINT('Ctrl Pts',(19.0693964507914,19.0144052474628,4.78051068379307));
#4927=CARTESIAN_POINT('Ctrl Pts',(23.3719731165173,22.888462678184,4.78051068379307));
#4928=CARTESIAN_POINT('Ctrl Pts',(18.9513595424972,19.1454985150261,4.55362632778307));
#4929=CARTESIAN_POINT('Ctrl Pts',(23.2539362082232,23.0195559457472,4.55362632778307));
#4930=CARTESIAN_POINT('Ctrl Pts',(18.8769567070794,19.2281312351799,4.41061309875953));
#4931=CARTESIAN_POINT('Ctrl Pts',(23.1795333728053,23.1021886659011,4.41061309875953));
#4932=CARTESIAN_POINT('Ctrl Pts',(18.8178421918211,19.2937845556337,4.24189248653958));
#4933=CARTESIAN_POINT('Ctrl Pts',(23.1204188575471,23.1678419863549,4.24189248653958));
#4934=CARTESIAN_POINT('Ctrl Pts',(18.7662770387923,19.3510534599166,4.0127195461276));
#4935=CARTESIAN_POINT('Ctrl Pts',(23.0688537045183,23.2251108906378,4.0127195461276));
#4936=CARTESIAN_POINT('Ctrl Pts',(18.7196681445053,19.4028178812142,3.80557389202387));
#4937=CARTESIAN_POINT('Ctrl Pts',(23.0222448102312,23.2768753119353,3.80557389202387));
#4938=CARTESIAN_POINT('Ctrl Pts',(18.6963242224515,19.4287439331924,3.61665241232663));
#4939=CARTESIAN_POINT('Ctrl Pts',(22.9989008881774,23.3028013639135,3.61665241232663));
#4940=CARTESIAN_POINT('Ctrl Pts',(18.6962195801453,19.4288601502471,3.41788009833466));
#4941=CARTESIAN_POINT('Ctrl Pts',(22.9987962458713,23.3029175809683,3.41788009833466));
#4942=CARTESIAN_POINT('Ctrl Pts',(18.6961010399309,19.4289918024928,3.19270814269079));
#4943=CARTESIAN_POINT('Ctrl Pts',(22.9986777056569,23.3030492332139,3.19270814269079));
#4944=CARTESIAN_POINT('Ctrl Pts',(18.7330965496067,19.3879041264543,2.85086195602261));
#4945=CARTESIAN_POINT('Ctrl Pts',(23.0356732153326,23.2619615571755,2.85086195602261));
#4946=CARTESIAN_POINT('Ctrl Pts',(18.6983256555246,19.4265211165737,2.42584156743125));
#4947=CARTESIAN_POINT('Ctrl Pts',(23.0009023212506,23.3005785472949,2.42584156743125));
#4948=CARTESIAN_POINT('Ctrl Pts',(18.6656998155693,19.4627557827349,2.0270411470796));
#4949=CARTESIAN_POINT('Ctrl Pts',(22.9682764812952,23.3368132134561,2.0270411470796));
#4950=CARTESIAN_POINT('Ctrl Pts',(18.5381623313768,19.6044005087889,1.60656753670823));
#4951=CARTESIAN_POINT('Ctrl Pts',(22.8407389971027,23.4784579395101,1.60656753670823));
#4952=CARTESIAN_POINT('Ctrl Pts',(18.4176808318856,19.7382087699293,1.33562165953166));
#4953=CARTESIAN_POINT('Ctrl Pts',(22.7202574976115,23.6122662006504,1.33562165953166));
#4954=CARTESIAN_POINT('Ctrl Pts',(18.27383881689,19.8979615119416,1.01214128210944));
#4955=CARTESIAN_POINT('Ctrl Pts',(22.5764154826159,23.7720189426628,1.01214128210944));
#4956=CARTESIAN_POINT('Ctrl Pts',(18.1961664074635,19.9842254619076,0.853754643475003));
#4957=CARTESIAN_POINT('Ctrl Pts',(22.4987430731895,23.8582828926287,0.853754643475003));
#4958=CARTESIAN_POINT('Ctrl Pts',(18.065851481948,20.1289548490541,0.627380037430277));
#4959=CARTESIAN_POINT('Ctrl Pts',(22.368428147674,24.0030122797753,0.627380037430277));
#4960=CARTESIAN_POINT('Ctrl Pts',(18.060605474796,20.13478113025,0.618267015283085));
#4961=CARTESIAN_POINT('Ctrl Pts',(22.363182140522,24.0088385609711,0.618267015283085));
#4962=CARTESIAN_POINT('Ctrl Pts',(18.0552907921421,20.1406836833178,0.609139505632988));
#4963=CARTESIAN_POINT('Ctrl Pts',(22.3578674578681,24.0147411140389,0.609139505632988));
#4964=CARTESIAN_POINT('Ctrl Pts',(18.0499060928516,20.1466639977384,0.599999986588922));
#4965=CARTESIAN_POINT('Ctrl Pts',(22.3524827585775,24.0207214284596,0.599999986588922));
#4966=CARTESIAN_POINT('',(19.4588691763815,19.0147838616709,4.98231089439848));
#4967=CARTESIAN_POINT('Ctrl Pts',(19.4588691763815,19.0147838616709,4.98231089439848));
#4968=CARTESIAN_POINT('Ctrl Pts',(19.5152049678959,18.9522166265822,5.05037341942811));
#4969=CARTESIAN_POINT('Ctrl Pts',(19.5754186069294,18.8825959398941,5.11868088585387));
#4970=CARTESIAN_POINT('Ctrl Pts',(19.6356583718132,18.8092880220618,5.1798159406848));
#4971=CARTESIAN_POINT('',(18.0635441631363,20.1589437713792,0.599999986588955));
#4972=CARTESIAN_POINT('Ctrl Pts',(18.0635441631363,20.1589437713792,0.599999986588926));
#4973=CARTESIAN_POINT('Ctrl Pts',(18.2459905983827,20.0506013043957,0.830091567555456));
#4974=CARTESIAN_POINT('Ctrl Pts',(18.5064962594299,19.8720595302474,1.2399899129366));
#4975=CARTESIAN_POINT('Ctrl Pts',(18.7643633305283,19.6744518498298,1.81679274361845));
#4976=CARTESIAN_POINT('Ctrl Pts',(18.8432550546151,19.6077119090592,2.0982228504565));
#4977=CARTESIAN_POINT('Ctrl Pts',(18.9024628748209,19.557650980232,2.76513274903781));
#4978=CARTESIAN_POINT('Ctrl Pts',(18.8810069695197,19.5757955441396,3.04566369366096));
#4979=CARTESIAN_POINT('Ctrl Pts',(18.8664699452194,19.5880804343352,3.4498857283917));
#4980=CARTESIAN_POINT('Ctrl Pts',(18.8649494437472,19.5913052161201,3.70591698444435));
#4981=CARTESIAN_POINT('Ctrl Pts',(18.9996360329688,19.4726946083873,4.19554995501345));
#4982=CARTESIAN_POINT('Ctrl Pts',(19.0390272359279,19.4373658193728,4.31137954078496));
#4983=CARTESIAN_POINT('Ctrl Pts',(19.1225068812605,19.3597652123983,4.49893233910162));
#4984=CARTESIAN_POINT('Ctrl Pts',(19.1940364467443,19.2958612238757,4.63738840808135));
#4985=CARTESIAN_POINT('Ctrl Pts',(19.3757298382338,19.1055749990323,4.87926957634376));
#4986=CARTESIAN_POINT('Ctrl Pts',(19.4161733822367,19.0622023449787,4.93072763836315));
#4987=CARTESIAN_POINT('Ctrl Pts',(19.4588691763815,19.0147838616709,4.98231089439848));
#4988=CARTESIAN_POINT('',(18.2651862184519,20.3405030934859,0.599999986588955));
#4989=CARTESIAN_POINT('Origin',(15.0000002235174,15.0000002235174,0.6));
#4990=CARTESIAN_POINT('',(15.7003554933699,20.9589852458169,0.599999986588955));
#4991=CARTESIAN_POINT('Origin',(15.0000002235174,15.0000002235174,0.6));
#4992=CARTESIAN_POINT('',(17.4404200819718,20.4812729693732,4.98231089439848));
#4993=CARTESIAN_POINT('Ctrl Pts',(15.7003554933699,20.9589852458169,0.599999986588913));
#4994=CARTESIAN_POINT('Ctrl Pts',(15.9110954568751,20.9342171278477,0.830091567554767));
#4995=CARTESIAN_POINT('Ctrl Pts',(16.2216987020848,20.877068299151,1.23998991293919));
#4996=CARTESIAN_POINT('Ctrl Pts',(16.5376462781483,20.8014286871666,1.81679274363975));
#4997=CARTESIAN_POINT('Ctrl Pts',(16.6368630337954,20.7725468724552,2.09822285047813));
#4998=CARTESIAN_POINT('Ctrl Pts',(16.7113136831379,20.7508959283552,2.7651327490532));
#4999=CARTESIAN_POINT('Ctrl Pts',(16.6843326792948,20.758744909398,3.04566369367691));
#5000=CARTESIAN_POINT('Ctrl Pts',(16.6660557317813,20.7640549745689,3.44988572838442));
#5001=CARTESIAN_POINT('Ctrl Pts',(16.6633550476493,20.7663825156562,3.70591698444884));
#5002=CARTESIAN_POINT('Ctrl Pts',(16.8346406498622,20.7128083049003,4.19554995501682));
#5003=CARTESIAN_POINT('Ctrl Pts',(16.8849958174446,20.6965556958303,4.3113795407898));
#5004=CARTESIAN_POINT('Ctrl Pts',(16.9928212786241,20.6596182445265,4.49893233910217));
#5005=CARTESIAN_POINT('Ctrl Pts',(17.0841588820301,20.6303327414319,4.63738840808299));
#5006=CARTESIAN_POINT('Ctrl Pts',(17.3275404348248,20.530398985198,4.87926957634428));
#5007=CARTESIAN_POINT('Ctrl Pts',(17.3821286984497,20.5072259654236,4.93072763836286));
#5008=CARTESIAN_POINT('Ctrl Pts',(17.4404200819718,20.4812729693732,4.98231089439848));
#5009=CARTESIAN_POINT('Ctrl Pts',(17.4404200819718,20.4812729693732,4.98231089439848));
#5010=CARTESIAN_POINT('Ctrl Pts',(17.5173337755771,20.4470287866871,5.05037341942645));
#5011=CARTESIAN_POINT('Ctrl Pts',(17.6006589563964,20.4079182180132,5.11868088585248));
#5012=CARTESIAN_POINT('Ctrl Pts',(17.6855077363874,20.3654498224158,5.17981594068481));
#5013=CARTESIAN_POINT('Ctrl Pts',(19.4148582334487,19.0631306364067,0.599999986588955));
#5014=CARTESIAN_POINT('Ctrl Pts',(25.1646075195653,20.931337427867,0.599999986588955));
#5015=CARTESIAN_POINT('Ctrl Pts',(19.4212915661274,19.0433308743323,0.617710473229909));
#5016=CARTESIAN_POINT('Ctrl Pts',(25.171040852244,20.9115376657927,0.617710473229909));
#5017=CARTESIAN_POINT('Ctrl Pts',(19.4338842436853,19.0045745979234,0.652912164735697));
#5018=CARTESIAN_POINT('Ctrl Pts',(25.1836335298019,20.8727813893838,0.652912164735697));
#5019=CARTESIAN_POINT('Ctrl Pts',(19.4519512689825,18.9489700116004,0.705056824060976));
#5020=CARTESIAN_POINT('Ctrl Pts',(25.2017005550991,20.8171768030607,0.705056824060976));
#5021=CARTESIAN_POINT('Ctrl Pts',(19.4743955710347,18.8798935526712,0.773266504242879));
#5022=CARTESIAN_POINT('Ctrl Pts',(25.2241448571512,20.7481003441316,0.773266504242879));
#5023=CARTESIAN_POINT('Ctrl Pts',(19.4997701725085,18.8017985594526,0.856453824779287));
#5024=CARTESIAN_POINT('Ctrl Pts',(25.2495194586251,20.670005350913,0.856453824779287));
#5025=CARTESIAN_POINT('Ctrl Pts',(19.522664933375,18.7313357308464,0.937940908416496));
#5026=CARTESIAN_POINT('Ctrl Pts',(25.2724142194915,20.5995425223068,0.937940908416496));
#5027=CARTESIAN_POINT('Ctrl Pts',(19.543484415514,18.6672599534147,1.01847652342077));
#5028=CARTESIAN_POINT('Ctrl Pts',(25.2932337016306,20.535466744875,1.01847652342077));
#5029=CARTESIAN_POINT('Ctrl Pts',(19.5629304995269,18.6074110607856,1.09933846552028));
#5030=CARTESIAN_POINT('Ctrl Pts',(25.3126797856435,20.475617852246,1.09933846552028));
#5031=CARTESIAN_POINT('Ctrl Pts',(19.5820109946106,18.5486873351853,1.18238771503242));
#5032=CARTESIAN_POINT('Ctrl Pts',(25.3317602807272,20.4168941266456,1.18238771503242));
#5033=CARTESIAN_POINT('Ctrl Pts',(19.6017622766935,18.4878991394808,1.26976960704251));
#5034=CARTESIAN_POINT('Ctrl Pts',(25.35151156281,20.3561059309412,1.26976960704251));
#5035=CARTESIAN_POINT('Ctrl Pts',(19.6230034598613,18.4225254997351,1.36366710745315));
#5036=CARTESIAN_POINT('Ctrl Pts',(25.3727527459778,20.2907322911955,1.36366710745315));
#5037=CARTESIAN_POINT('Ctrl Pts',(19.6461079353889,18.3514172357688,1.46604484534583));
#5038=CARTESIAN_POINT('Ctrl Pts',(25.3958572215054,20.2196240272292,1.46604484534583));
#5039=CARTESIAN_POINT('Ctrl Pts',(19.6706908588763,18.2757587768558,1.57836890422417));
#5040=CARTESIAN_POINT('Ctrl Pts',(25.4204401449929,20.1439655683161,1.57836890422417));
#5041=CARTESIAN_POINT('Ctrl Pts',(19.6957144865328,18.1987439699769,1.70147722735442));
#5042=CARTESIAN_POINT('Ctrl Pts',(25.4454637726494,20.0669507614373,1.70147722735442));
#5043=CARTESIAN_POINT('Ctrl Pts',(19.7198041751129,18.1246035320185,1.83553354574532));
#5044=CARTESIAN_POINT('Ctrl Pts',(25.4695534612294,19.9928103234789,1.83553354574532));
#5045=CARTESIAN_POINT('Ctrl Pts',(19.7415021882867,18.057823914084,1.97994488914286));
#5046=CARTESIAN_POINT('Ctrl Pts',(25.4912514744033,19.9260307055443,1.97994488914286));
#5047=CARTESIAN_POINT('Ctrl Pts',(19.7595351639045,18.0023241218987,2.13330793541122));
#5048=CARTESIAN_POINT('Ctrl Pts',(25.5092844500211,19.870530913359,2.13330793541122));
#5049=CARTESIAN_POINT('Ctrl Pts',(19.7731039385,17.9605637277064,2.29330001841966));
#5050=CARTESIAN_POINT('Ctrl Pts',(25.5228532246166,19.8287705191668,2.29330001841966));
#5051=CARTESIAN_POINT('Ctrl Pts',(19.7820794377429,17.9329399814488,2.45671415891778));
#5052=CARTESIAN_POINT('Ctrl Pts',(25.5318287238595,19.8011467729092,2.45671415891778));
#5053=CARTESIAN_POINT('Ctrl Pts',(19.786830492525,17.9183177383617,2.62003808583167));
#5054=CARTESIAN_POINT('Ctrl Pts',(25.5365797786416,19.7865245298221,2.62003808583167));
#5055=CARTESIAN_POINT('Ctrl Pts',(19.7881125692238,17.9143719120123,2.7799306066825));
#5056=CARTESIAN_POINT('Ctrl Pts',(25.5378618553404,19.7825787034726,2.7799306066825));
#5057=CARTESIAN_POINT('Ctrl Pts',(19.7869325779986,17.9180035515802,2.93377158488027));
#5058=CARTESIAN_POINT('Ctrl Pts',(25.5366818641152,19.7862103430406,2.93377158488027));
#5059=CARTESIAN_POINT('Ctrl Pts',(19.7844287053821,17.925709679111,3.0801060597015));
#5060=CARTESIAN_POINT('Ctrl Pts',(25.5341779914987,19.7939164705714,3.0801060597015));
#5061=CARTESIAN_POINT('Ctrl Pts',(19.7817353724058,17.9339989056725,3.21932734965603));
#5062=CARTESIAN_POINT('Ctrl Pts',(25.5314846585224,19.8022056971329,3.21932734965603));
#5063=CARTESIAN_POINT('Ctrl Pts',(19.779893470993,17.9396676953277,3.35347485538326));
#5064=CARTESIAN_POINT('Ctrl Pts',(25.5296427571096,19.8078744867881,3.35347485538326));
#5065=CARTESIAN_POINT('Ctrl Pts',(19.7797989903129,17.9399584769616,3.48531339991001));
#5066=CARTESIAN_POINT('Ctrl Pts',(25.5295482764294,19.808165268422,3.48531339991001));
#5067=CARTESIAN_POINT('Ctrl Pts',(19.7821361482507,17.9327654444526,3.6175852232914));
#5068=CARTESIAN_POINT('Ctrl Pts',(25.5318854343673,19.800972235913,3.6175852232914));
#5069=CARTESIAN_POINT('Ctrl Pts',(19.7873255678871,17.9167940530701,3.7522658236976));
#5070=CARTESIAN_POINT('Ctrl Pts',(25.5370748540037,19.7850008445305,3.7522658236976));
#5071=CARTESIAN_POINT('Ctrl Pts',(19.7954423385412,17.8918132016529,3.88963774588225));
#5072=CARTESIAN_POINT('Ctrl Pts',(25.5451916246578,19.7600199931133,3.88963774588225));
#5073=CARTESIAN_POINT('Ctrl Pts',(19.8062252490078,17.8586268156272,4.02806263649863));
#5074=CARTESIAN_POINT('Ctrl Pts',(25.5559745351243,19.7268336070875,4.02806263649863));
#5075=CARTESIAN_POINT('Ctrl Pts',(19.8192284367111,17.8186071189019,4.16489073573197));
#5076=CARTESIAN_POINT('Ctrl Pts',(25.5689777228276,19.6868139103623,4.16489073573197));
#5077=CARTESIAN_POINT('Ctrl Pts',(19.8339416416266,17.7733245303544,4.29711297516311));
#5078=CARTESIAN_POINT('Ctrl Pts',(25.5836909277431,19.6415313218147,4.29711297516311));
#5079=CARTESIAN_POINT('Ctrl Pts',(19.8499173637747,17.7241563133047,4.42208782677675));
#5080=CARTESIAN_POINT('Ctrl Pts',(25.5996666498912,19.592363104765,4.42208782677675));
#5081=CARTESIAN_POINT('Ctrl Pts',(19.8669075907774,17.6718657713655,4.53830110178224));
#5082=CARTESIAN_POINT('Ctrl Pts',(25.616656876894,19.5400725628259,4.53830110178224));
#5083=CARTESIAN_POINT('Ctrl Pts',(19.8849597922612,17.616306808049,4.64592429471535));
#5084=CARTESIAN_POINT('Ctrl Pts',(25.6347090783778,19.4845135995094,4.64592429471535));
#5085=CARTESIAN_POINT('Ctrl Pts',(19.9042811129248,17.5568418975263,4.74617099209259));
#5086=CARTESIAN_POINT('Ctrl Pts',(25.6540303990413,19.4250486889867,4.74617099209259));
#5087=CARTESIAN_POINT('Ctrl Pts',(19.9251273618606,17.4926837403647,4.8407897664682));
#5088=CARTESIAN_POINT('Ctrl Pts',(25.6748766479772,19.360890531825,4.8407897664682));
#5089=CARTESIAN_POINT('Ctrl Pts',(19.9476916155289,17.4232381083212,4.93154124059331));
#5090=CARTESIAN_POINT('Ctrl Pts',(25.6974409016454,19.2914448997816,4.93154124059331));
#5091=CARTESIAN_POINT('Ctrl Pts',(19.9719713883056,17.3485126513597,5.01960053992345));
#5092=CARTESIAN_POINT('Ctrl Pts',(25.7217206744222,19.2167194428201,5.01960053992345));
#5093=CARTESIAN_POINT('Ctrl Pts',(19.9977161268778,17.2692784932872,5.10526598347423));
#5094=CARTESIAN_POINT('Ctrl Pts',(25.7474654129944,19.1374852847475,5.10526598347423));
#5095=CARTESIAN_POINT('Ctrl Pts',(20.0245360454936,17.186735271295,5.18829255695645));
#5096=CARTESIAN_POINT('Ctrl Pts',(25.7742853316102,19.0549420627553,5.18829255695645));
#5097=CARTESIAN_POINT('Ctrl Pts',(20.0519789319773,17.1022747513518,5.2680971060875));
#5098=CARTESIAN_POINT('Ctrl Pts',(25.8017282180938,18.9704815428121,5.2680971060875));
#5099=CARTESIAN_POINT('Ctrl Pts',(20.0796125970625,17.0172270752471,5.34399640679253));
#5100=CARTESIAN_POINT('Ctrl Pts',(25.8293618831791,18.8854338667074,5.34399640679253));
#5101=CARTESIAN_POINT('Ctrl Pts',(20.107121737763,16.9325626457915,5.41547331552513));
#5102=CARTESIAN_POINT('Ctrl Pts',(25.8568710238795,18.8007694372518,5.41547331552513));
#5103=CARTESIAN_POINT('Ctrl Pts',(20.1343249366931,16.8488398082856,5.48224466515617));
#5104=CARTESIAN_POINT('Ctrl Pts',(25.8840742228097,18.717046599746,5.48224466515617));
#5105=CARTESIAN_POINT('Ctrl Pts',(20.1557689472019,16.7828419301717,5.53178636672469));
#5106=CARTESIAN_POINT('Ctrl Pts',(25.9055182333185,18.6510487216321,5.53178636672469));
#5107=CARTESIAN_POINT('Ctrl Pts',(20.1716596700051,16.7339353142064,5.5667465693973));
#5108=CARTESIAN_POINT('Ctrl Pts',(25.9214089561217,18.6021421056667,5.5667465693973));
#5109=CARTESIAN_POINT('Ctrl Pts',(20.1821680447201,16.7015938623437,5.58907799718132));
#5110=CARTESIAN_POINT('Ctrl Pts',(25.9319173308367,18.5698006538041,5.58907799718132));
#5111=CARTESIAN_POINT('Ctrl Pts',(20.1874008747951,16.6854888673689,5.59999987483025));
#5112=CARTESIAN_POINT('Ctrl Pts',(25.9371501609117,18.5536956588293,5.59999987483025));
#5113=CARTESIAN_POINT('',(19.4148582334487,19.0631306364067,0.599999986588955));
#5114=CARTESIAN_POINT('',(19.9337966799419,19.2317439588048,0.599999986588955));
#5115=CARTESIAN_POINT('Ctrl Pts',(20.7063393212883,16.8541021897671,5.59999987483025));
#5116=CARTESIAN_POINT('Ctrl Pts',(20.6205788658291,17.1180457316748,5.42100204990347));
#5117=CARTESIAN_POINT('Ctrl Pts',(20.4797904785594,17.4551351416542,5.12639130593715));
#5118=CARTESIAN_POINT('Ctrl Pts',(20.2933319970011,17.8309448488259,4.55019819896267));
#5119=CARTESIAN_POINT('Ctrl Pts',(20.2401780552923,17.9232528284142,4.27819604723678));
#5120=CARTESIAN_POINT('Ctrl Pts',(20.1437202986013,18.0915313708668,3.60693458916777));
#5121=CARTESIAN_POINT('Ctrl Pts',(20.1602535127052,18.0613842573792,3.33591540732446));
#5122=CARTESIAN_POINT('Ctrl Pts',(20.1758692360078,18.0348925347257,2.74088027888371));
#5123=CARTESIAN_POINT('Ctrl Pts',(20.177731069395,18.0338254442874,2.43519447418629));
#5124=CARTESIAN_POINT('Ctrl Pts',(20.0792046441193,18.1948837439517,1.89824491771817));
#5125=CARTESIAN_POINT('Ctrl Pts',(20.0209847822885,18.2868518239366,1.72243700487966));
#5126=CARTESIAN_POINT('Ctrl Pts',(19.8133474378144,18.5909355898063,1.20874321116337));
#5127=CARTESIAN_POINT('Ctrl Pts',(19.645886586556,18.8121031596608,0.863830386441758));
#5128=CARTESIAN_POINT('Ctrl Pts',(19.4148582334487,19.0631306364066,0.599999986588955));
#5129=CARTESIAN_POINT('Ctrl Pts',(20.5145758264421,16.5068395354994,5.17981594068478));
#5130=CARTESIAN_POINT('Ctrl Pts',(26.0208963100295,18.2959515143876,5.17981594068478));
#5131=CARTESIAN_POINT('Ctrl Pts',(20.4433816367254,16.725952721133,5.03122058821766));
#5132=CARTESIAN_POINT('Ctrl Pts',(25.9497021203128,18.5150647000212,5.03122058821766));
#5133=CARTESIAN_POINT('Ctrl Pts',(20.3503842856776,17.0121691374537,4.78051068379307));
#5134=CARTESIAN_POINT('Ctrl Pts',(25.856704769265,18.8012811163419,4.78051068379307));
#5135=CARTESIAN_POINT('Ctrl Pts',(20.2958726398499,17.1799387324022,4.55362632778307));
#5136=CARTESIAN_POINT('Ctrl Pts',(25.8021931234372,18.9690507112904,4.55362632778307));
#5137=CARTESIAN_POINT('Ctrl Pts',(20.2615120227218,17.2856898380645,4.41061309875953));
#5138=CARTESIAN_POINT('Ctrl Pts',(25.7678325063091,19.0748018169528,4.41061309875953));
#5139=CARTESIAN_POINT('Ctrl Pts',(20.234211836995,17.3697111702375,4.24189248653958));
#5140=CARTESIAN_POINT('Ctrl Pts',(25.7405323205824,19.1588231491257,4.24189248653958));
#5141=CARTESIAN_POINT('Ctrl Pts',(20.2103980875536,17.4430023548519,4.0127195461276));
#5142=CARTESIAN_POINT('Ctrl Pts',(25.7167185711409,19.2321143337402,4.0127195461276));
#5143=CARTESIAN_POINT('Ctrl Pts',(20.1888732308412,17.5092490519956,3.80557389202387));
#5144=CARTESIAN_POINT('Ctrl Pts',(25.6951937144286,19.2983610308838,3.80557389202387));
#5145=CARTESIAN_POINT('Ctrl Pts',(20.1780925722352,17.5424285075072,3.61665241232663));
#5146=CARTESIAN_POINT('Ctrl Pts',(25.6844130558225,19.3315404863955,3.61665241232663));
#5147=CARTESIAN_POINT('Ctrl Pts',(20.1780442464665,17.5425772389301,3.41788009833466));
#5148=CARTESIAN_POINT('Ctrl Pts',(25.6843647300538,19.3316892178183,3.41788009833466));
#5149=CARTESIAN_POINT('Ctrl Pts',(20.1779895023845,17.5427457238899,3.19270814269079));
#5150=CARTESIAN_POINT('Ctrl Pts',(25.6843099859719,19.3318577027782,3.19270814269079));
#5151=CARTESIAN_POINT('Ctrl Pts',(20.1950747187783,17.4901628346655,2.85086195602261));
#5152=CARTESIAN_POINT('Ctrl Pts',(25.7013952023657,19.2792748135538,2.85086195602261));
#5153=CARTESIAN_POINT('Ctrl Pts',(20.1790168713583,17.5395838073126,2.42584156743125));
#5154=CARTESIAN_POINT('Ctrl Pts',(25.6853373549457,19.3286957862008,2.42584156743125));
#5155=CARTESIAN_POINT('Ctrl Pts',(20.1639496499427,17.5859559466143,2.0270411470796));
#5156=CARTESIAN_POINT('Ctrl Pts',(25.6702701335301,19.3750679255025,2.0270411470796));
#5157=CARTESIAN_POINT('Ctrl Pts',(20.1050504609641,17.7672290108868,1.60656753670823));
#5158=CARTESIAN_POINT('Ctrl Pts',(25.6113709445515,19.556340989775,1.60656753670823));
#5159=CARTESIAN_POINT('Ctrl Pts',(20.049409857326,17.9384731807024,1.33562165953166));
#5160=CARTESIAN_POINT('Ctrl Pts',(25.5557303409133,19.7275851595907,1.33562165953166));
#5161=CARTESIAN_POINT('Ctrl Pts',(19.9829809319168,18.1429203908263,1.01214128210944));
#5162=CARTESIAN_POINT('Ctrl Pts',(25.4893014155042,19.9320323697146,1.01214128210944));
#5163=CARTESIAN_POINT('Ctrl Pts',(19.9471103645288,18.2533186455457,0.853754643475003));
#5164=CARTESIAN_POINT('Ctrl Pts',(25.4534308481161,20.0424306244339,0.853754643475003));
#5165=CARTESIAN_POINT('Ctrl Pts',(19.8869285013434,18.4385393751077,0.627380037430277));
#5166=CARTESIAN_POINT('Ctrl Pts',(25.3932489849308,20.227651353996,0.627380037430277));
#5167=CARTESIAN_POINT('Ctrl Pts',(19.8845057973942,18.4459956911677,0.618267015283072));
#5168=CARTESIAN_POINT('Ctrl Pts',(25.3908262809816,20.2351076700559,0.618267015283072));
#5169=CARTESIAN_POINT('Ctrl Pts',(19.8820513778173,18.4535496178929,0.609139505632956));
#5170=CARTESIAN_POINT('Ctrl Pts',(25.3883718614046,20.2426615967812,0.609139505632956));
#5171=CARTESIAN_POINT('Ctrl Pts',(19.8795646232516,18.4612030614806,0.59999998658888));
#5172=CARTESIAN_POINT('Ctrl Pts',(25.385885106839,20.2503150403689,0.59999998658888));
#5173=CARTESIAN_POINT('',(20.1550742672157,18.5507215713066,0.599999986588955));
#5174=CARTESIAN_POINT('Origin',(15.0000002235174,15.0000002235174,0.6));
#5175=CARTESIAN_POINT('Origin',(15.0000002235174,15.0000002235174,0.6));
#5176=CARTESIAN_POINT('Ctrl Pts',(14.9346224991126,20.999644025707,0.599999986588955));
#5177=CARTESIAN_POINT('Ctrl Pts',(17.3936075153477,26.5226147986505,0.599999986588955));
#5178=CARTESIAN_POINT('Ctrl Pts',(14.95364132964,20.9911762967951,0.617710473229909));
#5179=CARTESIAN_POINT('Ctrl Pts',(17.4126263458751,26.5141470697386,0.617710473229909));
#5180=CARTESIAN_POINT('Ctrl Pts',(14.990869001878,20.9746014692275,0.652912164735697));
#5181=CARTESIAN_POINT('Ctrl Pts',(17.4498540181131,26.497572242171,0.652912164735697));
#5182=CARTESIAN_POINT('Ctrl Pts',(15.044280462069,20.9508211550263,0.705056824060976));
#5183=CARTESIAN_POINT('Ctrl Pts',(17.5032654783041,26.4737919279697,0.705056824060976));
#5184=CARTESIAN_POINT('Ctrl Pts',(15.110632444526,20.9212793491093,0.773266504242879));
#5185=CARTESIAN_POINT('Ctrl Pts',(17.5696174607611,26.4442501220528,0.773266504242879));
#5186=CARTESIAN_POINT('Ctrl Pts',(15.1856472571024,20.8878806027273,0.856453824779287));
#5187=CARTESIAN_POINT('Ctrl Pts',(17.6446322733375,26.4108513756707,0.856453824779287));
#5188=CARTESIAN_POINT('Ctrl Pts',(15.2533309287906,20.8577458905647,0.937940908416496));
#5189=CARTESIAN_POINT('Ctrl Pts',(17.7123159450257,26.3807166635082,0.937940908416496));
#5190=CARTESIAN_POINT('Ctrl Pts',(15.3148794639352,20.8303427171796,1.01847652342077));
#5191=CARTESIAN_POINT('Ctrl Pts',(17.7738644801703,26.3533134901231,1.01847652342077));
#5192=CARTESIAN_POINT('Ctrl Pts',(15.3723678287899,20.8047472480748,1.09933846552028));
#5193=CARTESIAN_POINT('Ctrl Pts',(17.831352845025,26.3277180210183,1.09933846552028));
#5194=CARTESIAN_POINT('Ctrl Pts',(15.4287754048476,20.7796329771452,1.18238771503242));
#5195=CARTESIAN_POINT('Ctrl Pts',(17.8877604210827,26.3026037500887,1.18238771503242));
#5196=CARTESIAN_POINT('Ctrl Pts',(15.4871660252919,20.7536357979704,1.26976960704251));
#5197=CARTESIAN_POINT('Ctrl Pts',(17.946151041527,26.2766065709139,1.26976960704251));
#5198=CARTESIAN_POINT('Ctrl Pts',(15.5499612331644,20.7256775701257,1.36366710745315));
#5199=CARTESIAN_POINT('Ctrl Pts',(18.0089462493995,26.2486483430692,1.36366710745315));
#5200=CARTESIAN_POINT('Ctrl Pts',(15.618264883299,20.6952668257745,1.46604484534583));
#5201=CARTESIAN_POINT('Ctrl Pts',(18.0772498995341,26.2182375987179,1.46604484534583));
#5202=CARTESIAN_POINT('Ctrl Pts',(15.6909392620431,20.6629101076706,1.57836890422417));
#5203=CARTESIAN_POINT('Ctrl Pts',(18.1499242782782,26.1858808806141,1.57836890422417));
#5204=CARTESIAN_POINT('Ctrl Pts',(15.7649164924073,20.6299733226528,1.70147722735442));
#5205=CARTESIAN_POINT('Ctrl Pts',(18.2239015086424,26.1529440955963,1.70147722735442));
#5206=CARTESIAN_POINT('Ctrl Pts',(15.8361327231613,20.5982658138616,1.83553354574532));
#5207=CARTESIAN_POINT('Ctrl Pts',(18.2951177393964,26.121236586805,1.83553354574532));
#5208=CARTESIAN_POINT('Ctrl Pts',(15.9002784553885,20.5697062938339,1.97994488914286));
#5209=CARTESIAN_POINT('Ctrl Pts',(18.3592634716236,26.0926770667774,1.97994488914286));
#5210=CARTESIAN_POINT('Ctrl Pts',(15.9535892546757,20.5459707967545,2.13330793541122));
#5211=CARTESIAN_POINT('Ctrl Pts',(18.4125742709108,26.068941569698,2.13330793541122));
#5212=CARTESIAN_POINT('Ctrl Pts',(15.9937025579022,20.5281112034956,2.29330001841966));
#5213=CARTESIAN_POINT('Ctrl Pts',(18.4526875741373,26.0510819764391,2.29330001841966));
#5214=CARTESIAN_POINT('Ctrl Pts',(16.0202367832445,20.5162974052307,2.45671415891778));
#5215=CARTESIAN_POINT('Ctrl Pts',(18.4792217994796,26.0392681781742,2.45671415891778));
#5216=CARTESIAN_POINT('Ctrl Pts',(16.0342823036988,20.5100439366244,2.62003808583167));
#5217=CARTESIAN_POINT('Ctrl Pts',(18.4932673199339,26.0330147095679,2.62003808583167));
#5218=CARTESIAN_POINT('Ctrl Pts',(16.0380725008915,20.5083564321112,2.7799306066825));
#5219=CARTESIAN_POINT('Ctrl Pts',(18.4970575171266,26.0313272050547,2.7799306066825));
#5220=CARTESIAN_POINT('Ctrl Pts',(16.0345840984946,20.5099095689242,2.93377158488027));
#5221=CARTESIAN_POINT('Ctrl Pts',(18.4935691147297,26.0328803418677,2.93377158488027));
#5222=CARTESIAN_POINT('Ctrl Pts',(16.0271819118935,20.5132052347331,3.0801060597015));
#5223=CARTESIAN_POINT('Ctrl Pts',(18.4861669281286,26.0361760076765,3.0801060597015));
#5224=CARTESIAN_POINT('Ctrl Pts',(16.0192196245395,20.5167502734637,3.21932734965603));
#5225=CARTESIAN_POINT('Ctrl Pts',(18.4782046407746,26.0397210464072,3.21932734965603));
#5226=CARTESIAN_POINT('Ctrl Pts',(16.0137744202313,20.5191746346191,3.35347485538326));
#5227=CARTESIAN_POINT('Ctrl Pts',(18.4727594364664,26.0421454075626,3.35347485538326));
#5228=CARTESIAN_POINT('Ctrl Pts',(16.0134951074499,20.5192989926815,3.48531339991001));
#5229=CARTESIAN_POINT('Ctrl Pts',(18.472480123685,26.042269765625,3.48531339991001));
#5230=CARTESIAN_POINT('Ctrl Pts',(16.0204044362466,20.516222761305,3.6175852232914));
#5231=CARTESIAN_POINT('Ctrl Pts',(18.4793894524817,26.0391935342485,3.6175852232914));
#5232=CARTESIAN_POINT('Ctrl Pts',(16.0357458926162,20.5093923048549,3.7522658236976));
#5233=CARTESIAN_POINT('Ctrl Pts',(18.4947309088513,26.0323630777984,3.7522658236976));
#5234=CARTESIAN_POINT('Ctrl Pts',(16.0597414627523,20.49870878871,3.88963774588225));
#5235=CARTESIAN_POINT('Ctrl Pts',(18.5187264789874,26.0216795616534,3.88963774588225));
#5236=CARTESIAN_POINT('Ctrl Pts',(16.0916189292225,20.4845160262225,4.02806263649863));
#5237=CARTESIAN_POINT('Ctrl Pts',(18.5506039454576,26.007486799166,4.02806263649863));
#5238=CARTESIAN_POINT('Ctrl Pts',(16.1300601906335,20.4674008739428,4.16489073573197));
#5239=CARTESIAN_POINT('Ctrl Pts',(18.5890452068686,25.9903716468863,4.16489073573197));
#5240=CARTESIAN_POINT('Ctrl Pts',(16.1735567677234,20.4480349501097,4.29711297516311));
#5241=CARTESIAN_POINT('Ctrl Pts',(18.6325417839585,25.9710057230531,4.29711297516311));
#5242=CARTESIAN_POINT('Ctrl Pts',(16.2207857184499,20.4270072664692,4.42208782677675));
#5243=CARTESIAN_POINT('Ctrl Pts',(18.679770734685,25.9499780394127,4.42208782677675));
#5244=CARTESIAN_POINT('Ctrl Pts',(16.2710138450099,20.4046442637154,4.53830110178224));
#5245=CARTESIAN_POINT('Ctrl Pts',(18.729998861245,25.9276150366589,4.53830110178224));
#5246=CARTESIAN_POINT('Ctrl Pts',(16.3243814816324,20.380883461024,4.64592429471535));
#5247=CARTESIAN_POINT('Ctrl Pts',(18.7833664978675,25.9038542339674,4.64592429471535));
#5248=CARTESIAN_POINT('Ctrl Pts',(16.3815010091961,20.3554522088613,4.74617099209259));
#5249=CARTESIAN_POINT('Ctrl Pts',(18.8404860254312,25.8784229818048,4.74617099209259));
#5250=CARTESIAN_POINT('Ctrl Pts',(16.4431286748936,20.3280138042842,4.8407897664682));
#5251=CARTESIAN_POINT('Ctrl Pts',(18.9021136911287,25.8509845772276,4.8407897664682));
#5252=CARTESIAN_POINT('Ctrl Pts',(16.5098352697378,20.2983141147603,4.93154124059331));
#5253=CARTESIAN_POINT('Ctrl Pts',(18.9688202859729,25.8212848877038,4.93154124059331));
#5254=CARTESIAN_POINT('Ctrl Pts',(16.5816134454905,20.266356411936,5.01960053992345));
#5255=CARTESIAN_POINT('Ctrl Pts',(19.0405984617256,25.7893271848795,5.01960053992345));
#5256=CARTESIAN_POINT('Ctrl Pts',(16.6577224925946,20.2324704809538,5.10526598347423));
#5257=CARTESIAN_POINT('Ctrl Pts',(19.1167075088297,25.7554412538973,5.10526598347423));
#5258=CARTESIAN_POINT('Ctrl Pts',(16.7370100893022,20.1971693685104,5.18829255695645));
#5259=CARTESIAN_POINT('Ctrl Pts',(19.1959951055373,25.7201401414539,5.18829255695645));
#5260=CARTESIAN_POINT('Ctrl Pts',(16.8181393629282,20.1610482886739,5.2680971060875));
#5261=CARTESIAN_POINT('Ctrl Pts',(19.2771243791633,25.6840190616174,5.2680971060875));
#5262=CARTESIAN_POINT('Ctrl Pts',(16.8998326344187,20.1246761008096,5.34399640679253));
#5263=CARTESIAN_POINT('Ctrl Pts',(19.3588176506538,25.6476468737531,5.34399640679253));
#5264=CARTESIAN_POINT('Ctrl Pts',(16.9811577750679,20.0884678153558,5.41547331552513));
#5265=CARTESIAN_POINT('Ctrl Pts',(19.440142791303,25.6114385882993,5.41547331552513));
#5266=CARTESIAN_POINT('Ctrl Pts',(17.0615784615297,20.0526622188508,5.48224466515617));
#5267=CARTESIAN_POINT('Ctrl Pts',(19.5205634777648,25.5756329917943,5.48224466515617));
#5268=CARTESIAN_POINT('Ctrl Pts',(17.124973286897,20.0244370240972,5.53178636672469));
#5269=CARTESIAN_POINT('Ctrl Pts',(19.5839583031321,25.5474077970407,5.53178636672469));
#5270=CARTESIAN_POINT('Ctrl Pts',(17.1719509544681,20.0035212189256,5.5667465693973));
#5271=CARTESIAN_POINT('Ctrl Pts',(19.6309359707032,25.5264919918691,5.5667465693973));
#5272=CARTESIAN_POINT('Ctrl Pts',(17.2030168122131,19.9896898079239,5.58907799718132));
#5273=CARTESIAN_POINT('Ctrl Pts',(19.6620018284482,25.5126605808673,5.58907799718132));
#5274=CARTESIAN_POINT('Ctrl Pts',(17.218486602654,19.9828022134638,5.59999987483025));
#5275=CARTESIAN_POINT('Ctrl Pts',(19.6774716188891,25.5057729864073,5.59999987483025));
#5276=CARTESIAN_POINT('',(14.9346224991126,20.999644025707,0.599999986588955));
#5277=CARTESIAN_POINT('',(15.1565559784308,21.4981147816162,0.599999986588955));
#5278=CARTESIAN_POINT('Ctrl Pts',(17.4404200819722,20.481272969373,5.59999987483025));
#5279=CARTESIAN_POINT('Ctrl Pts',(17.1868868590225,20.594153232909,5.4210020499036));
#5280=CARTESIAN_POINT('Ctrl Pts',(16.842174789337,20.715083912717,5.12639130594236));
#5281=CARTESIAN_POINT('Ctrl Pts',(16.4381286732559,20.8279840342182,4.55019819896514));
#5282=CARTESIAN_POINT('Ctrl Pts',(16.333963546627,20.8502490518374,4.27819604723242));
#5283=CARTESIAN_POINT('Ctrl Pts',(16.1443653813467,20.8911672922227,3.60693458917442));
#5284=CARTESIAN_POINT('Ctrl Pts',(16.1778319323125,20.8832815084055,3.33591540733328));
#5285=CARTESIAN_POINT('Ctrl Pts',(16.207968077323,20.8771598299311,2.74088027890297));
#5286=CARTESIAN_POINT('Ctrl Pts',(16.2100068897679,20.877829418906,2.43519447419668));
#5287=CARTESIAN_POINT('Ctrl Pts',(16.0243902010799,20.912379053504,1.89824491771321));
#5288=CARTESIAN_POINT('Ctrl Pts',(15.9170879068785,20.9306519215707,1.72243700487388));
#5289=CARTESIAN_POINT('Ctrl Pts',(15.5521731275554,20.9798190580885,1.20874321116453));
#5290=CARTESIAN_POINT('Ctrl Pts',(15.2757604115102,21.0033613831295,0.863830386442212));
#5291=CARTESIAN_POINT('Ctrl Pts',(14.9346224991126,20.999644025707,0.599999986588955));
#5292=CARTESIAN_POINT('Ctrl Pts',(17.5701717029889,20.1064008500466,5.17981594068481));
#5293=CARTESIAN_POINT('Ctrl Pts',(19.9250499576675,25.3955440081222,5.17981594068481));
#5294=CARTESIAN_POINT('Ctrl Pts',(17.3597006615571,20.2001085951188,5.03122058821767));
#5295=CARTESIAN_POINT('Ctrl Pts',(19.7145789162357,25.4892517531944,5.03122058821767));
#5296=CARTESIAN_POINT('Ctrl Pts',(17.0847730389053,20.3225142591071,4.78051068379307));
#5297=CARTESIAN_POINT('Ctrl Pts',(19.4396512935839,25.6116574171826,4.78051068379307));
#5298=CARTESIAN_POINT('Ctrl Pts',(16.9236205219205,20.3942639823784,4.55362632778307));
#5299=CARTESIAN_POINT('Ctrl Pts',(19.2784987765991,25.6834071404539,4.55362632778307));
#5300=CARTESIAN_POINT('Ctrl Pts',(16.8220403943852,20.4394903690144,4.41061309875953));
#5301=CARTESIAN_POINT('Ctrl Pts',(19.1769186490638,25.72863352709,4.41061309875953));
#5302=CARTESIAN_POINT('Ctrl Pts',(16.7413329863221,20.475423622201,4.24189248653958));
#5303=CARTESIAN_POINT('Ctrl Pts',(19.0962112410007,25.7645667802765,4.24189248653958));
#5304=CARTESIAN_POINT('Ctrl Pts',(16.6709325131193,20.5067679323302,4.0127195461276));
#5305=CARTESIAN_POINT('Ctrl Pts',(19.0258107677979,25.7959110904057,4.0127195461276));
#5306=CARTESIAN_POINT('Ctrl Pts',(16.6072986825083,20.5350995390743,3.80557389202387));
#5307=CARTESIAN_POINT('Ctrl Pts',(18.9621769371869,25.8242426971498,3.80557389202387));
#5308=CARTESIAN_POINT('Ctrl Pts',(16.5754278732027,20.5492893376011,3.61665241232663));
#5309=CARTESIAN_POINT('Ctrl Pts',(18.9303061278813,25.8384324956766,3.61665241232663));
#5310=CARTESIAN_POINT('Ctrl Pts',(16.5752850079645,20.5493529453033,3.41788009833466));
#5311=CARTESIAN_POINT('Ctrl Pts',(18.9301632626431,25.8384961033788,3.41788009833466));
#5312=CARTESIAN_POINT('Ctrl Pts',(16.5751231682977,20.5494250009654,3.19270814269079));
#5313=CARTESIAN_POINT('Ctrl Pts',(18.9300014229763,25.8385681590409,3.19270814269079));
#5314=CARTESIAN_POINT('Ctrl Pts',(16.6256321115388,20.5269369705698,2.85086195602261));
#5315=CARTESIAN_POINT('Ctrl Pts',(18.9805103662174,25.8160801286454,2.85086195602261));
#5316=CARTESIAN_POINT('Ctrl Pts',(16.5781603742651,20.5480727497455,2.42584156743125));
#5317=CARTESIAN_POINT('Ctrl Pts',(18.9330386289437,25.837215907821,2.42584156743125));
#5318=CARTESIAN_POINT('Ctrl Pts',(16.5336172198948,20.5679046398053,2.0270411470796));
#5319=CARTESIAN_POINT('Ctrl Pts',(18.8884954745734,25.8570477978808,2.0270411470796));
#5320=CARTESIAN_POINT('Ctrl Pts',(16.3594938301469,20.6454293677042,1.60656753670823));
#5321=CARTESIAN_POINT('Ctrl Pts',(18.7143720848255,25.9345725257797,1.60656753670823));
#5322=CARTESIAN_POINT('Ctrl Pts',(16.1950037806047,20.7186650562082,1.33562165953166));
#5323=CARTESIAN_POINT('Ctrl Pts',(18.5498820352833,26.0078082142838,1.33562165953166));
#5324=CARTESIAN_POINT('Ctrl Pts',(15.9986202671791,20.806100629707,1.01214128210944));
#5325=CARTESIAN_POINT('Ctrl Pts',(18.3534985218577,26.0952437877825,1.01214128210944));
#5326=CARTESIAN_POINT('Ctrl Pts',(15.8925762809358,20.853314454287,0.853754643475003));
#5327=CARTESIAN_POINT('Ctrl Pts',(18.2474545356144,26.1424576123625,0.853754643475003));
#5328=CARTESIAN_POINT('Ctrl Pts',(15.7146609275856,20.9325274731553,0.627380037430277));
#5329=CARTESIAN_POINT('Ctrl Pts',(18.0695391822642,26.2216706312308,0.627380037430277));
#5330=CARTESIAN_POINT('Ctrl Pts',(15.707498699526,20.9357163025382,0.618267015283082));
#5331=CARTESIAN_POINT('Ctrl Pts',(18.0623769542046,26.2248594606137,0.618267015283082));
#5332=CARTESIAN_POINT('Ctrl Pts',(15.7002427107083,20.9389468769001,0.609139505632981));
#5333=CARTESIAN_POINT('Ctrl Pts',(18.0551209653869,26.2280900349756,0.609139505632981));
#5334=CARTESIAN_POINT('Ctrl Pts',(15.6928911301187,20.9422200114609,0.599999986588913));
#5335=CARTESIAN_POINT('Ctrl Pts',(18.0477693847973,26.2313631695364,0.599999986588913));
#5336=CARTESIAN_POINT('',(15.8107178478804,21.2068631525021,0.599999986588955));
#5337=CARTESIAN_POINT('Origin',(15.0000002235174,15.0000002235174,0.6));
#5338=CARTESIAN_POINT('',(13.2160690349181,20.7286640742197,0.599999986588955));
#5339=CARTESIAN_POINT('Origin',(15.0000002235174,15.0000002235174,0.6));
#5340=CARTESIAN_POINT('',(15.000000223517,21.0000002235174,4.98231089439848));
#5341=CARTESIAN_POINT('Ctrl Pts',(13.2160690349181,20.7286640742197,0.599999986588959));
#5342=CARTESIAN_POINT('Ctrl Pts',(13.4186636724828,20.7917529378733,0.830091567557751));
#5343=CARTESIAN_POINT('Ctrl Pts',(13.7256583790008,20.8658786062897,1.23998991293246));
#5344=CARTESIAN_POINT('Ctrl Pts',(14.0450562538267,20.9252858388202,1.81679274361002));
#5345=CARTESIAN_POINT('Ctrl Pts',(14.1474425626349,20.9392560783114,2.0982228504476));
#5346=CARTESIAN_POINT('Ctrl Pts',(14.2242628474913,20.9497587638647,2.76513274900967));
#5347=CARTESIAN_POINT('Ctrl Pts',(14.1964220057912,20.9459550019142,3.0456636936302));
#5348=CARTESIAN_POINT('Ctrl Pts',(14.1775653853232,20.9433720835528,3.44988572838165));
#5349=CARTESIAN_POINT('Ctrl Pts',(14.1741514913524,20.9443999309424,3.70591698443154));
#5350=CARTESIAN_POINT('Ctrl Pts',(14.3524192698478,20.9651255849106,4.1955499550031));
#5351=CARTESIAN_POINT('Ctrl Pts',(14.4050315361159,20.9707593795439,4.31137954077634));
#5352=CARTESIAN_POINT('Ctrl Pts',(14.5185588113423,20.9808719048069,4.49893233909492));
#5353=CARTESIAN_POINT('Ctrl Pts',(14.6139113512651,20.991268616676,4.63738840807623));
#5354=CARTESIAN_POINT('Ctrl Pts',(14.8768981838373,20.998966783374,4.8792695763409));
#5355=CARTESIAN_POINT('Ctrl Pts',(14.936192360388,21.0000002235174,4.93072763836177));
#5356=CARTESIAN_POINT('Ctrl Pts',(15.000000223517,21.0000002235174,4.98231089439847));
#5357=CARTESIAN_POINT('Ctrl Pts',(15.000000223517,21.0000002235174,4.98231089439847));
#5358=CARTESIAN_POINT('Ctrl Pts',(15.0841927428536,21.0000002235174,5.05037341942834));
#5359=CARTESIAN_POINT('Ctrl Pts',(15.1762217847097,20.9981623454895,5.11868088585414));
#5360=CARTESIAN_POINT('Ctrl Pts',(15.2710084549165,20.9938766435409,5.17981594068479));
#5361=CARTESIAN_POINT('Ctrl Pts',(11.5263897676796,10.1077583651161,0.599999986588955));
#5362=CARTESIAN_POINT('Ctrl Pts',(6.29070833145347,7.08493627851986,0.599999986588955));
#5363=CARTESIAN_POINT('Ctrl Pts',(11.5159804167445,10.1257878898094,0.617710473229909));
#5364=CARTESIAN_POINT('Ctrl Pts',(6.28029898051843,7.10296580321316,0.617710473229909));
#5365=CARTESIAN_POINT('Ctrl Pts',(11.4956050364465,10.1610790837092,0.652912164735697));
#5366=CARTESIAN_POINT('Ctrl Pts',(6.25992360022038,7.13825699711292,0.652912164735697));
#5367=CARTESIAN_POINT('Ctrl Pts',(11.4663719754399,10.2117122306332,0.705056824060976));
#5368=CARTESIAN_POINT('Ctrl Pts',(6.23069053921385,7.18889014403699,0.705056824060976));
#5369=CARTESIAN_POINT('Ctrl Pts',(11.4300563318658,10.2746127704131,0.773266504242879));
#5370=CARTESIAN_POINT('Ctrl Pts',(6.19437489563976,7.25179068381688,0.773266504242879));
#5371=CARTESIAN_POINT('Ctrl Pts',(11.3889993642301,10.345725524363,0.856453824779287));
#5372=CARTESIAN_POINT('Ctrl Pts',(6.15331792800401,7.3229034377667,0.856453824779287));
#5373=CARTESIAN_POINT('Ctrl Pts',(11.3519548629839,10.4098884826624,0.937940908416496));
#5374=CARTESIAN_POINT('Ctrl Pts',(6.11627342675783,7.38706639606614,0.937940908416496));
#5375=CARTESIAN_POINT('Ctrl Pts',(11.3182682332548,10.4682354368889,1.01847652342077));
#5376=CARTESIAN_POINT('Ctrl Pts',(6.08258679702874,7.44541335029268,1.01847652342077));
#5377=CARTESIAN_POINT('Ctrl Pts',(11.2868038083739,10.5227334194137,1.09933846552028));
#5378=CARTESIAN_POINT('Ctrl Pts',(6.05112237214777,7.49991133281746,1.09933846552028));
#5379=CARTESIAN_POINT('Ctrl Pts',(11.2559309188062,10.5762068327214,1.18238771503242));
#5380=CARTESIAN_POINT('Ctrl Pts',(6.02024948258012,7.55338474612509,1.18238771503242));
#5381=CARTESIAN_POINT('Ctrl Pts',(11.2239726730748,10.631560138049,1.26976960704251));
#5382=CARTESIAN_POINT('Ctrl Pts',(5.98829123684869,7.60873805145271,1.26976960704251));
#5383=CARTESIAN_POINT('Ctrl Pts',(11.189603716748,10.69108891661,1.36366710745315));
#5384=CARTESIAN_POINT('Ctrl Pts',(5.95392228052192,7.66826683001377,1.36366710745315));
#5385=CARTESIAN_POINT('Ctrl Pts',(11.1522198900521,10.7558396038286,1.46604484534583));
#5386=CARTESIAN_POINT('Ctrl Pts',(5.91653845382606,7.73301751723237,1.46604484534583));
#5387=CARTESIAN_POINT('Ctrl Pts',(11.1124438843065,10.8247336667021,1.57836890422417));
#5388=CARTESIAN_POINT('Ctrl Pts',(5.87676244808046,7.80191158010588,1.57836890422417));
#5389=CARTESIAN_POINT('Ctrl Pts',(11.0719548042365,10.8948628105352,1.70147722735442));
#5390=CARTESIAN_POINT('Ctrl Pts',(5.83627336801041,7.87204072393893,1.70147722735442));
#5391=CARTESIAN_POINT('Ctrl Pts',(11.0329768693356,10.9623745741576,1.83553354574532));
#5392=CARTESIAN_POINT('Ctrl Pts',(5.79729543310954,7.93955248756135,1.83553354574532));
#5393=CARTESIAN_POINT('Ctrl Pts',(10.997868746532,11.0231836266119,1.97994488914286));
#5394=CARTESIAN_POINT('Ctrl Pts',(5.76218731030592,8.0003615400156,1.97994488914286));
#5395=CARTESIAN_POINT('Ctrl Pts',(10.9686907790641,11.0737213487279,2.13330793541122));
#5396=CARTESIAN_POINT('Ctrl Pts',(5.73300934283797,8.05089926213167,2.13330793541122));
#5397=CARTESIAN_POINT('Ctrl Pts',(10.9467360405828,11.1117480712443,2.29330001841966));
#5398=CARTESIAN_POINT('Ctrl Pts',(5.71105460435674,8.08892598464804,2.29330001841966));
#5399=CARTESIAN_POINT('Ctrl Pts',(10.9322133777419,11.1369020611459,2.45671415891778));
#5400=CARTESIAN_POINT('Ctrl Pts',(5.69653194151585,8.11407997454968,2.45671415891778));
#5401=CARTESIAN_POINT('Ctrl Pts',(10.9245260096221,11.150216973306,2.62003808583167));
#5402=CARTESIAN_POINT('Ctrl Pts',(5.68884457339599,8.12739488670975,2.62003808583167));
#5403=CARTESIAN_POINT('Ctrl Pts',(10.9224515659471,11.1538100151484,2.7799306066825));
#5404=CARTESIAN_POINT('Ctrl Pts',(5.68677012972105,8.13098792855218,2.7799306066825));
#5405=CARTESIAN_POINT('Ctrl Pts',(10.924360831856,11.1505030695891,2.93377158488027));
#5406=CARTESIAN_POINT('Ctrl Pts',(5.68867939562992,8.12768098299287,2.93377158488027));
#5407=CARTESIAN_POINT('Ctrl Pts',(10.9284121828529,11.1434859238232,3.0801060597015));
#5408=CARTESIAN_POINT('Ctrl Pts',(5.69273074662684,8.12066383722691,3.0801060597015));
#5409=CARTESIAN_POINT('Ctrl Pts',(10.9327700871517,11.1359378121632,3.21932734965603));
#5410=CARTESIAN_POINT('Ctrl Pts',(5.69708865092561,8.1131157255669,3.21932734965603));
#5411=CARTESIAN_POINT('Ctrl Pts',(10.9357503462415,11.1307758519999,3.35347485538326));
#5412=CARTESIAN_POINT('Ctrl Pts',(5.70006891001541,8.10795376540366,3.35347485538326));
#5413=CARTESIAN_POINT('Ctrl Pts',(10.9359032191933,11.1305110682803,3.48531339991001));
#5414=CARTESIAN_POINT('Ctrl Pts',(5.70022178296719,8.10768898168407,3.48531339991001));
#5415=CARTESIAN_POINT('Ctrl Pts',(10.9321216182128,11.1370609933125,3.6175852232914));
#5416=CARTESIAN_POINT('Ctrl Pts',(5.6964401819867,8.11423890671623,3.6175852232914));
#5417=CARTESIAN_POINT('Ctrl Pts',(10.9237249608592,11.1516044304627,3.7522658236976));
#5418=CARTESIAN_POINT('Ctrl Pts',(5.68804352463309,8.12878234386643,3.7522658236976));
#5419=CARTESIAN_POINT('Ctrl Pts',(10.910591750062,11.17435181883,3.88963774588225));
#5420=CARTESIAN_POINT('Ctrl Pts',(5.67491031383587,8.15152973223373,3.88963774588225));
#5421=CARTESIAN_POINT('Ctrl Pts',(10.8931446344294,11.2045711095511,4.02806263649863));
#5422=CARTESIAN_POINT('Ctrl Pts',(5.65746319820333,8.18174902295483,4.02806263649863));
#5423=CARTESIAN_POINT('Ctrl Pts',(10.8721050347634,11.2410127651435,4.16489073573197));
#5424=CARTESIAN_POINT('Ctrl Pts',(5.6364235985373,8.21819067854729,4.16489073573197));
#5425=CARTESIAN_POINT('Ctrl Pts',(10.8482985691266,11.282246773175,4.29711297516311));
#5426=CARTESIAN_POINT('Ctrl Pts',(5.61261713290055,8.25942468657879,4.29711297516311));
#5427=CARTESIAN_POINT('Ctrl Pts',(10.8224493076962,11.3270190073107,4.42208782677675));
#5428=CARTESIAN_POINT('Ctrl Pts',(5.5867678714701,8.30419692071446,4.42208782677675));
#5429=CARTESIAN_POINT('Ctrl Pts',(10.7949585429292,11.3746344086261,4.53830110178224));
#5430=CARTESIAN_POINT('Ctrl Pts',(5.55927710670311,8.35181232202981,4.53830110178224));
#5431=CARTESIAN_POINT('Ctrl Pts',(10.7657494673566,11.4252260115599,4.64592429471535));
#5432=CARTESIAN_POINT('Ctrl Pts',(5.53006803113055,8.4024039249636,4.64592429471535));
#5433=CARTESIAN_POINT('Ctrl Pts',(10.7344869138155,11.4793743426675,4.74617099209259));
#5434=CARTESIAN_POINT('Ctrl Pts',(5.49880547758937,8.45655225607126,4.74617099209259));
#5435=CARTESIAN_POINT('Ctrl Pts',(10.7007569744994,11.5377963112992,4.8407897664682));
#5436=CARTESIAN_POINT('Ctrl Pts',(5.46507553827327,8.51497422470297,4.8407897664682));
#5437=CARTESIAN_POINT('Ctrl Pts',(10.6642472451333,11.6010330175318,4.93154124059331));
#5438=CARTESIAN_POINT('Ctrl Pts',(5.42856580890724,8.57821093093551,4.93154124059331));
#5439=CARTESIAN_POINT('Ctrl Pts',(10.6249617475414,11.6690774953617,5.01960053992345));
#5440=CARTESIAN_POINT('Ctrl Pts',(5.38928031131529,8.6462554087654,5.01960053992345));
#5441=CARTESIAN_POINT('Ctrl Pts',(10.5833058855001,11.7412275648503,5.10526598347423));
#5442=CARTESIAN_POINT('Ctrl Pts',(5.34762444927398,8.71840547825403,5.10526598347423));
#5443=CARTESIAN_POINT('Ctrl Pts',(10.5399103456042,11.8163908447718,5.18829255695645));
#5444=CARTESIAN_POINT('Ctrl Pts',(5.30422890937811,8.79356875817555,5.18829255695645));
#5445=CARTESIAN_POINT('Ctrl Pts',(10.4955068225243,11.8933000027813,5.2680971060875));
#5446=CARTESIAN_POINT('Ctrl Pts',(5.25982538629821,8.87047791618501,5.2680971060875));
#5447=CARTESIAN_POINT('Ctrl Pts',(10.4507946131826,11.9707438210797,5.34399640679253));
#5448=CARTESIAN_POINT('Ctrl Pts',(5.21511317695655,8.94792173448341,5.34399640679253));
#5449=CARTESIAN_POINT('Ctrl Pts',(10.406283888528,12.0478386576632,5.41547331552513));
#5450=CARTESIAN_POINT('Ctrl Pts',(5.17060245230191,9.02501657106695,5.41547331552513));
#5451=CARTESIAN_POINT('Ctrl Pts',(10.3622681880563,12.124076087211,5.48224466515617));
#5452=CARTESIAN_POINT('Ctrl Pts',(5.12658675183019,9.10125400061472,5.48224466515617));
#5453=CARTESIAN_POINT('Ctrl Pts',(10.327571050198,12.1841732928588,5.53178636672469));
#5454=CARTESIAN_POINT('Ctrl Pts',(5.09188961397189,9.16135120626251,5.53178636672469));
#5455=CARTESIAN_POINT('Ctrl Pts',(10.3018593205965,12.228707314879,5.5667465693973));
#5456=CARTESIAN_POINT('Ctrl Pts',(5.06617788437042,9.20588522828272,5.5667465693973));
#5457=CARTESIAN_POINT('Ctrl Pts',(10.2848564131412,12.2581572144679,5.58907799718132));
#5458=CARTESIAN_POINT('Ctrl Pts',(5.04917497691513,9.23533512787169,5.58907799718132));
#5459=CARTESIAN_POINT('Ctrl Pts',(10.2763895162225,12.2728223101137,5.59999987483025));
#5460=CARTESIAN_POINT('Ctrl Pts',(5.04070807999637,9.25000022351742,5.59999987483025));
#5461=CARTESIAN_POINT('',(11.5263897676796,10.1077583651161,0.599999986588955));
#5462=CARTESIAN_POINT('',(11.0538480522679,9.83493627851986,0.599999986588955));
#5463=CARTESIAN_POINT('Ctrl Pts',(9.80384780081079,12.0000002235174,5.59999987483025));
#5464=CARTESIAN_POINT('Ctrl Pts',(9.94261113263215,11.7596550825753,5.42100204990659));
#5465=CARTESIAN_POINT('Ctrl Pts',(10.1504077850364,11.4592034366151,5.12639130594251));
#5466=CARTESIAN_POINT('Ctrl Pts',(10.4109269330572,11.1303729713754,4.55019819895988));
#5467=CARTESIAN_POINT('Ctrl Pts',(10.4821112417219,11.0511334685064,4.2781960472292));
#5468=CARTESIAN_POINT('Ctrl Pts',(10.611448241288,10.9065869112411,3.60693458916762));
#5469=CARTESIAN_POINT('Ctrl Pts',(10.5890083802425,10.9326377894676,3.33591540732705));
#5470=CARTESIAN_POINT('Ctrl Pts',(10.5682259591109,10.9553039129852,2.74088027889378));
#5471=CARTESIAN_POINT('Ctrl Pts',(10.5661829506714,10.9559605880112,2.43519447419162));
#5472=CARTESIAN_POINT('Ctrl Pts',(10.696042240569,10.8189065942837,1.89824491771599));
#5473=CARTESIAN_POINT('Ctrl Pts',(10.7721110977456,10.7410528274141,1.72243700487719));
#5474=CARTESIAN_POINT('Ctrl Pts',(11.0384336379761,10.4867842527747,1.20874321116398));
#5475=CARTESIAN_POINT('Ctrl Pts',(11.248218391254,10.3052667936921,0.863830386441965));
#5476=CARTESIAN_POINT('Ctrl Pts',(11.5263897676796,10.1077583651161,0.599999986588954));
#5477=CARTESIAN_POINT('Ctrl Pts',(9.91922083759627,12.3795442280644,5.17981594068479));
#5478=CARTESIAN_POINT('Ctrl Pts',(4.90520396429684,9.4847002365437,5.17981594068479));
#5479=CARTESIAN_POINT('Ctrl Pts',(10.0344154563594,12.1800212956082,5.03122058821766));
#5480=CARTESIAN_POINT('Ctrl Pts',(5.02039858305999,9.28517730408744,5.03122058821766));
#5481=CARTESIAN_POINT('Ctrl Pts',(10.1848883312184,11.9193946311914,4.78051068379307));
#5482=CARTESIAN_POINT('Ctrl Pts',(5.17087145791899,9.02455063967065,4.78051068379307));
#5483=CARTESIAN_POINT('Ctrl Pts',(10.2730900269505,11.7666248128698,4.55362632778307));
#5484=CARTESIAN_POINT('Ctrl Pts',(5.25907315365104,8.87178082134901,4.55362632778307));
#5485=CARTESIAN_POINT('Ctrl Pts',(10.3286866733382,11.6703285965958,4.41061309875953));
#5486=CARTESIAN_POINT('Ctrl Pts',(5.31466980003876,8.77548460507505,4.41061309875953));
#5487=CARTESIAN_POINT('Ctrl Pts',(10.3728593017432,11.5938193598944,4.24189248653958));
#5488=CARTESIAN_POINT('Ctrl Pts',(5.35884242844377,8.6989753683737,4.24189248653958));
#5489=CARTESIAN_POINT('Ctrl Pts',(10.4113907577391,11.52708092042,4.0127195461276));
#5490=CARTESIAN_POINT('Ctrl Pts',(5.39737388443965,8.63223692889924,4.0127195461276));
#5491=CARTESIAN_POINT('Ctrl Pts',(10.4462187075026,11.4667571419061,3.80557389202387));
#5492=CARTESIAN_POINT('Ctrl Pts',(5.4322018342032,8.57191315038532,3.80557389202387));
#5493=CARTESIAN_POINT('Ctrl Pts',(10.4636621795483,11.4365441620626,3.61665241232663));
#5494=CARTESIAN_POINT('Ctrl Pts',(5.44964530624885,8.54170017054183,3.61665241232663));
#5495=CARTESIAN_POINT('Ctrl Pts',(10.4637403722846,11.4364087282705,3.41788009833466));
#5496=CARTESIAN_POINT('Ctrl Pts',(5.44972349898518,8.54156473674973,3.41788009833466));
#5497=CARTESIAN_POINT('Ctrl Pts',(10.4638289500699,11.4362553070459,3.19270814269079));
#5498=CARTESIAN_POINT('Ctrl Pts',(5.4498120767705,8.54141131552514,3.19270814269079));
#5499=CARTESIAN_POINT('Ctrl Pts',(10.4361844892395,11.4841369177519,2.85086195602261));
#5500=CARTESIAN_POINT('Ctrl Pts',(5.42216761594012,8.5892929262312,2.85086195602261));
#5501=CARTESIAN_POINT('Ctrl Pts',(10.4621666321513,11.4391345261393,2.42584156743125));
#5502=CARTESIAN_POINT('Ctrl Pts',(5.44814975885187,8.54429053461854,2.42584156743125));
#5503=CARTESIAN_POINT('Ctrl Pts',(10.4865459085177,11.3969083808209,2.0270411470796));
#5504=CARTESIAN_POINT('Ctrl Pts',(5.47252903521831,8.5020643893001,2.0270411470796));
#5505=CARTESIAN_POINT('Ctrl Pts',(10.5818467981949,11.2318423978934,1.60656753670823));
#5506=CARTESIAN_POINT('Ctrl Pts',(5.56782992489551,8.33699840637267,1.60656753670823));
#5507=CARTESIAN_POINT('Ctrl Pts',(10.671875186036,11.0759086560291,1.33562165953166));
#5508=CARTESIAN_POINT('Ctrl Pts',(5.65785831273661,8.18106466450837,1.33562165953166));
#5509=CARTESIAN_POINT('Ctrl Pts',(10.7793594451841,10.8897404581707,1.01214128210944));
#5510=CARTESIAN_POINT('Ctrl Pts',(5.7653425718847,7.99489646664998,1.01214128210944));
#5511=CARTESIAN_POINT('Ctrl Pts',(10.8373992424138,10.789212580508,0.853754643475003));
#5512=CARTESIAN_POINT('Ctrl Pts',(5.82338236911433,7.89436858898726,0.853754643475003));
#5513=CARTESIAN_POINT('Ctrl Pts',(10.9347755425539,10.6205518812122,0.627380037430277));
#5514=CARTESIAN_POINT('Ctrl Pts',(5.92075866925449,7.72570788969143,0.627380037430277));
#5515=CARTESIAN_POINT('Ctrl Pts',(10.9386955598884,10.6137622120222,0.618267015283083));
#5516=CARTESIAN_POINT('Ctrl Pts',(5.924678686589,7.7189182205015,0.618267015283083));
#5517=CARTESIAN_POINT('Ctrl Pts',(10.9426668941866,10.6068836592441,0.609139505632983));
#5518=CARTESIAN_POINT('Ctrl Pts',(5.92865002088713,7.71203966772331,0.609139505632983));
#5519=CARTESIAN_POINT('Ctrl Pts',(10.9466905475955,10.5999144871078,0.599999986588915));
#5520=CARTESIAN_POINT('Ctrl Pts',(5.93267367429603,7.70507049558705,0.599999986588915));
#5521=CARTESIAN_POINT('',(9.80384780081101,12.000000223517,4.98231089439848));
#5522=CARTESIAN_POINT('Ctrl Pts',(9.80384780081101,12.000000223517,4.98231089439849));
#5523=CARTESIAN_POINT('Ctrl Pts',(9.76175154114213,12.0729130840721,5.05037341942926));
#5524=CARTESIAN_POINT('Ctrl Pts',(9.71732866927534,12.1535315112194,5.11868088585485));
#5525=CARTESIAN_POINT('Ctrl Pts',(9.67364686093299,12.2377620265319,5.17981594068479));
#5526=CARTESIAN_POINT('',(10.9307973933673,10.5907385702359,0.599999986588955));
#5527=CARTESIAN_POINT('Ctrl Pts',(10.9307973933673,10.5907385702359,0.599999986588915));
#5528=CARTESIAN_POINT('Ctrl Pts',(10.7748635159662,10.7346462412096,0.830091567556021));
#5529=CARTESIAN_POINT('Ctrl Pts',(10.5571714507799,10.9634486216795,1.23998991293767));
#5530=CARTESIAN_POINT('Ctrl Pts',(10.346024340829,11.2103516789273,1.81679274362535));
#5531=CARTESIAN_POINT('Ctrl Pts',(10.2827326041283,11.2920357036094,2.09822285046362));
#5532=CARTESIAN_POINT('Ctrl Pts',(10.2352268692063,11.35331267904,2.76513274903813));
#5533=CARTESIAN_POINT('Ctrl Pts',(10.252441444537,11.3311036838383,3.04566369366023));
#5534=CARTESIAN_POINT('Ctrl Pts',(10.2641066276859,11.3160648306668,3.44988572838543));
#5535=CARTESIAN_POINT('Ctrl Pts',(10.26492343272,11.3125943880681,3.70591698444274));
#5536=CARTESIAN_POINT('Ctrl Pts',(10.1578406006247,11.456615985939,4.19554995501087));
#5537=CARTESIAN_POINT('Ctrl Pts',(10.1266554582187,11.4993626477609,4.31137954078371));
#5538=CARTESIAN_POINT('Ctrl Pts',(10.0611341168295,11.5926238895007,4.49893233910444));
#5539=CARTESIAN_POINT('Ctrl Pts',(10.0044540302738,11.6700032554548,4.63738840808326));
#5540=CARTESIAN_POINT('Ctrl Pts',(9.86629380606585,11.8939074499726,4.87926957634511));
#5541=CARTESIAN_POINT('Ctrl Pts',(9.83575173237398,11.9447409930888,4.9307276383642));
#5542=CARTESIAN_POINT('Ctrl Pts',(9.80384780081101,12.000000223517,4.98231089439849));
#5543=CARTESIAN_POINT('',(10.6958133951104,10.4550704955871,0.599999986588955));
#5544=CARTESIAN_POINT('Origin',(15.0000002235174,15.0000002235174,0.6));
#5545=CARTESIAN_POINT('',(13.0760067451059,9.31684536947463,0.599999986588955));
#5546=CARTESIAN_POINT('Origin',(15.0000002235174,15.0000002235174,0.6));
#5547=CARTESIAN_POINT('',(11.4732887097629,10.1458982572675,4.98231089439848));
#5548=CARTESIAN_POINT('Ctrl Pts',(13.0760067451059,9.31684536947462,0.599999986588933));
#5549=CARTESIAN_POINT('Ctrl Pts',(12.8750215367081,9.38488754677681,0.830091567556881));
#5550=CARTESIAN_POINT('Ctrl Pts',(12.5830876272353,9.5053655823337,1.2399899129361));
#5551=CARTESIAN_POINT('Ctrl Pts',(12.2897706233704,9.64504148206579,1.81679274362772));
#5552=CARTESIAN_POINT('Ctrl Pts',(12.1987268588124,9.69392048325455,2.09822285046597));
#5553=CARTESIAN_POINT('Ctrl Pts',(12.1304046191768,9.73057746266885,2.76513274902999));
#5554=CARTESIAN_POINT('Ctrl Pts',(12.1551641284296,9.71729033456566,3.04566369365268));
#5555=CARTESIAN_POINT('Ctrl Pts',(12.1719376561633,9.70829631599706,3.44988572838712));
#5556=CARTESIAN_POINT('Ctrl Pts',(12.1740954008643,9.70545813346284,3.70591698444105));
#5557=CARTESIAN_POINT('Ctrl Pts',(12.0176915047644,9.79347389834227,4.19554995500942));
#5558=CARTESIAN_POINT('Ctrl Pts',(11.9718158258413,9.81984077694307,4.31137954078196));
#5559=CARTESIAN_POINT('Ctrl Pts',(11.8740263376406,9.87838923026302,4.49893233910673));
#5560=CARTESIAN_POINT('Ctrl Pts',(11.7907734784772,9.92602493041093,4.63738840808426));
#5561=CARTESIAN_POINT('Ctrl Pts',(11.5734877927786,10.0743767644573,4.8792695763439));
#5562=CARTESIAN_POINT('Ctrl Pts',(11.5249103554073,10.1083929363412,4.93072763836345));
#5563=CARTESIAN_POINT('Ctrl Pts',(11.473288709763,10.1458982572675,4.98231089439847));
#5564=CARTESIAN_POINT('Ctrl Pts',(11.473288709763,10.1458982572675,4.98231089439847));
#5565=CARTESIAN_POINT('Ctrl Pts',(11.40517553082,10.1953853784872,5.05037341942876));
#5566=CARTESIAN_POINT('Ctrl Pts',(11.3318027495828,10.2509655666309,5.11868088585436));
#5567=CARTESIAN_POINT('Ctrl Pts',(11.2576377949466,10.3101469792014,5.17981594068481));
#5568=CARTESIAN_POINT('Ctrl Pts',(13.8165532005679,9.11787023992541,0.599999986588955));
#5569=CARTESIAN_POINT('Ctrl Pts',(10.2630127149575,4.22684136186879,0.599999986588955));
#5570=CARTESIAN_POINT('Ctrl Pts',(13.7997105169542,9.13010716585652,0.617710473229909));
#5571=CARTESIAN_POINT('Ctrl Pts',(10.2461700313437,4.2390782877999,0.617710473229909));
#5572=CARTESIAN_POINT('Ctrl Pts',(13.7667424590983,9.15405986195461,0.652912164735697));
#5573=CARTESIAN_POINT('Ctrl Pts',(10.2132019734878,4.26303098389798,0.652912164735697));
#5574=CARTESIAN_POINT('Ctrl Pts',(13.7194423727945,9.18842538623261,0.705056824060976));
#5575=CARTESIAN_POINT('Ctrl Pts',(10.165901887184,4.29739650817599,0.705056824060976));
#5576=CARTESIAN_POINT('Ctrl Pts',(13.6606824271683,9.23111698567334,0.773266504242879));
#5577=CARTESIAN_POINT('Ctrl Pts',(10.1071419415578,4.34008810761672,0.773266504242879));
#5578=CARTESIAN_POINT('Ctrl Pts',(13.5942508580587,9.27938234583362,0.856453824779287));
#5579=CARTESIAN_POINT('Ctrl Pts',(10.0407103724482,4.388353467777,0.856453824779287));
#5580=CARTESIAN_POINT('Ctrl Pts',(13.5343115959461,9.32293076885569,0.937940908416496));
#5581=CARTESIAN_POINT('Ctrl Pts',(9.98077111033558,4.43190189079907,0.937940908416496));
#5582=CARTESIAN_POINT('Ctrl Pts',(13.479805484078,9.36253177716408,1.01847652342077));
#5583=CARTESIAN_POINT('Ctrl Pts',(9.92626499846748,4.47150289910746,1.01847652342077));
#5584=CARTESIAN_POINT('Ctrl Pts',(13.4288949751841,9.39952042699788,1.09933846552028));
#5585=CARTESIAN_POINT('Ctrl Pts',(9.8753544895736,4.50849154894126,1.09933846552028));
#5586=CARTESIAN_POINT('Ctrl Pts',(13.3789415905327,9.43581368536492,1.18238771503242));
#5587=CARTESIAN_POINT('Ctrl Pts',(9.82540110492221,4.5447848073083,1.18238771503242));
#5588=CARTESIAN_POINT('Ctrl Pts',(13.3272320627184,9.47338285642507,1.26976960704251));
#5589=CARTESIAN_POINT('Ctrl Pts',(9.77369157710793,4.58235397836845,1.26976960704251));
#5590=CARTESIAN_POINT('Ctrl Pts',(13.2716219232239,9.51378598775618,1.36366710745315));
#5591=CARTESIAN_POINT('Ctrl Pts',(9.71808143761337,4.62275710969956,1.36366710745315));
#5592=CARTESIAN_POINT('Ctrl Pts',(13.2111336210004,9.55773331176836,1.46604484534583));
#5593=CARTESIAN_POINT('Ctrl Pts',(9.65759313538993,4.66670443371174,1.46604484534583));
#5594=CARTESIAN_POINT('Ctrl Pts',(13.1467746917673,9.60449281091308,1.57836890422417));
#5595=CARTESIAN_POINT('Ctrl Pts',(9.59323420615685,4.71346393285646,1.57836890422417));
#5596=CARTESIAN_POINT('Ctrl Pts',(13.0812619840408,9.65209057920121,1.70147722735442));
#5597=CARTESIAN_POINT('Ctrl Pts',(9.52772149843029,4.76106170114459,1.70147722735442));
#5598=CARTESIAN_POINT('Ctrl Pts',(13.0181943605599,9.6979118898003,1.83553354574532));
#5599=CARTESIAN_POINT('Ctrl Pts',(9.4646538749494,4.80688301174368,1.83553354574532));
#5600=CARTESIAN_POINT('Ctrl Pts',(12.9613882245824,9.73918396343959,1.97994488914286));
#5601=CARTESIAN_POINT('Ctrl Pts',(9.40784773897193,4.84815508538296,1.97994488914286));
#5602=CARTESIAN_POINT('Ctrl Pts',(12.9141772814966,9.77348472137865,2.13330793541122));
#5603=CARTESIAN_POINT('Ctrl Pts',(9.36063679588616,4.88245584332202,2.13330793541122));
#5604=CARTESIAN_POINT('Ctrl Pts',(12.8786537684199,9.79929406437305,2.29330001841966));
#5605=CARTESIAN_POINT('Ctrl Pts',(9.32511328280942,4.90826518631643,2.29330001841966));
#5606=CARTESIAN_POINT('Ctrl Pts',(12.8551556063362,9.81636647845685,2.45671415891778));
#5607=CARTESIAN_POINT('Ctrl Pts',(9.30161512072568,4.92533760040023,2.45671415891778));
#5608=CARTESIAN_POINT('Ctrl Pts',(12.8427171834342,9.82540352167644,2.62003808583167));
#5609=CARTESIAN_POINT('Ctrl Pts',(9.28917669782373,4.93437464361981,2.62003808583167));
#5610=CARTESIAN_POINT('Ctrl Pts',(12.8393606630604,9.82784217647411,2.7799306066825));
#5611=CARTESIAN_POINT('Ctrl Pts',(9.28582017744993,4.93681329841749,2.7799306066825));
#5612=CARTESIAN_POINT('Ctrl Pts',(12.8424499201945,9.82559769978625,2.93377158488027));
#5613=CARTESIAN_POINT('Ctrl Pts',(9.28890943458403,4.93456882172962,2.93377158488027));
#5614=CARTESIAN_POINT('Ctrl Pts',(12.8490051438079,9.82083505105054,3.0801060597015));
#5615=CARTESIAN_POINT('Ctrl Pts',(9.2954646581974,4.92980617299392,3.0801060597015));
#5616=CARTESIAN_POINT('Ctrl Pts',(12.856056381083,9.8157120272951,3.21932734965603));
#5617=CARTESIAN_POINT('Ctrl Pts',(9.30251589547255,4.92468314923847,3.21932734965603));
#5618=CARTESIAN_POINT('Ctrl Pts',(12.8608785415856,9.81220852261311,3.35347485538326));
#5619=CARTESIAN_POINT('Ctrl Pts',(9.30733805597512,4.92117964455649,3.35347485538326));
#5620=CARTESIAN_POINT('Ctrl Pts',(12.8611258952175,9.81202880968005,3.48531339991001));
#5621=CARTESIAN_POINT('Ctrl Pts',(9.30758540960706,4.92099993162343,3.48531339991001));
#5622=CARTESIAN_POINT('Ctrl Pts',(12.8550071362992,9.81647434825282,3.6175852232914));
#5623=CARTESIAN_POINT('Ctrl Pts',(9.30146665068874,4.9254454701962,3.6175852232914));
#5624=CARTESIAN_POINT('Ctrl Pts',(12.8414210593092,9.82634521097483,3.7522658236976));
#5625=CARTESIAN_POINT('Ctrl Pts',(9.28788057369871,4.93531633291821,3.7522658236976));
#5626=CARTESIAN_POINT('Ctrl Pts',(12.8201710778579,9.84178422621854,3.88963774588225));
#5627=CARTESIAN_POINT('Ctrl Pts',(9.26663059224739,4.95075534816192,3.88963774588225));
#5628=CARTESIAN_POINT('Ctrl Pts',(12.7919410517588,9.86229454074624,4.02806263649863));
#5629=CARTESIAN_POINT('Ctrl Pts',(9.23840056614828,4.97126566268962,4.02806263649863));
#5630=CARTESIAN_POINT('Ctrl Pts',(12.7578982643894,9.8870280735419,4.16489073573197));
#5631=CARTESIAN_POINT('Ctrl Pts',(9.20435777877896,4.99599919548528,4.16489073573197));
#5632=CARTESIAN_POINT('Ctrl Pts',(12.7193785938372,9.91501425236288,4.29711297516311));
#5633=CARTESIAN_POINT('Ctrl Pts',(9.16583810822669,5.02398537430626,4.29711297516311));
#5634=CARTESIAN_POINT('Ctrl Pts',(12.6775536102586,9.94540188166582,4.42208782677675));
#5635=CARTESIAN_POINT('Ctrl Pts',(9.12401312464814,5.0543730036092,4.42208782677675));
#5636=CARTESIAN_POINT('Ctrl Pts',(12.6330726184889,9.97771921387438,4.53830110178224));
#5637=CARTESIAN_POINT('Ctrl Pts',(9.07953213287843,5.08669033581775,4.53830110178224));
#5638=CARTESIAN_POINT('Ctrl Pts',(12.5858113414325,10.0120565415837,4.64592429471535));
#5639=CARTESIAN_POINT('Ctrl Pts',(9.03227085582206,5.12102766352705,4.64592429471535));
#5640=CARTESIAN_POINT('Ctrl Pts',(12.5352274672278,10.0488078774247,4.74617099209259));
#5641=CARTESIAN_POINT('Ctrl Pts',(8.98168698161731,5.15777899936807,4.74617099209259));
#5642=CARTESIAN_POINT('Ctrl Pts',(12.4806512789759,10.0884597992061,4.8407897664682));
#5643=CARTESIAN_POINT('Ctrl Pts',(8.92711079336539,5.19743092114952,4.8407897664682));
#5644=CARTESIAN_POINT('Ctrl Pts',(12.4215772959416,10.1313795601792,4.93154124059331));
#5645=CARTESIAN_POINT('Ctrl Pts',(8.86803681033111,5.24035068212259,4.93154124059331));
#5646=CARTESIAN_POINT('Ctrl Pts',(12.3580120255729,10.1775624324063,5.01960053992345));
#5647=CARTESIAN_POINT('Ctrl Pts',(8.80447153996237,5.28653355434964,5.01960053992345));
#5648=CARTESIAN_POINT('Ctrl Pts',(12.2906114249593,10.2265318351651,5.10526598347423));
#5649=CARTESIAN_POINT('Ctrl Pts',(8.73707093934885,5.33550295710846,5.10526598347423));
#5650=CARTESIAN_POINT('Ctrl Pts',(12.2203959664477,10.2775463518972,5.18829255695645));
#5651=CARTESIAN_POINT('Ctrl Pts',(8.66685548083719,5.38651747384058,5.18829255695645));
#5652=CARTESIAN_POINT('Ctrl Pts',(12.1485495568841,10.3297458239296,5.2680971060875));
#5653=CARTESIAN_POINT('Ctrl Pts',(8.59500907127367,5.43871694587297,5.2680971060875));
#5654=CARTESIAN_POINT('Ctrl Pts',(12.0762036824572,10.3823081784265,5.34399640679253));
#5655=CARTESIAN_POINT('Ctrl Pts',(8.52266319684676,5.49127930036985,5.34399640679253));
#5656=CARTESIAN_POINT('Ctrl Pts',(12.0041838171022,10.4346336734682,5.41547331552513));
#5657=CARTESIAN_POINT('Ctrl Pts',(8.45064333149167,5.54360479541155,5.41547331552513));
#5658=CARTESIAN_POINT('Ctrl Pts',(11.9329649177003,10.4863772326814,5.48224466515617));
#5659=CARTESIAN_POINT('Ctrl Pts',(8.37942443208978,5.59534835462476,5.48224466515617));
#5660=CARTESIAN_POINT('Ctrl Pts',(11.8768237693332,10.5271661645411,5.53178636672469));
#5661=CARTESIAN_POINT('Ctrl Pts',(8.32328328372271,5.63613728648449,5.53178636672469));
#5662=CARTESIAN_POINT('Ctrl Pts',(11.8352213169285,10.5573921154825,5.5667465693973));
#5663=CARTESIAN_POINT('Ctrl Pts',(8.281680831318,5.66636323742584,5.5667465693973));
#5664=CARTESIAN_POINT('Ctrl Pts',(11.8077100347582,10.5773802319791,5.58907799718132));
#5665=CARTESIAN_POINT('Ctrl Pts',(8.25416954914776,5.68635135392247,5.58907799718132));
#5666=CARTESIAN_POINT('Ctrl Pts',(11.7940103077645,10.5873336662621,5.59999987483025));
#5667=CARTESIAN_POINT('Ctrl Pts',(8.24046982215397,5.69630478820552,5.59999987483025));
#5668=CARTESIAN_POINT('',(13.816553200568,9.11787023992541,0.599999986588955));
#5669=CARTESIAN_POINT('',(13.4958316025661,8.676434830931,0.599999986588955));
#5670=CARTESIAN_POINT('Ctrl Pts',(11.4732887097626,10.1458982572677,5.59999987483025));
#5671=CARTESIAN_POINT('Ctrl Pts',(11.6978124970439,9.98277217725904,5.42100204990486));
#5672=CARTESIAN_POINT('Ctrl Pts',(12.0098488788421,9.79281445369459,5.12639130594266));
#5673=CARTESIAN_POINT('Ctrl Pts',(12.3815923627184,9.59837555956282,4.55019819896277));
#5674=CARTESIAN_POINT('Ctrl Pts',(12.478852073951,9.55493993839673,4.2781960472303));
#5675=CARTESIAN_POINT('Ctrl Pts',(12.6557996838791,9.47549618461848,3.60693458917267));
#5676=CARTESIAN_POINT('Ctrl Pts',(12.6247040039936,9.49016773233645,3.3359154073319));
#5677=CARTESIAN_POINT('Ctrl Pts',(12.5964991745787,9.50242129431239,2.74088027890313));
#5678=CARTESIAN_POINT('Ctrl Pts',(12.5943656997014,9.50219023040583,2.43519447419645));
#5679=CARTESIAN_POINT('Ctrl Pts',(12.7687429454506,9.42980370862871,1.89824491771523));
#5680=CARTESIAN_POINT('Ctrl Pts',(12.8699012841804,9.38962074515505,1.72243700487617));
#5681=CARTESIAN_POINT('Ctrl Pts',(13.2166193775622,9.26565797976139,1.20874321116533));
#5682=CARTESIAN_POINT('Ctrl Pts',(13.4820970879693,9.1851606758502,0.863830386442525));
#5683=CARTESIAN_POINT('Ctrl Pts',(13.8165532005679,9.11787023992542,0.599999986588955));
#5684=CARTESIAN_POINT('Ctrl Pts',(11.4243127691434,10.5395554002808,5.17981594068481));
#5685=CARTESIAN_POINT('Ctrl Pts',(8.02121955733661,5.85559942987177,5.17981594068481));
#5686=CARTESIAN_POINT('Ctrl Pts',(11.6107015776232,10.4041360041759,5.03122058821766));
#5687=CARTESIAN_POINT('Ctrl Pts',(8.20760836581643,5.72018003376693,5.03122058821766));
#5688=CARTESIAN_POINT('Ctrl Pts',(11.85417180353,10.2272445307515,4.78051068379307));
#5689=CARTESIAN_POINT('Ctrl Pts',(8.45107859172327,5.54328856034254,4.78051068379307));
#5690=CARTESIAN_POINT('Ctrl Pts',(11.9968851450898,10.1235572187946,4.55362632778307));
#5691=CARTESIAN_POINT('Ctrl Pts',(8.5937919332831,5.43960124838557,4.55362632778307));
#5692=CARTESIAN_POINT('Ctrl Pts',(12.0868424086057,10.0581994411473,4.41061309875953));
#5693=CARTESIAN_POINT('Ctrl Pts',(8.68374919679893,5.37424347073834,4.41061309875953));
#5694=CARTESIAN_POINT('Ctrl Pts',(12.1583152227374,10.0062714020844,4.24189248653958));
#5695=CARTESIAN_POINT('Ctrl Pts',(8.75522201093067,5.32231543167541,4.24189248653958));
#5696=CARTESIAN_POINT('Ctrl Pts',(12.2206604281748,9.96097495891693,4.0127195461276));
#5697=CARTESIAN_POINT('Ctrl Pts',(8.81756721636801,5.27701898850795,4.0127195461276));
#5698=CARTESIAN_POINT('Ctrl Pts',(12.2770132346507,9.92003224843973,3.80557389202387));
#5699=CARTESIAN_POINT('Ctrl Pts',(8.87392002284391,5.23607627803075,3.80557389202387));
#5700=CARTESIAN_POINT('Ctrl Pts',(12.3052373653023,9.8995262172053,3.61665241232663));
#5701=CARTESIAN_POINT('Ctrl Pts',(8.90214415349559,5.21557024679632,3.61665241232663));
#5702=CARTESIAN_POINT('Ctrl Pts',(12.3053638838074,9.89943429613081,3.41788009833466));
#5703=CARTESIAN_POINT('Ctrl Pts',(8.90227067200064,5.21547832572183,3.41788009833466));
#5704=CARTESIAN_POINT('Ctrl Pts',(12.3055072056747,9.89933016669903,3.19270814269079));
#5705=CARTESIAN_POINT('Ctrl Pts',(8.90241399386793,5.21537419629005,3.19270814269079));
#5706=CARTESIAN_POINT('Ctrl Pts',(12.2607775284505,9.93182817946637,2.85086195602261));
#5707=CARTESIAN_POINT('Ctrl Pts',(8.85768431664373,5.24787220905738,2.85086195602261));
#5708=CARTESIAN_POINT('Ctrl Pts',(12.3028175187822,9.90128433861341,2.42584156743125));
#5709=CARTESIAN_POINT('Ctrl Pts',(8.89972430697548,5.21732836820443,2.42584156743125));
#5710=CARTESIAN_POINT('Ctrl Pts',(12.3422640165643,9.8726247803939,2.0270411470796));
#5711=CARTESIAN_POINT('Ctrl Pts',(8.93917080475751,5.18866880998492,2.0270411470796));
#5712=CARTESIAN_POINT('Ctrl Pts',(12.4964640952201,9.76059186542868,1.60656753670823));
#5713=CARTESIAN_POINT('Ctrl Pts',(9.09337088341332,5.07663589501969,1.60656753670823));
#5714=CARTESIAN_POINT('Ctrl Pts',(12.6421330866993,9.65475714810735,1.33562165953166));
#5715=CARTESIAN_POINT('Ctrl Pts',(9.23903987489258,4.97080117769836,1.33562165953166));
#5716=CARTESIAN_POINT('Ctrl Pts',(12.8160462712565,9.52840182334568,1.01214128210944));
#5717=CARTESIAN_POINT('Ctrl Pts',(9.4129530594498,4.8444458529367,1.01214128210944));
#5718=CARTESIAN_POINT('Ctrl Pts',(12.9099566358742,9.46017194963044,0.853754643475003));
#5719=CARTESIAN_POINT('Ctrl Pts',(9.50686342406749,4.77621597922145,0.853754643475003));
#5720=CARTESIAN_POINT('Ctrl Pts',(13.0675147991997,9.34569924334006,0.627380037430277));
#5721=CARTESIAN_POINT('Ctrl Pts',(9.66442158739298,4.66174327293107,0.627380037430277));
#5722=CARTESIAN_POINT('Ctrl Pts',(13.0738575204835,9.34109098658414,0.618267015283089));
#5723=CARTESIAN_POINT('Ctrl Pts',(9.67076430867671,4.65713501617516,0.618267015283089));
#5724=CARTESIAN_POINT('Ctrl Pts',(13.0802832743585,9.33642240311943,0.609139505632995));
#5725=CARTESIAN_POINT('Ctrl Pts',(9.67719006255176,4.65246643271044,0.609139505632995));
#5726=CARTESIAN_POINT('Ctrl Pts',(13.086793682333,9.33169231485125,0.599999986588933));
#5727=CARTESIAN_POINT('Ctrl Pts',(9.6837004705263,4.64773634444227,0.599999986588933));
#5728=CARTESIAN_POINT('',(12.9165193581349,9.09732981350449,0.599999986588955));
#5729=CARTESIAN_POINT('Origin',(15.0000002235174,15.0000002235174,0.6));
#5730=CARTESIAN_POINT('',(15.5538920481939,9.02562127281831,0.599999986588955));
#5731=CARTESIAN_POINT('Origin',(15.0000002235174,15.0000002235174,0.6));
#5732=CARTESIAN_POINT('',(13.7525300786113,9.13111461911449,4.98231089439848));
#5733=CARTESIAN_POINT('Ctrl Pts',(15.553892048194,9.02562127281831,0.5999999865889));
#5734=CARTESIAN_POINT('Ctrl Pts',(15.3426076772278,9.00603284584944,0.830091567554143));
#5735=CARTESIAN_POINT('Ctrl Pts',(15.0269099485388,8.99735478963866,1.2399899129422));
#5736=CARTESIAN_POINT('Ctrl Pts',(14.7021402254252,9.00565229987314,1.81679274366551));
#5737=CARTESIAN_POINT('Ctrl Pts',(14.5990867270139,9.01327465421372,2.09822285050417));
#5738=CARTESIAN_POINT('Ctrl Pts',(14.5217615185953,9.01897331285117,2.76513274907047));
#5739=CARTESIAN_POINT('Ctrl Pts',(14.5497848176917,9.0169055170047,3.04566369369429));
#5740=CARTESIAN_POINT('Ctrl Pts',(14.5687663946778,9.01551148055868,3.44988572841619));
#5741=CARTESIAN_POINT('Ctrl Pts',(14.57189198538,9.01379630563312,3.70591698446462));
#5742=CARTESIAN_POINT('Ctrl Pts',(14.393210679786,9.03058751217714,4.19554995504459));
#5743=CARTESIAN_POINT('Ctrl Pts',(14.3405767859989,9.03601553471135,4.31137954080857));
#5744=CARTESIAN_POINT('Ctrl Pts',(14.2274278418912,9.04972764013467,4.49893233912187));
#5745=CARTESIAN_POINT('Ctrl Pts',(14.1319973857974,9.05938302916421,4.63738840809579));
#5746=CARTESIAN_POINT('Ctrl Pts',(13.8731569076443,9.10653112290076,4.87926957635231));
#5747=CARTESIAN_POINT('Ctrl Pts',(13.8149435868302,9.11784821840572,4.93072763836888));
#5748=CARTESIAN_POINT('Ctrl Pts',(13.7525300786112,9.1311146191145,4.98231089439853));
#5749=CARTESIAN_POINT('Ctrl Pts',(13.7525300786112,9.1311146191145,4.98231089439853));
#5750=CARTESIAN_POINT('Ctrl Pts',(13.6701773678176,9.14861922816501,5.05037341943241));
#5751=CARTESIAN_POINT('Ctrl Pts',(13.5805414976564,9.16955085784533,5.11868088585744));
#5752=CARTESIAN_POINT('Ctrl Pts',(13.4887171911556,9.19345016379218,5.17981594068476));
#5753=CARTESIAN_POINT('Ctrl Pts',(16.311345375003,9.14505582637108,0.599999986588955));
#5754=CARTESIAN_POINT('Ctrl Pts',(15.054385272872,3.23152348347251,0.599999986588955));
#5755=CARTESIAN_POINT('Ctrl Pts',(16.2909816117184,9.14938427787752,0.617710473229909));
#5756=CARTESIAN_POINT('Ctrl Pts',(15.0340215095874,3.23585193497895,0.617710473229909));
#5757=CARTESIAN_POINT('Ctrl Pts',(16.2511213530132,9.15785683741517,0.652912164735697));
#5758=CARTESIAN_POINT('Ctrl Pts',(14.9941612508822,3.2443244945166,0.652912164735697));
#5759=CARTESIAN_POINT('Ctrl Pts',(16.193932856042,9.17001262769846,0.705056824060976));
#5760=CARTESIAN_POINT('Ctrl Pts',(14.936972753911,3.25648028479989,0.705056824060976));
#5761=CARTESIAN_POINT('Ctrl Pts',(16.1228887367797,9.18511352141571,0.773266504242879));
#5762=CARTESIAN_POINT('Ctrl Pts',(14.8659286346488,3.27158117851714,0.773266504242879));
#5763=CARTESIAN_POINT('Ctrl Pts',(16.0425691880071,9.2021859685377,0.856453824779287));
#5764=CARTESIAN_POINT('Ctrl Pts',(14.7856090858761,3.28865362563913,0.856453824779287));
#5765=CARTESIAN_POINT('Ctrl Pts',(15.9700992079785,9.21758993831689,0.937940908416496));
#5766=CARTESIAN_POINT('Ctrl Pts',(14.7131391058475,3.30405759541832,0.937940908416496));
#5767=CARTESIAN_POINT('Ctrl Pts',(15.9041982158858,9.23159762660674,1.01847652342077));
#5768=CARTESIAN_POINT('Ctrl Pts',(14.6472381137548,3.31806528370817,1.01847652342077));
#5769=CARTESIAN_POINT('Ctrl Pts',(15.8426445124742,9.24468127016197,1.09933846552028));
#5770=CARTESIAN_POINT('Ctrl Pts',(14.5856844103433,3.3311489272634,1.09933846552028));
#5771=CARTESIAN_POINT('Ctrl Pts',(15.7822480267576,9.25751893950285,1.18238771503242));
#5772=CARTESIAN_POINT('Ctrl Pts',(14.5252879246266,3.34398659660428,1.18238771503242));
#5773=CARTESIAN_POINT('Ctrl Pts',(15.7197282639859,9.27080792531403,1.26976960704251));
#5774=CARTESIAN_POINT('Ctrl Pts',(14.4627681618549,3.35727558241546,1.26976960704251));
#5775=CARTESIAN_POINT('Ctrl Pts',(15.6524924396444,9.28509934095711,1.36366710745315));
#5776=CARTESIAN_POINT('Ctrl Pts',(14.3955323375134,3.37156699805854,1.36366710745315));
#5777=CARTESIAN_POINT('Ctrl Pts',(15.5793586388668,9.30064441019226,1.46604484534583));
#5778=CARTESIAN_POINT('Ctrl Pts',(14.3223985367358,3.38711206729369,1.46604484534583));
#5779=CARTESIAN_POINT('Ctrl Pts',(15.5015450296931,9.31718420340935,1.57836890422417));
#5780=CARTESIAN_POINT('Ctrl Pts',(14.2445849275621,3.40365186051078,1.57836890422417));
#5781=CARTESIAN_POINT('Ctrl Pts',(15.4223364366402,9.33402050960339,1.70147722735442));
#5782=CARTESIAN_POINT('Ctrl Pts',(14.1653763345092,3.42048816670482,1.70147722735442));
#5783=CARTESIAN_POINT('Ctrl Pts',(15.3460840896305,9.35022844630303,1.83553354574532));
#5784=CARTESIAN_POINT('Ctrl Pts',(14.0891239874996,3.43669610340446,1.83553354574532));
#5785=CARTESIAN_POINT('Ctrl Pts',(15.2774022374573,9.36482722465011,1.97994488914286));
#5786=CARTESIAN_POINT('Ctrl Pts',(14.0204421353263,3.45129488175154,1.97994488914286));
#5787=CARTESIAN_POINT('Ctrl Pts',(15.2203215197112,9.37696010575189,2.13330793541122));
#5788=CARTESIAN_POINT('Ctrl Pts',(13.9633614175802,3.46342776285332,2.13330793541122));
#5789=CARTESIAN_POINT('Ctrl Pts',(15.1773715701709,9.38608939935007,2.29330001841966));
#5790=CARTESIAN_POINT('Ctrl Pts',(13.9204114680399,3.4725570564515,2.29330001841966));
#5791=CARTESIAN_POINT('Ctrl Pts',(15.1489609545427,9.39212826212293,2.45671415891778));
#5792=CARTESIAN_POINT('Ctrl Pts',(13.8920008524117,3.47859591922436,2.45671415891778));
#5793=CARTESIAN_POINT('Ctrl Pts',(15.1339221931779,9.3953248495304,2.62003808583167));
#5794=CARTESIAN_POINT('Ctrl Pts',(13.8769620910469,3.48179250663183,2.62003808583167));
#5795=CARTESIAN_POINT('Ctrl Pts',(15.1298639689709,9.39618745171433,2.7799306066825));
#5796=CARTESIAN_POINT('Ctrl Pts',(13.8729038668399,3.48265510881576,2.7799306066825));
#5797=CARTESIAN_POINT('Ctrl Pts',(15.1335990567067,9.39539353430766,2.93377158488027));
#5798=CARTESIAN_POINT('Ctrl Pts',(13.8766389545757,3.48186119140909,2.93377158488027));
#5799=CARTESIAN_POINT('Ctrl Pts',(15.1415246952215,9.39370888783593,3.0801060597015));
#5800=CARTESIAN_POINT('Ctrl Pts',(13.8845645930905,3.48017654493736,3.0801060597015));
#5801=CARTESIAN_POINT('Ctrl Pts',(15.1500500424896,9.39189676933357,3.21932734965603));
#5802=CARTESIAN_POINT('Ctrl Pts',(13.8930899403586,3.478364426435,3.21932734965603));
#5803=CARTESIAN_POINT('Ctrl Pts',(15.1558803090461,9.3906575079207,3.35347485538326));
#5804=CARTESIAN_POINT('Ctrl Pts',(13.8989202069151,3.47712516502213,3.35347485538326));
#5805=CARTESIAN_POINT('Ctrl Pts',(15.1561793736681,9.39059393977293,3.48531339991001));
#5806=CARTESIAN_POINT('Ctrl Pts',(13.8992192715371,3.47706159687436,3.48531339991001));
#5807=CARTESIAN_POINT('Ctrl Pts',(15.1487814458161,9.39216641788063,3.6175852232914));
#5808=CARTESIAN_POINT('Ctrl Pts',(13.8918213436851,3.47863407498206,3.6175852232914));
#5809=CARTESIAN_POINT('Ctrl Pts',(15.1323551053269,9.39565794433585,3.7522658236976));
#5810=CARTESIAN_POINT('Ctrl Pts',(13.8753950031959,3.48212560143728,3.7522658236976));
#5811=CARTESIAN_POINT('Ctrl Pts',(15.1066626680644,9.40111904046128,3.88963774588225));
#5812=CARTESIAN_POINT('Ctrl Pts',(13.8497025659334,3.48758669756271,3.88963774588225));
#5813=CARTESIAN_POINT('Ctrl Pts',(15.072530959473,9.40837395908339,4.02806263649863));
#5814=CARTESIAN_POINT('Ctrl Pts',(13.815570857342,3.49484161618482,4.02806263649863));
#5815=CARTESIAN_POINT('Ctrl Pts',(15.0313712916056,9.41712271656477,4.16489073573197));
#5816=CARTESIAN_POINT('Ctrl Pts',(13.7744111894746,3.5035903736662,4.16489073573197));
#5817=CARTESIAN_POINT('Ctrl Pts',(14.9847988171165,9.42702200161064,4.29711297516311));
#5818=CARTESIAN_POINT('Ctrl Pts',(13.7278387149855,3.51348965871207,4.29711297516311));
#5819=CARTESIAN_POINT('Ctrl Pts',(14.9342300310186,9.43777072891143,4.42208782677675));
#5820=CARTESIAN_POINT('Ctrl Pts',(13.6772699288876,3.52423838601286,4.42208782677675));
#5821=CARTESIAN_POINT('Ctrl Pts',(14.8804499798203,9.44920203168058,4.53830110178224));
#5822=CARTESIAN_POINT('Ctrl Pts',(13.6234898776893,3.53566968878201,4.53830110178224));
#5823=CARTESIAN_POINT('Ctrl Pts',(14.8233084054384,9.46134784825961,4.64592429471535));
#5824=CARTESIAN_POINT('Ctrl Pts',(13.5663483033074,3.54781550536104,4.64592429471535));
#5825=CARTESIAN_POINT('Ctrl Pts',(14.7621496219602,9.47434754899167,4.74617099209259));
#5826=CARTESIAN_POINT('Ctrl Pts',(13.5051895198292,3.5608152060931,4.74617099209259));
#5827=CARTESIAN_POINT('Ctrl Pts',(14.6961639035303,9.48837324642045,4.8407897664682));
#5828=CARTESIAN_POINT('Ctrl Pts',(13.4392038013993,3.57484090352188,4.8407897664682));
#5829=CARTESIAN_POINT('Ctrl Pts',(14.6247400951646,9.50355484554803,4.93154124059331));
#5830=CARTESIAN_POINT('Ctrl Pts',(13.3677799930336,3.59002250264946,4.93154124059331));
#5831=CARTESIAN_POINT('Ctrl Pts',(14.5478860647382,9.51989067400595,5.01960053992345));
#5832=CARTESIAN_POINT('Ctrl Pts',(13.2909259626072,3.60635833110738,5.01960053992345));
#5833=CARTESIAN_POINT('Ctrl Pts',(14.4663949017138,9.53721215542491,5.10526598347423));
#5834=CARTESIAN_POINT('Ctrl Pts',(13.2094347995828,3.62367981252634,5.10526598347423));
#5835=CARTESIAN_POINT('Ctrl Pts',(14.3815004152504,9.55525703557231,5.18829255695645));
#5836=CARTESIAN_POINT('Ctrl Pts',(13.1245403131194,3.64172469267374,5.18829255695645));
#5837=CARTESIAN_POINT('Ctrl Pts',(14.294634016121,9.57372105869592,5.2680971060875));
#5838=CARTESIAN_POINT('Ctrl Pts',(13.03767391399,3.66018871579735,5.2680971060875));
#5839=CARTESIAN_POINT('Ctrl Pts',(14.2071637355389,9.59231344078477,5.34399640679253));
#5840=CARTESIAN_POINT('Ctrl Pts',(12.9502036334079,3.6787810978862,5.34399640679253));
#5841=CARTESIAN_POINT('Ctrl Pts',(14.1200876184832,9.61082204082971,5.41547331552513));
#5842=CARTESIAN_POINT('Ctrl Pts',(12.8631275163522,3.69728969793114,5.41547331552513));
#5843=CARTESIAN_POINT('Ctrl Pts',(14.0339799148611,9.62912479824492,5.48224466515617));
#5844=CARTESIAN_POINT('Ctrl Pts',(12.7770198127301,3.71559245534635,5.48224466515617));
#5845=CARTESIAN_POINT('Ctrl Pts',(13.9661020705642,9.64355267944223,5.53178636672469));
#5846=CARTESIAN_POINT('Ctrl Pts',(12.7091419684332,3.73002033654366,5.53178636672469));
#5847=CARTESIAN_POINT('Ctrl Pts',(13.9158023373234,9.65424421779281,5.5667465693973));
#5848=CARTESIAN_POINT('Ctrl Pts',(12.6588422351925,3.74071187489424,5.5667465693973));
#5849=CARTESIAN_POINT('Ctrl Pts',(13.8825396310577,9.6613144242685,5.58907799718132));
#5850=CARTESIAN_POINT('Ctrl Pts',(12.6255795289267,3.74778208136993,5.58907799718132));
#5851=CARTESIAN_POINT('Ctrl Pts',(13.8659758812442,9.66483515797722,5.59999987483025));
#5852=CARTESIAN_POINT('Ctrl Pts',(12.6090157791132,3.75130281507865,5.59999987483025));
#5853=CARTESIAN_POINT('',(16.311345375003,9.14505582637108,0.599999986588955));
#5854=CARTESIAN_POINT('',(16.1978995723697,8.61133528750845,0.599999986588955));
#5855=CARTESIAN_POINT('Ctrl Pts',(13.7525300786109,9.13111461911459,5.59999987483025));
#5856=CARTESIAN_POINT('Ctrl Pts',(14.0239921187839,9.07341358123148,5.42100204991242));
#5857=CARTESIAN_POINT('Ctrl Pts',(14.3863143048161,9.02679519617238,5.12639130594653));
#5858=CARTESIAN_POINT('Ctrl Pts',(14.8050042990074,9.00036812436664,4.55019819895023));
#5859=CARTESIAN_POINT('Ctrl Pts',(14.9115223251573,9.00024679840381,4.27819604721663));
#5860=CARTESIAN_POINT('Ctrl Pts',(15.1054846961676,8.99964239486421,3.60693458916736));
#5861=CARTESIAN_POINT('Ctrl Pts',(15.0711099229888,9.00039776818769,3.33591540732656));
#5862=CARTESIAN_POINT('Ctrl Pts',(15.0403595565285,9.00012001643597,2.74088027889261));
#5863=CARTESIAN_POINT('Ctrl Pts',(15.0385045124058,8.99904116664412,2.43519447419116));
#5864=CARTESIAN_POINT('Ctrl Pts',(15.2272483040431,9.00383840404479,1.89824491772298));
#5865=CARTESIAN_POINT('Ctrl Pts',(15.3360049285605,9.00827424340238,1.72243700488522));
#5866=CARTESIAN_POINT('Ctrl Pts',(15.7031678669233,9.03605157555676,1.20874321116315));
#5867=CARTESIAN_POINT('Ctrl Pts',(15.9784350265397,9.07049314195866,0.863830386441695));
#5868=CARTESIAN_POINT('Ctrl Pts',(16.311345375003,9.14505582637108,0.599999986588955));
#5869=CARTESIAN_POINT('Ctrl Pts',(13.5476735456525,9.47081800430374,5.17981594068476));
#5870=CARTESIAN_POINT('Ctrl Pts',(12.3439297277911,3.80764859469435,5.17981594068476));
#5871=CARTESIAN_POINT('Ctrl Pts',(13.7730282255737,9.42291738838344,5.03122058821766));
#5872=CARTESIAN_POINT('Ctrl Pts',(12.5692844077123,3.75974797877405,5.03122058821766));
#5873=CARTESIAN_POINT('Ctrl Pts',(14.0673975886114,9.36034724871515,4.78051068379307));
#5874=CARTESIAN_POINT('Ctrl Pts',(12.86365377075,3.69717783910576,4.78051068379307));
#5875=CARTESIAN_POINT('Ctrl Pts',(14.2399461427334,9.32367092132986,4.55362632778307));
#5876=CARTESIAN_POINT('Ctrl Pts',(13.0362023248719,3.66050151172048,4.55362632778307));
#5877=CARTESIAN_POINT('Ctrl Pts',(14.3487095952793,9.30055253582133,4.41061309875953));
#5878=CARTESIAN_POINT('Ctrl Pts',(13.1449657774179,3.63738312621194,4.41061309875953));
#5879=CARTESIAN_POINT('Ctrl Pts',(14.4351242962643,9.28218452410223,4.24189248653958));
#5880=CARTESIAN_POINT('Ctrl Pts',(13.2313804784029,3.61901511449284,4.24189248653958));
#5881=CARTESIAN_POINT('Ctrl Pts',(14.5105031987346,9.26616224377068,4.0127195461276));
#5882=CARTESIAN_POINT('Ctrl Pts',(13.3067593808731,3.6029928341613,4.0127195461276));
#5883=CARTESIAN_POINT('Ctrl Pts',(14.578636949734,9.25167996792457,3.80557389202387));
#5884=CARTESIAN_POINT('Ctrl Pts',(13.3748931318725,3.58851055831518,3.80557389202387));
#5885=CARTESIAN_POINT('Ctrl Pts',(14.6127615303938,9.24442656439108,3.61665241232663));
#5886=CARTESIAN_POINT('Ctrl Pts',(13.4090177125324,3.58125715478169,3.61665241232663));
#5887=CARTESIAN_POINT('Ctrl Pts',(14.6129144984687,9.24439405002304,3.41788009833466));
#5888=CARTESIAN_POINT('Ctrl Pts',(13.4091706806072,3.58122464041366,3.41788009833466));
#5889=CARTESIAN_POINT('Ctrl Pts',(14.613087782765,9.24435721730881,3.19270814269079));
#5890=CARTESIAN_POINT('Ctrl Pts',(13.4093439649036,3.58118780769943,3.19270814269079));
#5891=CARTESIAN_POINT('Ctrl Pts',(14.5590070566954,9.25585243049479,2.85086195602261));
#5892=CARTESIAN_POINT('Ctrl Pts',(13.355263238834,3.5926830208854,2.85086195602261));
#5893=CARTESIAN_POINT('Ctrl Pts',(14.6098357981975,9.24504844796709,2.42584156743125));
#5894=CARTESIAN_POINT('Ctrl Pts',(13.4060919803361,3.58187903835771,2.42584156743125));
#5895=CARTESIAN_POINT('Ctrl Pts',(14.6575288595684,9.23491097482657,2.0270411470796));
#5896=CARTESIAN_POINT('Ctrl Pts',(13.453785041707,3.57174156521719,2.0270411470796));
#5897=CARTESIAN_POINT('Ctrl Pts',(14.8439655327395,9.19528263660812,1.60656753670823));
#5898=CARTESIAN_POINT('Ctrl Pts',(13.6402217148781,3.53211322699874,1.60656753670823));
#5899=CARTESIAN_POINT('Ctrl Pts',(15.0200876358689,9.15784672793284,1.33562165953166));
#5900=CARTESIAN_POINT('Ctrl Pts',(13.8163438180075,3.49467731832346,1.33562165953166));
#5901=CARTESIAN_POINT('Ctrl Pts',(15.2303585762737,9.11315225982129,1.01214128210944));
#5902=CARTESIAN_POINT('Ctrl Pts',(14.0266147584122,3.44998285021191,1.01214128210944));
#5903=CARTESIAN_POINT('Ctrl Pts',(15.3439015530881,9.08901795506783,0.853754643475003));
#5904=CARTESIAN_POINT('Ctrl Pts',(14.1401577352267,3.42584854545844,0.853754643475003));
#5905=CARTESIAN_POINT('Ctrl Pts',(15.534398341789,9.04852661265239,0.627380037430277));
#5906=CARTESIAN_POINT('Ctrl Pts',(14.3306545239276,3.38535720304301,0.627380037430277));
#5907=CARTESIAN_POINT('Ctrl Pts',(15.5420670528902,9.04689657778829,0.618267015283078));
#5908=CARTESIAN_POINT('Ctrl Pts',(14.3383232350288,3.3837271681789,0.618267015283078));
#5909=CARTESIAN_POINT('Ctrl Pts',(15.549836155121,9.04524520413084,0.609139505632972));
#5910=CARTESIAN_POINT('Ctrl Pts',(14.3460923372596,3.38207579452145,0.609139505632972));
#5911=CARTESIAN_POINT('Ctrl Pts',(15.5577076089772,9.04357207496382,0.5999999865889));
#5912=CARTESIAN_POINT('Ctrl Pts',(14.3539637911158,3.38040266535443,0.5999999865889));
#5913=CARTESIAN_POINT('',(15.4974780906135,8.76021446939037,0.599999986588955));
#5914=CARTESIAN_POINT('Origin',(15.0000002235174,15.0000002235174,0.6));
#5915=CARTESIAN_POINT('Origin',(15.0000002235174,15.0000002235174,0.6));
#5916=CARTESIAN_POINT('Ctrl Pts',(9.83684513936583,11.9435595522464,0.599999986588955));
#5917=CARTESIAN_POINT('Ctrl Pts',(3.82431963752025,11.3116176573595,0.599999986588955));
#5918=CARTESIAN_POINT('Ctrl Pts',(9.83466899245212,11.9642642070893,0.617710473229909));
#5919=CARTESIAN_POINT('Ctrl Pts',(3.82214349060655,11.3323223122025,0.617710473229909));
#5920=CARTESIAN_POINT('Ctrl Pts',(9.83040937807003,12.0047917307551,0.652912164735697));
#5921=CARTESIAN_POINT('Ctrl Pts',(3.81788387622445,11.3728498358682,0.652912164735697));
#5922=CARTESIAN_POINT('Ctrl Pts',(9.82429800418278,12.0629375692343,0.705056824060976));
#5923=CARTESIAN_POINT('Ctrl Pts',(3.8117725023372,11.4309956743475,0.705056824060976));
#5924=CARTESIAN_POINT('Ctrl Pts',(9.81670596735203,12.135170974592,0.773266504242879));
#5925=CARTESIAN_POINT('Ctrl Pts',(3.80418046550645,11.5032290797051,0.773266504242879));
#5926=CARTESIAN_POINT('Ctrl Pts',(9.80812272388524,12.2168350811343,0.856453824779287));
#5927=CARTESIAN_POINT('Ctrl Pts',(3.79559722203966,11.5848931862475,0.856453824779287));
#5928=CARTESIAN_POINT('Ctrl Pts',(9.80037831430968,12.290518216319,0.937940908416496));
#5929=CARTESIAN_POINT('Ctrl Pts',(3.7878528124641,11.6585763214321,0.937940908416496));
#5930=CARTESIAN_POINT('Ctrl Pts',(9.79333589103319,12.3575223980125,1.01847652342077));
#5931=CARTESIAN_POINT('Ctrl Pts',(3.78081038918761,11.7255805031256,1.01847652342077));
#5932=CARTESIAN_POINT('Ctrl Pts',(9.78675803507237,12.4201065169511,1.09933846552028));
#5933=CARTESIAN_POINT('Ctrl Pts',(3.77423253322679,11.7881646220642,1.09933846552028));
#5934=CARTESIAN_POINT('Ctrl Pts',(9.78030384366609,12.4815140462477,1.18238771503242));
#5935=CARTESIAN_POINT('Ctrl Pts',(3.76777834182051,11.8495721513608,1.18238771503242));
#5936=CARTESIAN_POINT('Ctrl Pts',(9.77362275103602,12.5450803964826,1.26976960704251));
#5937=CARTESIAN_POINT('Ctrl Pts',(3.76109724919044,11.9131385015958,1.26976960704251));
#5938=CARTESIAN_POINT('Ctrl Pts',(9.76643768265812,12.6134417556585,1.36366710745315));
#5939=CARTESIAN_POINT('Ctrl Pts',(3.75391218081254,11.9814998607716,1.36366710745315));
#5940=CARTESIAN_POINT('Ctrl Pts',(9.75862233474695,12.6877998240219,1.46604484534583));
#5941=CARTESIAN_POINT('Ctrl Pts',(3.74609683290138,12.055857929135,1.46604484534583));
#5942=CARTESIAN_POINT('Ctrl Pts',(9.75030688523593,12.7669160412704,1.57836890422417));
#5943=CARTESIAN_POINT('Ctrl Pts',(3.73778138339035,12.1349741463836,1.57836890422417));
#5944=CARTESIAN_POINT('Ctrl Pts',(9.74184236259824,12.8474505945764,1.70147722735442));
#5945=CARTESIAN_POINT('Ctrl Pts',(3.72931686075267,12.2155086996895,1.70147722735442));
#5946=CARTESIAN_POINT('Ctrl Pts',(9.73369375532517,12.9249794139667,1.83553354574532));
#5947=CARTESIAN_POINT('Ctrl Pts',(3.72116825347959,12.2930375190799,1.83553354574532));
#5948=CARTESIAN_POINT('Ctrl Pts',(9.72635415907542,12.9948110076337,1.97994488914286));
#5949=CARTESIAN_POINT('Ctrl Pts',(3.71382865722984,12.3628691127468,1.97994488914286));
#5950=CARTESIAN_POINT('Ctrl Pts',(9.72025430287403,13.0528472626521,2.13330793541122));
#5951=CARTESIAN_POINT('Ctrl Pts',(3.70772880102845,12.4209053677653,2.13330793541122));
#5952=CARTESIAN_POINT('Ctrl Pts',(9.71566451272425,13.0965161989054,2.29330001841966));
#5953=CARTESIAN_POINT('Ctrl Pts',(3.70313901087868,12.4645743040186,2.29330001841966));
#5954=CARTESIAN_POINT('Ctrl Pts',(9.71262844946563,13.1254024112541,2.45671415891778));
#5955=CARTESIAN_POINT('Ctrl Pts',(3.70010294762005,12.4934605163672,2.45671415891778));
#5956=CARTESIAN_POINT('Ctrl Pts',(9.71102135191335,13.14069292308,2.62003808583167));
#5957=CARTESIAN_POINT('Ctrl Pts',(3.69849585006777,12.5087510281931,2.62003808583167));
#5958=CARTESIAN_POINT('Ctrl Pts',(9.71058767509439,13.1448190823909,2.7799306066825));
#5959=CARTESIAN_POINT('Ctrl Pts',(3.69806217324882,12.512877187504,2.7799306066825));
#5960=CARTESIAN_POINT('Ctrl Pts',(9.71098682035724,13.14102146889,2.93377158488027));
#5961=CARTESIAN_POINT('Ctrl Pts',(3.69846131851166,12.5090795740031,2.93377158488027));
#5962=CARTESIAN_POINT('Ctrl Pts',(9.71183378334497,13.1329631543454,3.0801060597015));
#5963=CARTESIAN_POINT('Ctrl Pts',(3.69930828149939,12.5010212594586,3.0801060597015));
#5964=CARTESIAN_POINT('Ctrl Pts',(9.71274483342381,13.1242950918593,3.21932734965603));
#5965=CARTESIAN_POINT('Ctrl Pts',(3.70021933157823,12.4923531969725,3.21932734965603));
#5966=CARTESIAN_POINT('Ctrl Pts',(9.7133678772294,13.118367226022,3.35347485538326));
#5967=CARTESIAN_POINT('Ctrl Pts',(3.70084237538382,12.4864253311351,3.35347485538326));
#5968=CARTESIAN_POINT('Ctrl Pts',(9.71339983637885,13.1180631550265,3.48531339991001));
#5969=CARTESIAN_POINT('Ctrl Pts',(3.70087433453327,12.4861212601396,3.48531339991001));
#5970=CARTESIAN_POINT('Ctrl Pts',(9.71260926650048,13.1255849249758,3.6175852232914));
#5971=CARTESIAN_POINT('Ctrl Pts',(3.70008376465491,12.4936430300889,3.6175852232914));
#5972=CARTESIAN_POINT('Ctrl Pts',(9.71085388712097,13.1422862441479,3.7522658236976));
#5973=CARTESIAN_POINT('Ctrl Pts',(3.69832838527539,12.5103443492611,3.7522658236976));
#5974=CARTESIAN_POINT('Ctrl Pts',(9.70810829843616,13.1684087755366,3.88963774588225));
#5975=CARTESIAN_POINT('Ctrl Pts',(3.69558279659059,12.5364668806497,3.88963774588225));
#5976=CARTESIAN_POINT('Ctrl Pts',(9.70446085806512,13.2031118525517,4.02806263649863));
#5977=CARTESIAN_POINT('Ctrl Pts',(3.69193535621954,12.5711699576649,4.02806263649863));
#5978=CARTESIAN_POINT('Ctrl Pts',(9.7000623840234,13.244960537627,4.16489073573197));
#5979=CARTESIAN_POINT('Ctrl Pts',(3.68753688217783,12.6130186427402,4.16489073573197));
#5980=CARTESIAN_POINT('Ctrl Pts',(9.69508547748572,13.2923126402812,4.29711297516311));
#5981=CARTESIAN_POINT('Ctrl Pts',(3.68255997564014,12.6603707453943,4.29711297516311));
#5982=CARTESIAN_POINT('Ctrl Pts',(9.68968151033786,13.3437279532246,4.42208782677675));
#5983=CARTESIAN_POINT('Ctrl Pts',(3.67715600849228,12.7117860583377,4.42208782677675));
#5984=CARTESIAN_POINT('Ctrl Pts',(9.68393437554757,13.3984082881869,4.53830110178224));
#5985=CARTESIAN_POINT('Ctrl Pts',(3.67140887370199,12.7664663933001,4.53830110178224));
#5986=CARTESIAN_POINT('Ctrl Pts',(9.67782801598143,13.4565064185877,4.64592429471535));
#5987=CARTESIAN_POINT('Ctrl Pts',(3.66530251413585,12.8245645237008,4.64592429471535));
#5988=CARTESIAN_POINT('Ctrl Pts',(9.67129236262247,13.5186890065913,4.74617099209259));
#5989=CARTESIAN_POINT('Ctrl Pts',(3.65876686077689,12.8867471117045,4.74617099209259));
#5990=CARTESIAN_POINT('Ctrl Pts',(9.66424088517682,13.58577933295,4.8407897664682));
#5991=CARTESIAN_POINT('Ctrl Pts',(3.65171538333124,12.9538374380631,4.8407897664682));
#5992=CARTESIAN_POINT('Ctrl Pts',(9.65660827336692,13.6583987834469,4.93154124059331));
#5993=CARTESIAN_POINT('Ctrl Pts',(3.64408277152135,13.0264568885601,4.93154124059331));
#5994=CARTESIAN_POINT('Ctrl Pts',(9.64839536798294,13.7365393584982,5.01960053992345));
#5995=CARTESIAN_POINT('Ctrl Pts',(3.63586986613736,13.1045974636113,5.01960053992345));
#5996=CARTESIAN_POINT('Ctrl Pts',(9.6396869214924,13.8193946922392,5.10526598347423));
#5997=CARTESIAN_POINT('Ctrl Pts',(3.62716141964682,13.1874527973524,5.10526598347423));
#5998=CARTESIAN_POINT('Ctrl Pts',(9.63061478329643,13.9057103214148,5.18829255695645));
#5999=CARTESIAN_POINT('Ctrl Pts',(3.61808928145085,13.2737684265279,5.18829255695645));
#6000=CARTESIAN_POINT('Ctrl Pts',(9.62133191923401,13.9940308732837,5.2680971060875));
#6001=CARTESIAN_POINT('Ctrl Pts',(3.60880641738843,13.3620889783968,5.2680971060875));
#6002=CARTESIAN_POINT('Ctrl Pts',(9.61198452217044,14.0829654156448,5.34399640679253));
#6003=CARTESIAN_POINT('Ctrl Pts',(3.59945902032486,13.451023520758,5.34399640679253));
#6004=CARTESIAN_POINT('Ctrl Pts',(9.60267924687628,14.1714991961403,5.41547331552513));
#6005=CARTESIAN_POINT('Ctrl Pts',(3.5901537450307,13.5395573012534,5.41547331552513));
#6006=CARTESIAN_POINT('Ctrl Pts',(9.59347745981636,14.2590483518585,5.48224466515617));
#6007=CARTESIAN_POINT('Ctrl Pts',(3.58095195797079,13.6271064569717,5.48224466515617));
#6008=CARTESIAN_POINT('Ctrl Pts',(9.58622378281613,14.3280624784719,5.53178636672469));
#6009=CARTESIAN_POINT('Ctrl Pts',(3.57369828097056,13.696120583585,5.53178636672469));
#6010=CARTESIAN_POINT('Ctrl Pts',(9.58084856764975,14.3792042345848,5.5667465693973));
#6011=CARTESIAN_POINT('Ctrl Pts',(3.56832306580417,13.7472623396979,5.5667465693973));
#6012=CARTESIAN_POINT('Ctrl Pts',(9.57729399207498,14.4130237620832,5.58907799718132));
#6013=CARTESIAN_POINT('Ctrl Pts',(3.5647684902294,13.7810818671963,5.58907799718132));
#6014=CARTESIAN_POINT('Ctrl Pts',(9.57552392862785,14.4298647908263,5.59999987483025));
#6015=CARTESIAN_POINT('Ctrl Pts',(3.56299842678227,13.7979228959394,5.59999987483025));
#6016=CARTESIAN_POINT('',(9.83684513936583,11.9435595522464,0.599999986588955));
#6017=CARTESIAN_POINT('',(9.29419006204576,11.8865242053316,0.599999986588955));
#6018=CARTESIAN_POINT('Ctrl Pts',(9.03286885130778,14.3728294439115,5.59999987483025));
#6019=CARTESIAN_POINT('Ctrl Pts',(9.06187828697374,14.0968231003742,5.42100204990911));
#6020=CARTESIAN_POINT('Ctrl Pts',(9.12950528100613,13.7378283511244,5.12639130594687));
#6021=CARTESIAN_POINT('Ctrl Pts',(9.23375396573789,13.3314640895424,4.55019819895852));
#6022=CARTESIAN_POINT('Ctrl Pts',(9.26655445817826,13.2301219348841,4.27819604722518));
#6023=CARTESIAN_POINT('Ctrl Pts',(9.32591730516692,13.0454659870472,3.60693458915558));
#6024=CARTESIAN_POINT('Ctrl Pts',(9.31601331879669,13.0783917622744,3.33591540731763));
#6025=CARTESIAN_POINT('Ctrl Pts',(9.30624677536447,13.1075512686615,2.74088027888073));
#6026=CARTESIAN_POINT('Ctrl Pts',(9.30464748808114,13.1089821375408,2.43519447418469));
#6027=CARTESIAN_POINT('Ctrl Pts',(9.36753497117038,12.9309585524756,1.89824491771424));
#6028=CARTESIAN_POINT('Ctrl Pts',(9.40536135032499,12.8288956057804,1.72243700487523));
#6029=CARTESIAN_POINT('Ctrl Pts',(9.54523875073184,12.4882865684089,1.20874321116305));
#6030=CARTESIAN_POINT('Ctrl Pts',(9.66305685720453,12.2371349718648,0.863830386441601));
#6031=CARTESIAN_POINT('Ctrl Pts',(9.83684513936583,11.9435595522464,0.599999986588955));
#6032=CARTESIAN_POINT('Ctrl Pts',(9.29264181930659,14.6726337035573,5.1798159406848));
#6033=CARTESIAN_POINT('Ctrl Pts',(3.53467035282124,14.0674465158908,5.1798159406848));
#6034=CARTESIAN_POINT('Ctrl Pts',(9.31672405225861,14.4435065623803,5.03122058821766));
#6035=CARTESIAN_POINT('Ctrl Pts',(3.55875258577327,13.8383193747138,5.03122058821766));
#6036=CARTESIAN_POINT('Ctrl Pts',(9.34818144900357,14.1442094249676,4.78051068379307));
#6037=CARTESIAN_POINT('Ctrl Pts',(3.59020998251823,13.5390222373011,4.78051068379307));
#6038=CARTESIAN_POINT('Ctrl Pts',(9.36662062442852,13.9687723897394,4.55362632778307));
#6039=CARTESIAN_POINT('Ctrl Pts',(3.60864915794317,13.3635852020729,4.55362632778307));
#6040=CARTESIAN_POINT('Ctrl Pts',(9.378243488448,13.8581882254561,4.41061309875953));
#6041=CARTESIAN_POINT('Ctrl Pts',(3.62027202196266,13.2530010377896,4.41061309875953));
#6042=CARTESIAN_POINT('Ctrl Pts',(9.38747808237934,13.7703269332066,4.24189248653958));
#6043=CARTESIAN_POINT('Ctrl Pts',(3.629506615894,13.1651397455401,4.24189248653958));
#6044=CARTESIAN_POINT('Ctrl Pts',(9.39553335014477,13.69368617991,4.0127195461276));
#6045=CARTESIAN_POINT('Ctrl Pts',(3.63756188365943,13.0884989922435,4.0127195461276));
#6046=CARTESIAN_POINT('Ctrl Pts',(9.40281437427986,13.6244118626887,3.80557389202387));
#6047=CARTESIAN_POINT('Ctrl Pts',(3.64484290779452,13.0192246750222,3.80557389202387));
#6048=CARTESIAN_POINT('Ctrl Pts',(9.40646105293384,13.5897160329274,3.61665241232663));
#6049=CARTESIAN_POINT('Ctrl Pts',(3.64848958644849,12.9845288452609,3.61665241232663));
#6050=CARTESIAN_POINT('Ctrl Pts',(9.40647739966697,13.5895605041507,3.41788009833466));
#6051=CARTESIAN_POINT('Ctrl Pts',(3.64850593318162,12.9843733164842,3.41788009833466));
#6052=CARTESIAN_POINT('Ctrl Pts',(9.40649591746653,13.5893843190569,3.19270814269079));
#6053=CARTESIAN_POINT('Ctrl Pts',(3.64852445098118,12.9841971313903,3.19270814269079));
#6054=CARTESIAN_POINT('Ctrl Pts',(9.4007166514496,13.6443703622198,2.85086195602261));
#6055=CARTESIAN_POINT('Ctrl Pts',(3.64274518496426,13.0391831745532,2.85086195602261));
#6056=CARTESIAN_POINT('Ctrl Pts',(9.40614839839153,13.5926907421911,2.42584156743125));
#6057=CARTESIAN_POINT('Ctrl Pts',(3.64817693190619,12.9875035545246,2.42584156743125));
#6058=CARTESIAN_POINT('Ctrl Pts',(9.41124505497985,13.5441992939118,2.0270411470796));
#6059=CARTESIAN_POINT('Ctrl Pts',(3.65327358849451,12.9390121062453,2.0270411470796));
#6060=CARTESIAN_POINT('Ctrl Pts',(9.43116836607185,13.3546416510477,1.60656753670823));
#6061=CARTESIAN_POINT('Ctrl Pts',(3.67319689958651,12.7494544633812,1.60656753670823));
#6062=CARTESIAN_POINT('Ctrl Pts',(9.44998942413484,13.1755712452224,1.33562165953166));
#6063=CARTESIAN_POINT('Ctrl Pts',(3.6920179576495,12.5703840575558,1.33562165953166));
#6064=CARTESIAN_POINT('Ctrl Pts',(9.47245975300326,12.9617803469619,1.01214128210944));
#6065=CARTESIAN_POINT('Ctrl Pts',(3.71448828651792,12.3565931592954,1.01214128210944));
#6066=CARTESIAN_POINT('Ctrl Pts',(9.48459337462882,12.8463366486667,0.853754643475003));
#6067=CARTESIAN_POINT('Ctrl Pts',(3.72662190814348,12.2411494610002,0.853754643475003));
#6068=CARTESIAN_POINT('Ctrl Pts',(9.50495056465351,12.652650923508,0.627380037430277));
#6069=CARTESIAN_POINT('Ctrl Pts',(3.74697909816816,12.0474637358415,0.627380037430277));
#6070=CARTESIAN_POINT('Ctrl Pts',(9.50577007142942,12.6448538373692,0.618267015283088));
#6071=CARTESIAN_POINT('Ctrl Pts',(3.74779860494408,12.0396666497027,0.618267015283088));
#6072=CARTESIAN_POINT('Ctrl Pts',(9.50660030637203,12.6369546795426,0.609139505632993));
#6073=CARTESIAN_POINT('Ctrl Pts',(3.74862883988669,12.0317674918761,0.609139505632993));
#6074=CARTESIAN_POINT('Ctrl Pts',(9.50744147898714,12.6289514567136,0.599999986588932));
#6075=CARTESIAN_POINT('Ctrl Pts',(3.74947001250179,12.0237642690471,0.599999986588932));
#6076=CARTESIAN_POINT('',(9.2193404370273,12.5986708170192,0.599999986588955));
#6077=CARTESIAN_POINT('Origin',(15.0000002235174,15.0000002235174,0.6));
#6078=CARTESIAN_POINT('Origin',(15.0000002235174,15.0000002235174,0.6));
#6079=CARTESIAN_POINT('Ctrl Pts',(10.4976497408393,18.9659604012207,0.599999986588955));
#6080=CARTESIAN_POINT('Ctrl Pts',(8.03866472460424,24.4889311741642,0.599999986588955));
#6081=CARTESIAN_POINT('Ctrl Pts',(10.5166685713668,18.9744281301326,0.617710473229909));
#6082=CARTESIAN_POINT('Ctrl Pts',(8.05768355513166,24.497398903076,0.617710473229909));
#6083=CARTESIAN_POINT('Ctrl Pts',(10.5538962436048,18.9910029577002,0.652912164735697));
#6084=CARTESIAN_POINT('Ctrl Pts',(8.09491122736971,24.5139737306437,0.652912164735697));
#6085=CARTESIAN_POINT('Ctrl Pts',(10.6073077037958,19.0147832719014,0.705056824060976));
#6086=CARTESIAN_POINT('Ctrl Pts',(8.14832268756072,24.5377540448449,0.705056824060976));
#6087=CARTESIAN_POINT('Ctrl Pts',(10.6736596862528,19.0443250778184,0.773266504242879));
#6088=CARTESIAN_POINT('Ctrl Pts',(8.21467467001768,24.5672958507619,0.773266504242879));
#6089=CARTESIAN_POINT('Ctrl Pts',(10.7486744988292,19.0777238242005,0.856453824779287));
#6090=CARTESIAN_POINT('Ctrl Pts',(8.28968948259411,24.6006945971439,0.856453824779287));
#6091=CARTESIAN_POINT('Ctrl Pts',(10.8163581705174,19.107858536363,0.937940908416496));
#6092=CARTESIAN_POINT('Ctrl Pts',(8.35737315428228,24.6308293093065,0.937940908416496));
#6093=CARTESIAN_POINT('Ctrl Pts',(10.877906705662,19.1352617097481,1.01847652342077));
#6094=CARTESIAN_POINT('Ctrl Pts',(8.41892168942687,24.6582324826916,1.01847652342077));
#6095=CARTESIAN_POINT('Ctrl Pts',(10.9353950705167,19.1608571788529,1.09933846552028));
#6096=CARTESIAN_POINT('Ctrl Pts',(8.47641005428157,24.6838279517964,1.09933846552028));
#6097=CARTESIAN_POINT('Ctrl Pts',(10.9918026465743,19.1859714497825,1.18238771503242));
#6098=CARTESIAN_POINT('Ctrl Pts',(8.53281763033923,24.708942222726,1.18238771503242));
#6099=CARTESIAN_POINT('Ctrl Pts',(11.0501932670187,19.2119686289573,1.26976960704251));
#6100=CARTESIAN_POINT('Ctrl Pts',(8.59120825078359,24.7349394019008,1.26976960704251));
#6101=CARTESIAN_POINT('Ctrl Pts',(11.1129884748911,19.239926856802,1.36366710745315));
#6102=CARTESIAN_POINT('Ctrl Pts',(8.65400345865604,24.7628976297455,1.36366710745315));
#6103=CARTESIAN_POINT('Ctrl Pts',(11.1812921250258,19.2703376011532,1.46604484534583));
#6104=CARTESIAN_POINT('Ctrl Pts',(8.72230710879066,24.7933083740967,1.46604484534583));
#6105=CARTESIAN_POINT('Ctrl Pts',(11.2539665037699,19.3026943192571,1.57836890422417));
#6106=CARTESIAN_POINT('Ctrl Pts',(8.79498148753476,24.8256650922006,1.57836890422417));
#6107=CARTESIAN_POINT('Ctrl Pts',(11.3279437341341,19.3356311042749,1.70147722735442));
#6108=CARTESIAN_POINT('Ctrl Pts',(8.86895871789901,24.8586018772184,1.70147722735442));
#6109=CARTESIAN_POINT('Ctrl Pts',(11.3991599648881,19.3673386130661,1.83553354574532));
#6110=CARTESIAN_POINT('Ctrl Pts',(8.94017494865296,24.8903093860096,1.83553354574532));
#6111=CARTESIAN_POINT('Ctrl Pts',(11.4633056971153,19.3958981330938,1.97994488914286));
#6112=CARTESIAN_POINT('Ctrl Pts',(9.00432068088018,24.9188689060373,1.97994488914286));
#6113=CARTESIAN_POINT('Ctrl Pts',(11.5166164964025,19.4196336301732,2.13330793541122));
#6114=CARTESIAN_POINT('Ctrl Pts',(9.05763148016736,24.9426044031167,2.13330793541122));
#6115=CARTESIAN_POINT('Ctrl Pts',(11.556729799629,19.4374932234321,2.29330001841966));
#6116=CARTESIAN_POINT('Ctrl Pts',(9.09774478339387,24.9604639963756,2.29330001841966));
#6117=CARTESIAN_POINT('Ctrl Pts',(11.5832640249713,19.449307021697,2.45671415891778));
#6118=CARTESIAN_POINT('Ctrl Pts',(9.12427900873623,24.9722777946405,2.45671415891778));
#6119=CARTESIAN_POINT('Ctrl Pts',(11.5973095454256,19.4555604903033,2.62003808583167));
#6120=CARTESIAN_POINT('Ctrl Pts',(9.13832452919047,24.9785312632468,2.62003808583167));
#6121=CARTESIAN_POINT('Ctrl Pts',(11.6010997426183,19.4572479948165,2.7799306066825));
#6122=CARTESIAN_POINT('Ctrl Pts',(9.14211472638321,24.98021876776,2.7799306066825));
#6123=CARTESIAN_POINT('Ctrl Pts',(11.5976113402214,19.4556948580035,2.93377158488027));
#6124=CARTESIAN_POINT('Ctrl Pts',(9.13862632398627,24.9786656309469,2.93377158488027));
#6125=CARTESIAN_POINT('Ctrl Pts',(11.5902091536203,19.4523991921946,3.0801060597015));
#6126=CARTESIAN_POINT('Ctrl Pts',(9.13122413738516,24.9753699651381,3.0801060597015));
#6127=CARTESIAN_POINT('Ctrl Pts',(11.5822468662663,19.448854153464,3.21932734965603));
#6128=CARTESIAN_POINT('Ctrl Pts',(9.12326185003118,24.9718249264075,3.21932734965603));
#6129=CARTESIAN_POINT('Ctrl Pts',(11.5768016619581,19.4464297923086,3.35347485538326));
#6130=CARTESIAN_POINT('Ctrl Pts',(9.11781664572302,24.9694005652521,3.35347485538326));
#6131=CARTESIAN_POINT('Ctrl Pts',(11.5765223491767,19.4463054342462,3.48531339991001));
#6132=CARTESIAN_POINT('Ctrl Pts',(9.11753733294163,24.9692762071897,3.48531339991001));
#6133=CARTESIAN_POINT('Ctrl Pts',(11.5834316779734,19.4493816656227,3.6175852232914));
#6134=CARTESIAN_POINT('Ctrl Pts',(9.12444666173832,24.9723524385662,3.6175852232914));
#6135=CARTESIAN_POINT('Ctrl Pts',(11.598773134343,19.4562121220728,3.7522658236976));
#6136=CARTESIAN_POINT('Ctrl Pts',(9.13978811810786,24.9791828950163,3.7522658236976));
#6137=CARTESIAN_POINT('Ctrl Pts',(11.6227687044791,19.4668956382177,3.88963774588225));
#6138=CARTESIAN_POINT('Ctrl Pts',(9.16378368824399,24.9898664111612,3.88963774588225));
#6139=CARTESIAN_POINT('Ctrl Pts',(11.6546461709492,19.4810884007052,4.02806263649863));
#6140=CARTESIAN_POINT('Ctrl Pts',(9.19566115471414,25.0040591736487,4.02806263649863));
#6141=CARTESIAN_POINT('Ctrl Pts',(11.6930874323603,19.4982035529849,4.16489073573197));
#6142=CARTESIAN_POINT('Ctrl Pts',(9.23410241612517,25.0211743259283,4.16489073573197));
#6143=CARTESIAN_POINT('Ctrl Pts',(11.7365840094502,19.517569476818,4.29711297516311));
#6144=CARTESIAN_POINT('Ctrl Pts',(9.27759899321513,25.0405402497615,4.29711297516311));
#6145=CARTESIAN_POINT('Ctrl Pts',(11.7838129601766,19.5385971604585,4.42208782677675));
#6146=CARTESIAN_POINT('Ctrl Pts',(9.32482794394154,25.0615679334019,4.42208782677675));
#6147=CARTESIAN_POINT('Ctrl Pts',(11.8340410867366,19.5609601632123,4.53830110178224));
#6148=CARTESIAN_POINT('Ctrl Pts',(9.37505607050154,25.0839309361558,4.53830110178224));
#6149=CARTESIAN_POINT('Ctrl Pts',(11.8874087233591,19.5847209659037,4.64592429471535));
#6150=CARTESIAN_POINT('Ctrl Pts',(9.42842370712405,25.1076917388472,4.64592429471535));
#6151=CARTESIAN_POINT('Ctrl Pts',(11.9445282509229,19.6101522180664,4.74617099209259));
#6152=CARTESIAN_POINT('Ctrl Pts',(9.48554323468776,25.1331229910099,4.74617099209259));
#6153=CARTESIAN_POINT('Ctrl Pts',(12.0061559166204,19.6375906226435,4.8407897664682));
#6154=CARTESIAN_POINT('Ctrl Pts',(9.54717090038533,25.160561395587,4.8407897664682));
#6155=CARTESIAN_POINT('Ctrl Pts',(12.0728625114646,19.6672903121674,4.93154124059331));
#6156=CARTESIAN_POINT('Ctrl Pts',(9.61387749522951,25.1902610851109,4.93154124059331));
#6157=CARTESIAN_POINT('Ctrl Pts',(12.1446406872173,19.6992480149917,5.01960053992345));
#6158=CARTESIAN_POINT('Ctrl Pts',(9.68565567098223,25.2222187879351,5.01960053992345));
#6159=CARTESIAN_POINT('Ctrl Pts',(12.2207497343214,19.7331339459739,5.10526598347423));
#6160=CARTESIAN_POINT('Ctrl Pts',(9.76176471808628,25.2561047189174,5.10526598347423));
#6161=CARTESIAN_POINT('Ctrl Pts',(12.300037331029,19.7684350584173,5.18829255695645));
#6162=CARTESIAN_POINT('Ctrl Pts',(9.84105231479391,25.2914058313608,5.18829255695645));
#6163=CARTESIAN_POINT('Ctrl Pts',(12.381166604655,19.8045561382538,5.2680971060875));
#6164=CARTESIAN_POINT('Ctrl Pts',(9.92218158841986,25.3275269111973,5.2680971060875));
#6165=CARTESIAN_POINT('Ctrl Pts',(12.4628598761454,19.8409283261181,5.34399640679253));
#6166=CARTESIAN_POINT('Ctrl Pts',(10.0038748599103,25.3638990990615,5.34399640679253));
#6167=CARTESIAN_POINT('Ctrl Pts',(12.5441850167947,19.8771366115719,5.41547331552513));
#6168=CARTESIAN_POINT('Ctrl Pts',(10.0852000005596,25.4001073845153,5.41547331552513));
#6169=CARTESIAN_POINT('Ctrl Pts',(12.6246057032565,19.9129422080769,5.48224466515617));
#6170=CARTESIAN_POINT('Ctrl Pts',(10.1656206870214,25.4359129810203,5.48224466515617));
#6171=CARTESIAN_POINT('Ctrl Pts',(12.6880005286238,19.9411674028305,5.53178636672469));
#6172=CARTESIAN_POINT('Ctrl Pts',(10.2290155123887,25.464138175774,5.53178636672469));
#6173=CARTESIAN_POINT('Ctrl Pts',(12.7349781961949,19.9620832080021,5.5667465693973));
#6174=CARTESIAN_POINT('Ctrl Pts',(10.2759931799598,25.4850539809455,5.5667465693973));
#6175=CARTESIAN_POINT('Ctrl Pts',(12.7660440539399,19.9759146190038,5.58907799718132));
#6176=CARTESIAN_POINT('Ctrl Pts',(10.3070590377048,25.4988853919473,5.58907799718132));
#6177=CARTESIAN_POINT('Ctrl Pts',(12.7815138443808,19.9828022134639,5.59999987483025));
#6178=CARTESIAN_POINT('Ctrl Pts',(10.3225288281457,25.5057729864073,5.59999987483025));
#6179=CARTESIAN_POINT('',(10.4976497408393,18.9659604012207,0.599999986588955));
#6180=CARTESIAN_POINT('',(10.2757162615211,19.4644311571299,0.599999986588955));
#6181=CARTESIAN_POINT('Ctrl Pts',(12.5595803650626,20.481272969373,5.59999987483025));
#6182=CARTESIAN_POINT('Ctrl Pts',(12.3060471421248,20.3683927058424,5.42100204991205));
#6183=CARTESIAN_POINT('Ctrl Pts',(11.9855207369687,20.1931401340811,5.1263913059517));
#6184=CARTESIAN_POINT('Ctrl Pts',(11.6312599732192,19.9684202804126,4.55019819895483));
#6185=CARTESIAN_POINT('Ctrl Pts',(11.5450137662437,19.9059087103031,4.27819604721615));
#6186=CARTESIAN_POINT('Ctrl Pts',(11.3877396523387,19.7923894618575,3.60693458915479));
#6187=CARTESIAN_POINT('Ctrl Pts',(11.4159934253206,19.8119833367293,3.33591540731594));
#6188=CARTESIAN_POINT('Ctrl Pts',(11.4407077359859,19.830282654524,2.7408802788798));
#6189=CARTESIAN_POINT('Ctrl Pts',(11.4415743662073,19.832245829916,2.43519447418369));
#6190=CARTESIAN_POINT('Ctrl Pts',(11.2916971765853,19.7174239661463,1.89824491771409));
#6191=CARTESIAN_POINT('Ctrl Pts',(11.2063185400527,19.6499097567384,1.72243700487488));
#6192=CARTESIAN_POINT('Ctrl Pts',(10.9256045894068,19.4116244626141,1.20874321116354));
#6193=CARTESIAN_POINT('Ctrl Pts',(10.7231530240806,19.221962673219,0.863830386441831));
#6194=CARTESIAN_POINT('Ctrl Pts',(10.4976497408393,18.9659604012207,0.599999986588955));
#6195=CARTESIAN_POINT('Ctrl Pts',(12.9249854216027,20.326858806617,5.1798159406848));
#6196=CARTESIAN_POINT('Ctrl Pts',(10.5701071669241,25.6160019646925,5.1798159406848));
#6197=CARTESIAN_POINT('Ctrl Pts',(12.7145143801709,20.2331510615447,5.03122058821766));
#6198=CARTESIAN_POINT('Ctrl Pts',(10.3596361254923,25.5222942196202,5.03122058821766));
#6199=CARTESIAN_POINT('Ctrl Pts',(12.4395867575191,20.1107453975565,4.78051068379307));
#6200=CARTESIAN_POINT('Ctrl Pts',(10.0847085028405,25.399888555632,4.78051068379307));
#6201=CARTESIAN_POINT('Ctrl Pts',(12.2784342405343,20.0389956742852,4.55362632778307));
#6202=CARTESIAN_POINT('Ctrl Pts',(9.92355598585568,25.3281388323607,4.55362632778307));
#6203=CARTESIAN_POINT('Ctrl Pts',(12.176854112999,19.9937692876492,4.41061309875953));
#6204=CARTESIAN_POINT('Ctrl Pts',(9.82197585832037,25.2829124457247,4.41061309875953));
#6205=CARTESIAN_POINT('Ctrl Pts',(12.0961467049359,19.9578360344626,4.24189248653958));
#6206=CARTESIAN_POINT('Ctrl Pts',(9.7412684502573,25.2469791925381,4.24189248653958));
#6207=CARTESIAN_POINT('Ctrl Pts',(12.0257462317331,19.9264917243335,4.0127195461276));
#6208=CARTESIAN_POINT('Ctrl Pts',(9.67086797705452,25.215634882409,4.0127195461276));
#6209=CARTESIAN_POINT('Ctrl Pts',(11.9621124011221,19.8981601175894,3.80557389202387));
#6210=CARTESIAN_POINT('Ctrl Pts',(9.60723414644353,25.1873032756649,3.80557389202387));
#6211=CARTESIAN_POINT('Ctrl Pts',(11.9302415918165,19.8839703190625,3.61665241232663));
#6212=CARTESIAN_POINT('Ctrl Pts',(9.57536333713788,25.173113477138,3.61665241232663));
#6213=CARTESIAN_POINT('Ctrl Pts',(11.9300987265783,19.8839067113603,3.41788009833466));
#6214=CARTESIAN_POINT('Ctrl Pts',(9.5752204718997,25.1730498694358,3.41788009833466));
#6215=CARTESIAN_POINT('Ctrl Pts',(11.9299368869114,19.8838346556982,3.19270814269079));
#6216=CARTESIAN_POINT('Ctrl Pts',(9.57505863223285,25.1729778137737,3.19270814269079));
#6217=CARTESIAN_POINT('Ctrl Pts',(11.9804458301526,19.9063226860938,2.85086195602261));
#6218=CARTESIAN_POINT('Ctrl Pts',(9.62556757547398,25.1954658441693,2.85086195602261));
#6219=CARTESIAN_POINT('Ctrl Pts',(11.9329740928789,19.8851869069181,2.42584156743125));
#6220=CARTESIAN_POINT('Ctrl Pts',(9.57809583820029,25.1743300649936,2.42584156743125));
#6221=CARTESIAN_POINT('Ctrl Pts',(11.8884309385085,19.8653550168583,2.0270411470796));
#6222=CARTESIAN_POINT('Ctrl Pts',(9.53355268382994,25.1544981749338,2.0270411470796));
#6223=CARTESIAN_POINT('Ctrl Pts',(11.7143075487607,19.7878302889594,1.60656753670823));
#6224=CARTESIAN_POINT('Ctrl Pts',(9.35942929408213,25.0769734470349,1.60656753670823));
#6225=CARTESIAN_POINT('Ctrl Pts',(11.5498174992185,19.7145946004554,1.33562165953166));
#6226=CARTESIAN_POINT('Ctrl Pts',(9.19493924453988,25.0037377585309,1.33562165953166));
#6227=CARTESIAN_POINT('Ctrl Pts',(11.3534339857928,19.6271590269566,1.01214128210944));
#6228=CARTESIAN_POINT('Ctrl Pts',(8.99855573111424,24.9163021850321,1.01214128210944));
#6229=CARTESIAN_POINT('Ctrl Pts',(11.2473899995496,19.5799452023767,0.853754643475003));
#6230=CARTESIAN_POINT('Ctrl Pts',(8.89251174487099,24.8690883604522,0.853754643475003));
#6231=CARTESIAN_POINT('Ctrl Pts',(11.0694746461994,19.5007321835084,0.627380037430277));
#6232=CARTESIAN_POINT('Ctrl Pts',(8.71459639152082,24.7898753415839,0.627380037430277));
#6233=CARTESIAN_POINT('Ctrl Pts',(11.0623124181398,19.4975433541255,0.618267015283082));
#6234=CARTESIAN_POINT('Ctrl Pts',(8.70743416346117,24.786686512201,0.618267015283082));
#6235=CARTESIAN_POINT('Ctrl Pts',(11.0550564293221,19.4943127797636,0.609139505632981));
#6236=CARTESIAN_POINT('Ctrl Pts',(8.7001781746435,24.7834559378391,0.609139505632981));
#6237=CARTESIAN_POINT('Ctrl Pts',(11.0477048487324,19.4910396452027,0.599999986588913));
#6238=CARTESIAN_POINT('Ctrl Pts',(8.69282659405385,24.7801828032782,0.599999986588913));
#6239=CARTESIAN_POINT('',(12.5595803650622,20.4812729693728,4.98231089439848));
#6240=CARTESIAN_POINT('Ctrl Pts',(12.5595803650622,20.4812729693728,4.98231089439845));
#6241=CARTESIAN_POINT('Ctrl Pts',(12.6364940586718,20.5155171520609,5.05037341943023));
#6242=CARTESIAN_POINT('Ctrl Pts',(12.72131430417,20.5512697504867,5.11868088585555));
#6243=CARTESIAN_POINT('Ctrl Pts',(12.8096493882042,20.5859077789862,5.1798159406848));
#6244=CARTESIAN_POINT('',(11.0402404854813,19.5078048795587,0.599999986588955));
#6245=CARTESIAN_POINT('Ctrl Pts',(11.0402404854812,19.5078048795587,0.599999986588913));
#6246=CARTESIAN_POINT('Ctrl Pts',(11.1996593437516,19.6478420871642,0.830091567555324));
#6247=CARTESIAN_POINT('Ctrl Pts',(11.4499633378808,19.8404252512173,1.23998991293648));
#6248=CARTESIAN_POINT('Ctrl Pts',(11.7175847172706,20.024607278055,1.81679274361755));
#6249=CARTESIAN_POINT('Ctrl Pts',(11.8054370562964,20.0790139904281,2.09822285045529));
#6250=CARTESIAN_POINT('Ctrl Pts',(11.8713440515128,20.1198542958887,2.76513274903842));
#6251=CARTESIAN_POINT('Ctrl Pts',(11.8474573064053,20.1050554959419,3.0456636936613));
#6252=CARTESIAN_POINT('Ctrl Pts',(11.8312814939764,20.095026204098,3.44988572839301));
#6253=CARTESIAN_POINT('Ctrl Pts',(11.8277446834515,20.0945766336397,3.70591698444507));
#6254=CARTESIAN_POINT('Ctrl Pts',(11.9821705198218,20.1860184984741,4.19554995501529));
#6255=CARTESIAN_POINT('Ctrl Pts',(12.0279427459701,20.2125645625369,4.31137954078615));
#6256=CARTESIAN_POINT('Ctrl Pts',(12.1275419380009,20.2679785168835,4.49893233911595));
#6257=CARTESIAN_POINT('Ctrl Pts',(12.2104220940383,20.3162597577826,4.63738840809018));
#6258=CARTESIAN_POINT('Ctrl Pts',(12.4475413938665,20.4302587644516,4.87926957634624));
#6259=CARTESIAN_POINT('Ctrl Pts',(12.5012889815427,20.4553199733236,4.93072763836512));
#6260=CARTESIAN_POINT('Ctrl Pts',(12.5595803650622,20.4812729693728,4.98231089439845));
#6261=CARTESIAN_POINT('',(10.9298781309708,19.7556827862439,0.599999986588955));
#6262=CARTESIAN_POINT('Origin',(15.0000002235174,15.0000002235174,0.6));
#6263=CARTESIAN_POINT('Origin',(15.0000002235174,15.0000002235174,0.6));
#6264=CARTESIAN_POINT('Ctrl Pts',(12.4999997206032,20.4543560503249,0.599999986588955));
#6265=CARTESIAN_POINT('Ctrl Pts',(12.4999997206032,26.5000002235174,0.599999986588955));
#6266=CARTESIAN_POINT('Ctrl Pts',(12.5208184224733,20.4543560503249,0.617710473229909));
#6267=CARTESIAN_POINT('Ctrl Pts',(12.5208184224733,26.5000002235174,0.617710473229909));
#6268=CARTESIAN_POINT('Ctrl Pts',(12.5615691830694,20.4543560503249,0.652912164735697));
#6269=CARTESIAN_POINT('Ctrl Pts',(12.5615691830694,26.5000002235174,0.652912164735697));
#6270=CARTESIAN_POINT('Ctrl Pts',(12.6200353050825,20.4543560503249,0.705056824060976));
#6271=CARTESIAN_POINT('Ctrl Pts',(12.6200353050825,26.5000002235174,0.705056824060976));
#6272=CARTESIAN_POINT('Ctrl Pts',(12.6926665922306,20.4543560503249,0.773266504242879));
#6273=CARTESIAN_POINT('Ctrl Pts',(12.6926665922306,26.5000002235174,0.773266504242879));
#6274=CARTESIAN_POINT('Ctrl Pts',(12.7747805275021,20.4543560503249,0.856453824779287));
#6275=CARTESIAN_POINT('Ctrl Pts',(12.7747805275021,26.5000002235174,0.856453824779287));
#6276=CARTESIAN_POINT('Ctrl Pts',(12.8488695299945,20.4543560503249,0.937940908416496));
#6277=CARTESIAN_POINT('Ctrl Pts',(12.8488695299945,26.5000002235174,0.937940908416496));
#6278=CARTESIAN_POINT('Ctrl Pts',(12.9162427894527,20.4543560503249,1.01847652342077));
#6279=CARTESIAN_POINT('Ctrl Pts',(12.9162427894527,26.5000002235174,1.01847652342077));
#6280=CARTESIAN_POINT('Ctrl Pts',(12.9791716392146,20.4543560503249,1.09933846552028));
#6281=CARTESIAN_POINT('Ctrl Pts',(12.9791716392146,26.5000002235174,1.09933846552028));
#6282=CARTESIAN_POINT('Ctrl Pts',(13.0409174183499,20.4543560503249,1.18238771503242));
#6283=CARTESIAN_POINT('Ctrl Pts',(13.0409174183499,26.5000002235174,1.18238771503242));
#6284=CARTESIAN_POINT('Ctrl Pts',(13.1048339098128,20.4543560503249,1.26976960704251));
#6285=CARTESIAN_POINT('Ctrl Pts',(13.1048339098128,26.5000002235174,1.26976960704251));
#6286=CARTESIAN_POINT('Ctrl Pts',(13.1735718224663,20.4543560503249,1.36366710745315));
#6287=CARTESIAN_POINT('Ctrl Pts',(13.1735718224663,26.5000002235174,1.36366710745315));
#6288=CARTESIAN_POINT('Ctrl Pts',(13.2483394758581,20.4543560503249,1.46604484534583));
#6289=CARTESIAN_POINT('Ctrl Pts',(13.2483394758581,26.5000002235174,1.46604484534583));
#6290=CARTESIAN_POINT('Ctrl Pts',(13.3278914873492,20.4543560503249,1.57836890422417));
#6291=CARTESIAN_POINT('Ctrl Pts',(13.3278914873492,26.5000002235174,1.57836890422417));
#6292=CARTESIAN_POINT('Ctrl Pts',(13.4088696474893,20.4543560503249,1.70147722735442));
#6293=CARTESIAN_POINT('Ctrl Pts',(13.4088696474893,26.5000002235174,1.70147722735442));
#6294=CARTESIAN_POINT('Ctrl Pts',(13.4868255172911,20.4543560503249,1.83553354574532));
#6295=CARTESIAN_POINT('Ctrl Pts',(13.4868255172911,26.5000002235174,1.83553354574532));
#6296=CARTESIAN_POINT('Ctrl Pts',(13.5570417628983,20.4543560503249,1.97994488914286));
#6297=CARTESIAN_POINT('Ctrl Pts',(13.5570417628983,26.5000002235174,1.97994488914286));
#6298=CARTESIAN_POINT('Ctrl Pts',(13.6153976978342,20.4543560503249,2.13330793541122));
#6299=CARTESIAN_POINT('Ctrl Pts',(13.6153976978342,26.5000002235174,2.13330793541122));
#6300=CARTESIAN_POINT('Ctrl Pts',(13.6593071747967,20.4543560503249,2.29330001841966));
#6301=CARTESIAN_POINT('Ctrl Pts',(13.6593071747967,26.5000002235174,2.29330001841966));
#6302=CARTESIAN_POINT('Ctrl Pts',(13.6883525004785,20.4543560503249,2.45671415891778));
#6303=CARTESIAN_POINT('Ctrl Pts',(13.6883525004785,26.5000002235174,2.45671415891778));
#6304=CARTESIAN_POINT('Ctrl Pts',(13.7037272367182,20.4543560503249,2.62003808583167));
#6305=CARTESIAN_POINT('Ctrl Pts',(13.7037272367182,26.5000002235174,2.62003808583167));
#6306=CARTESIAN_POINT('Ctrl Pts',(13.7078761240681,20.4543560503249,2.7799306066825));
#6307=CARTESIAN_POINT('Ctrl Pts',(13.7078761240681,26.5000002235174,2.7799306066825));
#6308=CARTESIAN_POINT('Ctrl Pts',(13.7040575922503,20.4543560503249,2.93377158488027));
#6309=CARTESIAN_POINT('Ctrl Pts',(13.7040575922503,26.5000002235174,2.93377158488027));
#6310=CARTESIAN_POINT('Ctrl Pts',(13.6959548902565,20.4543560503249,3.0801060597015));
#6311=CARTESIAN_POINT('Ctrl Pts',(13.6959548902565,26.5000002235174,3.0801060597015));
#6312=CARTESIAN_POINT('Ctrl Pts',(13.6872390816589,20.4543560503249,3.21932734965603));
#6313=CARTESIAN_POINT('Ctrl Pts',(13.6872390816589,26.5000002235174,3.21932734965603));
#6314=CARTESIAN_POINT('Ctrl Pts',(13.6812785634793,20.4543560503249,3.35347485538326));
#6315=CARTESIAN_POINT('Ctrl Pts',(13.6812785634793,26.5000002235174,3.35347485538326));
#6316=CARTESIAN_POINT('Ctrl Pts',(13.6809728175758,20.4543560503249,3.48531339991001));
#6317=CARTESIAN_POINT('Ctrl Pts',(13.6809728175758,26.5000002235174,3.48531339991001));
#6318=CARTESIAN_POINT('Ctrl Pts',(13.6885360195368,20.4543560503249,3.6175852232914));
#6319=CARTESIAN_POINT('Ctrl Pts',(13.6885360195368,26.5000002235174,3.6175852232914));
#6320=CARTESIAN_POINT('Ctrl Pts',(13.705329334244,20.4543560503249,3.7522658236976));
#6321=CARTESIAN_POINT('Ctrl Pts',(13.705329334244,26.5000002235174,3.7522658236976));
#6322=CARTESIAN_POINT('Ctrl Pts',(13.7315957558384,20.4543560503249,3.88963774588225));
#6323=CARTESIAN_POINT('Ctrl Pts',(13.7315957558384,26.5000002235174,3.88963774588225));
#6324=CARTESIAN_POINT('Ctrl Pts',(13.7664899871035,20.4543560503249,4.02806263649863));
#6325=CARTESIAN_POINT('Ctrl Pts',(13.7664899871035,26.5000002235174,4.02806263649863));
#6326=CARTESIAN_POINT('Ctrl Pts',(13.8085691864356,20.4543560503249,4.16489073573197));
#6327=CARTESIAN_POINT('Ctrl Pts',(13.8085691864356,26.5000002235174,4.16489073573197));
#6328=CARTESIAN_POINT('Ctrl Pts',(13.8561821177091,20.4543560503249,4.29711297516311));
#6329=CARTESIAN_POINT('Ctrl Pts',(13.8561821177091,26.5000002235174,4.29711297516311));
#6330=CARTESIAN_POINT('Ctrl Pts',(13.90788064057,20.4543560503249,4.42208782677675));
#6331=CARTESIAN_POINT('Ctrl Pts',(13.90788064057,26.5000002235174,4.42208782677675));
#6332=CARTESIAN_POINT('Ctrl Pts',(13.9628621701039,20.4543560503249,4.53830110178224));
#6333=CARTESIAN_POINT('Ctrl Pts',(13.9628621701039,26.5000002235174,4.53830110178224));
#6334=CARTESIAN_POINT('Ctrl Pts',(14.0212803212491,20.4543560503249,4.64592429471535));
#6335=CARTESIAN_POINT('Ctrl Pts',(14.0212803212491,26.5000002235174,4.64592429471535));
#6336=CARTESIAN_POINT('Ctrl Pts',(14.0838054283314,20.4543560503249,4.74617099209259));
#6337=CARTESIAN_POINT('Ctrl Pts',(14.0838054283314,26.5000002235174,4.74617099209259));
#6338=CARTESIAN_POINT('Ctrl Pts',(14.1512653069636,20.4543560503249,4.8407897664682));
#6339=CARTESIAN_POINT('Ctrl Pts',(14.1512653069636,26.5000002235174,4.8407897664682));
#6340=CARTESIAN_POINT('Ctrl Pts',(14.2242847656957,20.4543560503249,4.93154124059331));
#6341=CARTESIAN_POINT('Ctrl Pts',(14.2242847656957,26.5000002235174,4.93154124059331));
#6342=CARTESIAN_POINT('Ctrl Pts',(14.3028557608796,20.4543560503249,5.01960053992345));
#6343=CARTESIAN_POINT('Ctrl Pts',(14.3028557608796,26.5000002235174,5.01960053992345));
#6344=CARTESIAN_POINT('Ctrl Pts',(14.3861674849622,20.4543560503249,5.10526598347423));
#6345=CARTESIAN_POINT('Ctrl Pts',(14.3861674849622,26.5000002235174,5.10526598347423));
#6346=CARTESIAN_POINT('Ctrl Pts',(14.4729585647539,20.4543560503249,5.18829255695645));
#6347=CARTESIAN_POINT('Ctrl Pts',(14.4729585647539,26.5000002235174,5.18829255695645));
#6348=CARTESIAN_POINT('Ctrl Pts',(14.5617656109137,20.4543560503249,5.2680971060875));
#6349=CARTESIAN_POINT('Ctrl Pts',(14.5617656109137,26.5000002235174,5.2680971060875));
#6350=CARTESIAN_POINT('Ctrl Pts',(14.6511900295971,20.4543560503249,5.34399640679253));
#6351=CARTESIAN_POINT('Ctrl Pts',(14.6511900295971,26.5000002235174,5.34399640679253));
#6352=CARTESIAN_POINT('Ctrl Pts',(14.7402114789063,20.4543560503249,5.41547331552513));
#6353=CARTESIAN_POINT('Ctrl Pts',(14.7402114789063,26.5000002235174,5.41547331552513));
#6354=CARTESIAN_POINT('Ctrl Pts',(14.8282428798498,20.4543560503249,5.48224466515617));
#6355=CARTESIAN_POINT('Ctrl Pts',(14.8282428798498,26.5000002235174,5.48224466515617));
#6356=CARTESIAN_POINT('Ctrl Pts',(14.8976371555664,20.4543560503249,5.53178636672469));
#6357=CARTESIAN_POINT('Ctrl Pts',(14.8976371555664,26.5000002235174,5.53178636672469));
#6358=CARTESIAN_POINT('Ctrl Pts',(14.9490606147693,20.4543560503249,5.5667465693973));
#6359=CARTESIAN_POINT('Ctrl Pts',(14.9490606147693,26.5000002235174,5.5667465693973));
#6360=CARTESIAN_POINT('Ctrl Pts',(14.9830664296799,20.4543560503249,5.58907799718132));
#6361=CARTESIAN_POINT('Ctrl Pts',(14.9830664296799,26.5000002235174,5.58907799718132));
#6362=CARTESIAN_POINT('Ctrl Pts',(15.0000002235174,20.4543560503249,5.59999987483025));
#6363=CARTESIAN_POINT('Ctrl Pts',(15.0000002235174,26.5000002235174,5.59999987483025));
#6364=CARTESIAN_POINT('',(12.4999997206032,20.4543560503249,0.599999986588955));
#6365=CARTESIAN_POINT('',(12.4999997206032,21.0000002235174,0.599999986588955));
#6366=CARTESIAN_POINT('Ctrl Pts',(15.0000002235174,21.0000002235174,5.59999987483025));
#6367=CARTESIAN_POINT('Ctrl Pts',(14.722473559878,21.0000002235174,5.4210020499087));
#6368=CARTESIAN_POINT('Ctrl Pts',(14.3583764756645,20.9702688666944,5.12639130594557));
#6369=CARTESIAN_POINT('Ctrl Pts',(13.9433413652151,20.9090678989555,4.55019819895869));
#6370=CARTESIAN_POINT('Ctrl Pts',(13.8391257884147,20.8870402307355,4.27819604722701));
#6371=CARTESIAN_POINT('Ctrl Pts',(13.6492762980076,20.847304382094,3.60693458915096));
#6372=CARTESIAN_POINT('Ctrl Pts',(13.6830569508707,20.8537124327047,3.33591540731191));
#6373=CARTESIAN_POINT('Ctrl Pts',(13.7130776002067,20.8603774755977,2.74088027887875));
#6374=CARTESIAN_POINT('Ctrl Pts',(13.7146678016775,20.8618184352926,2.43519447418172));
#6375=CARTESIAN_POINT('Ctrl Pts',(13.5310459164726,20.8178839881881,1.89824491771207));
#6376=CARTESIAN_POINT('Ctrl Pts',(13.4255881479929,20.7909333088704,1.72243700487265));
#6377=CARTESIAN_POINT('Ctrl Pts',(13.0722238328614,20.6874255107519,1.20874321116636));
#6378=CARTESIAN_POINT('Ctrl Pts',(12.8101327254255,20.5965053146276,0.863830386442986));
#6379=CARTESIAN_POINT('Ctrl Pts',(12.4999997206032,20.4543560503249,0.599999986588955));
#6380=CARTESIAN_POINT('Ctrl Pts',(15.2710084549165,20.7103122404759,5.17981594068479));
#6381=CARTESIAN_POINT('Ctrl Pts',(15.2710084549165,26.5000002235174,5.17981594068479));
#6382=CARTESIAN_POINT('Ctrl Pts',(15.0406192173902,20.7103122404759,5.03122058821766));
#6383=CARTESIAN_POINT('Ctrl Pts',(15.0406192173902,26.5000002235174,5.03122058821766));
#6384=CARTESIAN_POINT('Ctrl Pts',(14.7396734676722,20.7103122404759,4.78051068379307));
#6385=CARTESIAN_POINT('Ctrl Pts',(14.7396734676722,26.5000002235174,4.78051068379307));
#6386=CARTESIAN_POINT('Ctrl Pts',(14.5632700762081,20.7103122404759,4.55362632778307));
#6387=CARTESIAN_POINT('Ctrl Pts',(14.5632700762081,26.5000002235174,4.55362632778307));
#6388=CARTESIAN_POINT('Ctrl Pts',(14.4520767834327,20.7103122404759,4.41061309875953));
#6389=CARTESIAN_POINT('Ctrl Pts',(14.4520767834327,26.5000002235174,4.41061309875953));
#6390=CARTESIAN_POINT('Ctrl Pts',(14.3637315266226,20.7103122404759,4.24189248653958));
#6391=CARTESIAN_POINT('Ctrl Pts',(14.3637315266226,26.5000002235174,4.24189248653958));
#6392=CARTESIAN_POINT('Ctrl Pts',(14.2866686146309,20.7103122404759,4.0127195461276));
#6393=CARTESIAN_POINT('Ctrl Pts',(14.2866686146309,26.5000002235174,4.0127195461276));
#6394=CARTESIAN_POINT('Ctrl Pts',(14.2170127151038,20.7103122404759,3.80557389202387));
#6395=CARTESIAN_POINT('Ctrl Pts',(14.2170127151038,26.5000002235174,3.80557389202387));
#6396=CARTESIAN_POINT('Ctrl Pts',(14.1821257710125,20.7103122404759,3.61665241232663));
#6397=CARTESIAN_POINT('Ctrl Pts',(14.1821257710125,26.5000002235174,3.61665241232663));
#6398=CARTESIAN_POINT('Ctrl Pts',(14.1819693855398,20.7103122404759,3.41788009833466));
#6399=CARTESIAN_POINT('Ctrl Pts',(14.1819693855398,26.5000002235174,3.41788009833466));
#6400=CARTESIAN_POINT('Ctrl Pts',(14.1817922299692,20.7103122404759,3.19270814269079));
#6401=CARTESIAN_POINT('Ctrl Pts',(14.1817922299692,26.5000002235174,3.19270814269079));
#6402=CARTESIAN_POINT('Ctrl Pts',(14.2370811516299,20.7103122404759,2.85086195602261));
#6403=CARTESIAN_POINT('Ctrl Pts',(14.2370811516299,26.5000002235174,2.85086195602261));
#6404=CARTESIAN_POINT('Ctrl Pts',(14.1851168658064,20.7103122404759,2.42584156743125));
#6405=CARTESIAN_POINT('Ctrl Pts',(14.1851168658064,26.5000002235174,2.42584156743125));
#6406=CARTESIAN_POINT('Ctrl Pts',(14.1363583130736,20.7103122404759,2.0270411470796));
#6407=CARTESIAN_POINT('Ctrl Pts',(14.1363583130736,26.5000002235174,2.0270411470796));
#6408=CARTESIAN_POINT('Ctrl Pts',(13.9457565337191,20.7103122404759,1.60656753670823));
#6409=CARTESIAN_POINT('Ctrl Pts',(13.9457565337191,26.5000002235174,1.60656753670823));
#6410=CARTESIAN_POINT('Ctrl Pts',(13.7656997580369,20.7103122404759,1.33562165953166));
#6411=CARTESIAN_POINT('Ctrl Pts',(13.7656997580369,26.5000002235174,1.33562165953166));
#6412=CARTESIAN_POINT('Ctrl Pts',(13.5507312397408,20.7103122404759,1.01214128210944));
#6413=CARTESIAN_POINT('Ctrl Pts',(13.5507312397408,26.5000002235174,1.01214128210944));
#6414=CARTESIAN_POINT('Ctrl Pts',(13.4346516452815,20.7103122404759,0.853754643475003));
#6415=CARTESIAN_POINT('Ctrl Pts',(13.4346516452815,26.5000002235174,0.853754643475003));
#6416=CARTESIAN_POINT('Ctrl Pts',(13.2398990450012,20.7103122404759,0.627380037430277));
#6417=CARTESIAN_POINT('Ctrl Pts',(13.2398990450012,26.5000002235174,0.627380037430277));
#6418=CARTESIAN_POINT('Ctrl Pts',(13.2320590103322,20.7103122404759,0.618267015283098));
#6419=CARTESIAN_POINT('Ctrl Pts',(13.2320590103322,26.5000002235174,0.618267015283098));
#6420=CARTESIAN_POINT('Ctrl Pts',(13.2241163417359,20.7103122404759,0.609139505633012));
#6421=CARTESIAN_POINT('Ctrl Pts',(13.2241163417359,26.5000002235174,0.609139505633012));
#6422=CARTESIAN_POINT('Ctrl Pts',(13.2160690349181,20.7103122404759,0.599999986588959));
#6423=CARTESIAN_POINT('Ctrl Pts',(13.2160690349181,26.5000002235174,0.599999986588959));
#6424=CARTESIAN_POINT('',(13.2160690349181,21.0000002235174,0.599999986588955));
#6425=CARTESIAN_POINT('Origin',(15.0000002235174,15.0000002235174,0.6));
#6426=CARTESIAN_POINT('Origin',(15.0000002235174,15.0000002235174,0.6));
#6427=CARTESIAN_POINT('Origin',(15.0000002235174,15.0000002235174,0.6));
#6428=CARTESIAN_POINT('',(0.,0.,0.));
#6429=CARTESIAN_POINT('Origin',(15.0000002235174,15.0000002235174,7.2));
#6430=CARTESIAN_POINT('',(25.0000002235174,15.0000002235174,7.2));
#6431=CARTESIAN_POINT('Origin',(15.0000002235174,15.0000002235174,7.2));
#6432=CARTESIAN_POINT('',(25.0000002235174,15.0000002235174,6.6));
#6433=CARTESIAN_POINT('',(25.0000002235174,15.0000002235174,7.2));
#6434=CARTESIAN_POINT('Origin',(15.0000002235174,15.0000002235174,6.6));
#6435=CARTESIAN_POINT('Origin',(2.1,30.,0.6));
#6436=CARTESIAN_POINT('',(2.1,30.,0.6));
#6437=CARTESIAN_POINT('',(27.9,30.,0.600000000000001));
#6438=CARTESIAN_POINT('',(8.55,30.,0.6));
#6439=CARTESIAN_POINT('',(2.1,2.,0.600000000000001));
#6440=CARTESIAN_POINT('',(2.1,30.,0.6));
#6441=CARTESIAN_POINT('',(27.9,2.,0.600000000000001));
#6442=CARTESIAN_POINT('',(27.9,2.,0.6));
#6443=CARTESIAN_POINT('',(27.9,30.,0.600000000000001));
#6444=CARTESIAN_POINT('Origin',(2.1,30.,6.6));
#6445=CARTESIAN_POINT('',(2.1,30.,6.6));
#6446=CARTESIAN_POINT('',(2.1,30.,5.1));
#6447=CARTESIAN_POINT('',(2.1,2.,6.6));
#6448=CARTESIAN_POINT('',(2.1,30.,6.6));
#6449=CARTESIAN_POINT('',(2.1,2.,0.6));
#6450=CARTESIAN_POINT('Origin',(27.9,30.,6.6));
#6451=CARTESIAN_POINT('',(27.9,30.,6.6));
#6452=CARTESIAN_POINT('',(21.45,30.,6.6));
#6453=CARTESIAN_POINT('',(27.9,2.,6.6));
#6454=CARTESIAN_POINT('',(27.9,30.,6.6));
#6455=CARTESIAN_POINT('',(2.1,2.,6.6));
#6456=CARTESIAN_POINT('Origin',(27.9,30.,0.600000000000001));
#6457=CARTESIAN_POINT('',(27.9,30.,2.1));
#6458=CARTESIAN_POINT('',(27.9,2.,6.6));
#6459=CARTESIAN_POINT('Origin',(15.,2.,3.6));
#6460=CARTESIAN_POINT('Origin',(1.5,28.5,3.6));
#6461=CARTESIAN_POINT('',(1.5,30.,0.));
#6462=CARTESIAN_POINT('',(0.,28.5,0.));
#6463=CARTESIAN_POINT('Origin',(1.5,28.5,0.));
#6464=CARTESIAN_POINT('',(0.,28.5,7.2));
#6465=CARTESIAN_POINT('',(0.,28.5,3.6));
#6466=CARTESIAN_POINT('',(1.5,30.,7.2));
#6467=CARTESIAN_POINT('Origin',(1.5,28.5,7.2));
#6468=CARTESIAN_POINT('',(1.5,30.,3.6));
#6469=CARTESIAN_POINT('Origin',(0.,15.,3.6));
#6470=CARTESIAN_POINT('',(0.,1.5,0.));
#6471=CARTESIAN_POINT('',(0.,15.,0.));
#6472=CARTESIAN_POINT('',(0.,1.5,7.2));
#6473=CARTESIAN_POINT('',(0.,1.5,3.6));
#6474=CARTESIAN_POINT('',(0.,15.,7.2));
#6475=CARTESIAN_POINT('Origin',(15.,15.,0.));
#6476=CARTESIAN_POINT('',(28.5,30.,0.));
#6477=CARTESIAN_POINT('',(15.,30.,0.));
#6478=CARTESIAN_POINT('',(30.,28.5,0.));
#6479=CARTESIAN_POINT('Origin',(28.5,28.5,0.));
#6480=CARTESIAN_POINT('',(30.,1.5,0.));
#6481=CARTESIAN_POINT('',(30.,15.,0.));
#6482=CARTESIAN_POINT('',(28.5,0.,0.));
#6483=CARTESIAN_POINT('Origin',(28.5,1.5,0.));
#6484=CARTESIAN_POINT('',(1.5,0.,0.));
#6485=CARTESIAN_POINT('',(15.,0.,0.));
#6486=CARTESIAN_POINT('Origin',(1.5,1.5,0.));
#6487=CARTESIAN_POINT('Origin',(28.5,28.5,3.6));
#6488=CARTESIAN_POINT('',(28.5,30.,7.2));
#6489=CARTESIAN_POINT('',(28.5,30.,3.6));
#6490=CARTESIAN_POINT('',(30.,28.5,7.2));
#6491=CARTESIAN_POINT('Origin',(28.5,28.5,7.2));
#6492=CARTESIAN_POINT('',(30.,28.5,3.6));
#6493=CARTESIAN_POINT('Origin',(30.,15.,3.6));
#6494=CARTESIAN_POINT('',(30.,1.5,7.2));
#6495=CARTESIAN_POINT('',(30.,15.,7.2));
#6496=CARTESIAN_POINT('',(30.,1.5,3.6));
#6497=CARTESIAN_POINT('Origin',(15.,15.,7.2));
#6498=CARTESIAN_POINT('',(1.5,0.,7.2));
#6499=CARTESIAN_POINT('Origin',(1.5,1.5,7.2));
#6500=CARTESIAN_POINT('',(28.5,0.,7.2));
#6501=CARTESIAN_POINT('',(15.,0.,7.2));
#6502=CARTESIAN_POINT('Origin',(28.5,1.5,7.2));
#6503=CARTESIAN_POINT('',(15.,30.,7.2));
#6504=CARTESIAN_POINT('Origin',(28.5,1.5,3.6));
#6505=CARTESIAN_POINT('',(28.5,0.,3.6));
#6506=CARTESIAN_POINT('Origin',(15.,0.,3.6));
#6507=CARTESIAN_POINT('',(1.5,0.,3.6));
#6508=CARTESIAN_POINT('Origin',(1.5,1.5,3.6));
#6509=CARTESIAN_POINT('Origin',(15.,30.,3.6));
#6510=CARTESIAN_POINT('',(-3.02744502705813,27.1808425088382,-5.55111512312578E-16));
#6511=CARTESIAN_POINT('',(0.,0.,0.));
#6512=UNCERTAINTY_MEASURE_WITH_UNIT(LENGTH_MEASURE(0.01),#6520,
'DISTANCE_ACCURACY_VALUE',
'Maximum model space distance between geometric entities at asserted c
onnectivities');
#6513=UNCERTAINTY_MEASURE_WITH_UNIT(LENGTH_MEASURE(0.01),#6520,
'DISTANCE_ACCURACY_VALUE',
'Maximum model space distance between geometric entities at asserted c
onnectivities');
#6514=UNCERTAINTY_MEASURE_WITH_UNIT(LENGTH_MEASURE(0.01),#6520,
'DISTANCE_ACCURACY_VALUE',
'Maximum model space distance between geometric entities at asserted c
onnectivities');
#6515=UNCERTAINTY_MEASURE_WITH_UNIT(LENGTH_MEASURE(0.01),#6520,
'DISTANCE_ACCURACY_VALUE',
'Maximum model space distance between geometric entities at asserted c
onnectivities');
#6516=(
GEOMETRIC_REPRESENTATION_CONTEXT(3)
GLOBAL_UNCERTAINTY_ASSIGNED_CONTEXT((#6512))
GLOBAL_UNIT_ASSIGNED_CONTEXT((#6520,#6522,#6523))
REPRESENTATION_CONTEXT('','3D')
);
#6517=(
GEOMETRIC_REPRESENTATION_CONTEXT(3)
GLOBAL_UNCERTAINTY_ASSIGNED_CONTEXT((#6513))
GLOBAL_UNIT_ASSIGNED_CONTEXT((#6520,#6522,#6523))
REPRESENTATION_CONTEXT('','3D')
);
#6518=(
GEOMETRIC_REPRESENTATION_CONTEXT(3)
GLOBAL_UNCERTAINTY_ASSIGNED_CONTEXT((#6514))
GLOBAL_UNIT_ASSIGNED_CONTEXT((#6520,#6522,#6523))
REPRESENTATION_CONTEXT('','3D')
);
#6519=(
GEOMETRIC_REPRESENTATION_CONTEXT(3)
GLOBAL_UNCERTAINTY_ASSIGNED_CONTEXT((#6515))
GLOBAL_UNIT_ASSIGNED_CONTEXT((#6520,#6522,#6523))
REPRESENTATION_CONTEXT('','3D')
);
#6520=(
LENGTH_UNIT()
NAMED_UNIT(*)
SI_UNIT(.MILLI.,.METRE.)
);
#6521=(
LENGTH_UNIT()
NAMED_UNIT(*)
SI_UNIT($,.METRE.)
);
#6522=(
NAMED_UNIT(*)
PLANE_ANGLE_UNIT()
SI_UNIT($,.RADIAN.)
);
#6523=(
NAMED_UNIT(*)
SI_UNIT($,.STERADIAN.)
SOLID_ANGLE_UNIT()
);
#6524=SHAPE_DEFINITION_REPRESENTATION(#6527,#6532);
#6525=SHAPE_DEFINITION_REPRESENTATION(#6528,#6533);
#6526=SHAPE_DEFINITION_REPRESENTATION(#6529,#6534);
#6527=PRODUCT_DEFINITION_SHAPE('',$,#6536);
#6528=PRODUCT_DEFINITION_SHAPE('',$,#6537);
#6529=PRODUCT_DEFINITION_SHAPE('',$,#6538);
#6530=PRODUCT_DEFINITION_SHAPE($,$,#17);
#6531=PRODUCT_DEFINITION_SHAPE($,$,#18);
#6532=SHAPE_REPRESENTATION('',(#1841,#1962,#1963),#6516);
#6533=SHAPE_REPRESENTATION('',(#1842),#6517);
#6534=SHAPE_REPRESENTATION('',(#1935),#6518);
#6535=PRODUCT_DEFINITION_CONTEXT('part definition',#6546,'design');
#6536=PRODUCT_DEFINITION('3007\X2\6DA18F6E98CE6247\X0\',
'3007\X2\6DA18F6E98CE6247\X0\ v7',#6539,#6535);
#6537=PRODUCT_DEFINITION('\X2\624753F6\X0\','\X2\624753F6\X0\',#6540,#6535);
#6538=PRODUCT_DEFINITION('\X2\6DA18F6E98CE6247591658F3\X0\',
'\X2\6DA18F6E98CE6247591658F3\X0\',#6541,#6535);
#6539=PRODUCT_DEFINITION_FORMATION('',$,#6548);
#6540=PRODUCT_DEFINITION_FORMATION('',$,#6549);
#6541=PRODUCT_DEFINITION_FORMATION('',$,#6550);
#6542=PRODUCT_RELATED_PRODUCT_CATEGORY('3007\X2\6DA18F6E98CE6247\X0\ v
7','3007\X2\6DA18F6E98CE6247\X0\ v7',(#6548));
#6543=PRODUCT_RELATED_PRODUCT_CATEGORY('\X2\624753F6\X0\','\X2\624753F6\X0\',
(#6549));
#6544=PRODUCT_RELATED_PRODUCT_CATEGORY('\X2\6DA18F6E98CE6247591658F3\X0\',
'\X2\6DA18F6E98CE6247591658F3\X0\',(#6550));
#6545=APPLICATION_PROTOCOL_DEFINITION('international standard',
'automotive_design',2009,#6546);
#6546=APPLICATION_CONTEXT(
'Core Data for Automotive Mechanical Design Process');
#6547=PRODUCT_CONTEXT('part definition',#6546,'mechanical');
#6548=PRODUCT('3007\X2\6DA18F6E98CE6247\X0\','3007\X2\6DA18F6E98CE6247\X0\ 
v7',$,(#6547));
#6549=PRODUCT('\X2\624753F6\X0\','\X2\624753F6\X0\',$,(#6547));
#6550=PRODUCT('\X2\6DA18F6E98CE6247591658F3\X0\','\X2\6DA18F6E98CE6247591658F3\X0\',
$,(#6547));
#6551=PRESENTATION_STYLE_ASSIGNMENT((#6554));
#6552=PRESENTATION_STYLE_ASSIGNMENT((#6555));
#6553=PRESENTATION_STYLE_ASSIGNMENT((#6556));
#6554=SURFACE_STYLE_USAGE(.BOTH.,#6557);
#6555=SURFACE_STYLE_USAGE(.BOTH.,#6558);
#6556=SURFACE_STYLE_USAGE(.BOTH.,#6559);
#6557=SURFACE_SIDE_STYLE('',(#6560));
#6558=SURFACE_SIDE_STYLE('',(#6561));
#6559=SURFACE_SIDE_STYLE('',(#6562));
#6560=SURFACE_STYLE_FILL_AREA(#6563);
#6561=SURFACE_STYLE_FILL_AREA(#6564);
#6562=SURFACE_STYLE_FILL_AREA(#6565);
#6563=FILL_AREA_STYLE('\X2\94A2\X0\ - \X2\7F0E5149\X0\',(#6566));
#6564=FILL_AREA_STYLE(
'EPX 150 - \X2\7A7A6C1470D87119\X0\(\X2\5E266709\X0\ Carbon M2 M3 L1 3
D \X2\62535370673A\X0\)',(#6567));
#6565=FILL_AREA_STYLE('\X2\4E0D950894A2\X0\ - \X2\629B5149\X0\',(#6568));
#6566=FILL_AREA_STYLE_COLOUR('\X2\94A2\X0\ - \X2\7F0E5149\X0\',#6569);
#6567=FILL_AREA_STYLE_COLOUR(
'EPX 150 - \X2\7A7A6C1470D87119\X0\(\X2\5E266709\X0\ Carbon M2 M3 L1 3
D \X2\62535370673A\X0\)',#6570);
#6568=FILL_AREA_STYLE_COLOUR('\X2\4E0D950894A2\X0\ - \X2\629B5149\X0\',
#6571);
#6569=COLOUR_RGB('\X2\94A2\X0\ - \X2\7F0E5149\X0\',0.627450980392157,0.627450980392157,
0.627450980392157);
#6570=COLOUR_RGB(
'EPX 150 - \X2\7A7A6C1470D87119\X0\(\X2\5E266709\X0\ Carbon M2 M3 L1 3
D \X2\62535370673A\X0\)',0.247058823529412,0.247058823529412,0.247058823529412);
#6571=COLOUR_RGB('\X2\4E0D950894A2\X0\ - \X2\629B5149\X0\',0.796078431372549,
0.796078431372549,0.796078431372549);
ENDSEC;
END-ISO-10303-21;
